audit_image_index,audit_annotation_index,canonical_image_id,run,pattern,image_relative_path,annotation_relative_path,image_sha256,annotation_sha256,annotation_row_index,x,y,annotation_selection_rank_sha256
1,1,R1/2_left_loop,R1,left_loop,Pore ground truth/Fingerprint Images/R1/2_left_loop.jpg,Pore ground truth/Ground truth/R1/2_left_loop.tsv,5dc8fc46dcd33d38d9f9692f07b269770988fc616371ee3f3544208bdf0d01b0,4774199238e59d07d2a3e84a598a87016ca1bb34b03c5beac21b808f632b2911,79,421,214,00f5f4c20fcd294f116b3c02ff30d020050306d74a3bfceae52e3c5be412f06d
1,2,R1/2_left_loop,R1,left_loop,Pore ground truth/Fingerprint Images/R1/2_left_loop.jpg,Pore ground truth/Ground truth/R1/2_left_loop.tsv,5dc8fc46dcd33d38d9f9692f07b269770988fc616371ee3f3544208bdf0d01b0,4774199238e59d07d2a3e84a598a87016ca1bb34b03c5beac21b808f632b2911,224,45,331,062fbc13b82fc84a602b00fa7b6998dea2aaa59740e932ebacbe8be086ef445c
1,3,R1/2_left_loop,R1,left_loop,Pore ground truth/Fingerprint Images/R1/2_left_loop.jpg,Pore ground truth/Ground truth/R1/2_left_loop.tsv,5dc8fc46dcd33d38d9f9692f07b269770988fc616371ee3f3544208bdf0d01b0,4774199238e59d07d2a3e84a598a87016ca1bb34b03c5beac21b808f632b2911,97,72,220,066eec5ef38a6134e7364fb6f5e925e571d53fb3396ed8db5a93a233b78cc30d
1,4,R1/2_left_loop,R1,left_loop,Pore ground truth/Fingerprint Images/R1/2_left_loop.jpg,Pore ground truth/Ground truth/R1/2_left_loop.tsv,5dc8fc46dcd33d38d9f9692f07b269770988fc616371ee3f3544208bdf0d01b0,4774199238e59d07d2a3e84a598a87016ca1bb34b03c5beac21b808f632b2911,351,506,310,0724e61b884c2521132b6ed04ad2765f3cc5cea100482263ff8bc1ed88953b12
1,5,R1/2_left_loop,R1,left_loop,Pore ground truth/Fingerprint Images/R1/2_left_loop.jpg,Pore ground truth/Ground truth/R1/2_left_loop.tsv,5dc8fc46dcd33d38d9f9692f07b269770988fc616371ee3f3544208bdf0d01b0,4774199238e59d07d2a3e84a598a87016ca1bb34b03c5beac21b808f632b2911,274,244,311,0734f7462106958c0e945a92db9bf0bd4233767692fa92941e64bd0444d22272
1,6,R1/2_left_loop,R1,left_loop,Pore ground truth/Fingerprint Images/R1/2_left_loop.jpg,Pore ground truth/Ground truth/R1/2_left_loop.tsv,5dc8fc46dcd33d38d9f9692f07b269770988fc616371ee3f3544208bdf0d01b0,4774199238e59d07d2a3e84a598a87016ca1bb34b03c5beac21b808f632b2911,4,12,43,073c635a686710370e30b66204207ea997df9afdc53be08acb25a0194b8590fe
1,7,R1/2_left_loop,R1,left_loop,Pore ground truth/Fingerprint Images/R1/2_left_loop.jpg,Pore ground truth/Ground truth/R1/2_left_loop.tsv,5dc8fc46dcd33d38d9f9692f07b269770988fc616371ee3f3544208bdf0d01b0,4774199238e59d07d2a3e84a598a87016ca1bb34b03c5beac21b808f632b2911,42,10,281,07dda8a7e7f2c90044761306f5e8aca9f40926866c35df7d8612df2a112bada4
1,8,R1/2_left_loop,R1,left_loop,Pore ground truth/Fingerprint Images/R1/2_left_loop.jpg,Pore ground truth/Ground truth/R1/2_left_loop.tsv,5dc8fc46dcd33d38d9f9692f07b269770988fc616371ee3f3544208bdf0d01b0,4774199238e59d07d2a3e84a598a87016ca1bb34b03c5beac21b808f632b2911,30,129,10,08087aab99381c54334b793b34bf5c0a9de6c8567462ba7c96e657ad2c9464fc
1,9,R1/2_left_loop,R1,left_loop,Pore ground truth/Fingerprint Images/R1/2_left_loop.jpg,Pore ground truth/Ground truth/R1/2_left_loop.tsv,5dc8fc46dcd33d38d9f9692f07b269770988fc616371ee3f3544208bdf0d01b0,4774199238e59d07d2a3e84a598a87016ca1bb34b03c5beac21b808f632b2911,88,457,401,08431db37e5367e8ec2d402a14c506279974dc5962c6f6a591370906fa8566b7
1,10,R1/2_left_loop,R1,left_loop,Pore ground truth/Fingerprint Images/R1/2_left_loop.jpg,Pore ground truth/Ground truth/R1/2_left_loop.tsv,5dc8fc46dcd33d38d9f9692f07b269770988fc616371ee3f3544208bdf0d01b0,4774199238e59d07d2a3e84a598a87016ca1bb34b03c5beac21b808f632b2911,32,387,10,08f1fbccc52e6bc49a56890a68dba716883c0befd3c4a008368c680a4322ce63
1,11,R1/2_left_loop,R1,left_loop,Pore ground truth/Fingerprint Images/R1/2_left_loop.jpg,Pore ground truth/Ground truth/R1/2_left_loop.tsv,5dc8fc46dcd33d38d9f9692f07b269770988fc616371ee3f3544208bdf0d01b0,4774199238e59d07d2a3e84a598a87016ca1bb34b03c5beac21b808f632b2911,167,76,507,09714ef3e10cb7f28e03e78a3946f9711cd8c3fd93b55fb7108e72a424c0addd
1,12,R1/2_left_loop,R1,left_loop,Pore ground truth/Fingerprint Images/R1/2_left_loop.jpg,Pore ground truth/Ground truth/R1/2_left_loop.tsv,5dc8fc46dcd33d38d9f9692f07b269770988fc616371ee3f3544208bdf0d01b0,4774199238e59d07d2a3e84a598a87016ca1bb34b03c5beac21b808f632b2911,180,261,205,0a8c40eba12d40a6bfb1155ac5d4eda802988b5f82c1f758def34d14011b848e
1,13,R1/2_left_loop,R1,left_loop,Pore ground truth/Fingerprint Images/R1/2_left_loop.jpg,Pore ground truth/Ground truth/R1/2_left_loop.tsv,5dc8fc46dcd33d38d9f9692f07b269770988fc616371ee3f3544208bdf0d01b0,4774199238e59d07d2a3e84a598a87016ca1bb34b03c5beac21b808f632b2911,275,248,296,0d15d048c06ff5b186aa61f78cd2500f28d45e7211c629ad5eba93a59eeb3cb7
1,14,R1/2_left_loop,R1,left_loop,Pore ground truth/Fingerprint Images/R1/2_left_loop.jpg,Pore ground truth/Ground truth/R1/2_left_loop.tsv,5dc8fc46dcd33d38d9f9692f07b269770988fc616371ee3f3544208bdf0d01b0,4774199238e59d07d2a3e84a598a87016ca1bb34b03c5beac21b808f632b2911,129,387,439,0d41a362b346151f3da3b52944e9e37422392018e4cb0cb1d33ec5f44985e680
1,15,R1/2_left_loop,R1,left_loop,Pore ground truth/Fingerprint Images/R1/2_left_loop.jpg,Pore ground truth/Ground truth/R1/2_left_loop.tsv,5dc8fc46dcd33d38d9f9692f07b269770988fc616371ee3f3544208bdf0d01b0,4774199238e59d07d2a3e84a598a87016ca1bb34b03c5beac21b808f632b2911,87,447,368,0d622098c87c5c0138134ea2c6509dc364ac07cb909b7b88ed4fc1f99159c047
1,16,R1/2_left_loop,R1,left_loop,Pore ground truth/Fingerprint Images/R1/2_left_loop.jpg,Pore ground truth/Ground truth/R1/2_left_loop.tsv,5dc8fc46dcd33d38d9f9692f07b269770988fc616371ee3f3544208bdf0d01b0,4774199238e59d07d2a3e84a598a87016ca1bb34b03c5beac21b808f632b2911,289,163,233,0dfe7e5baf434a07926263864872c80c082eea86388a01937b8fba36747607af
1,17,R1/2_left_loop,R1,left_loop,Pore ground truth/Fingerprint Images/R1/2_left_loop.jpg,Pore ground truth/Ground truth/R1/2_left_loop.tsv,5dc8fc46dcd33d38d9f9692f07b269770988fc616371ee3f3544208bdf0d01b0,4774199238e59d07d2a3e84a598a87016ca1bb34b03c5beac21b808f632b2911,152,99,423,0ee3c9e575edfa7653dcaba8f6b867ddbcd05099d72467a4cd54593234ea00f5
1,18,R1/2_left_loop,R1,left_loop,Pore ground truth/Fingerprint Images/R1/2_left_loop.jpg,Pore ground truth/Ground truth/R1/2_left_loop.tsv,5dc8fc46dcd33d38d9f9692f07b269770988fc616371ee3f3544208bdf0d01b0,4774199238e59d07d2a3e84a598a87016ca1bb34b03c5beac21b808f632b2911,329,345,360,11777fd7897cee8cf558ed1b2499ca0906178763a3456ae44b435edc7a37470c
1,19,R1/2_left_loop,R1,left_loop,Pore ground truth/Fingerprint Images/R1/2_left_loop.jpg,Pore ground truth/Ground truth/R1/2_left_loop.tsv,5dc8fc46dcd33d38d9f9692f07b269770988fc616371ee3f3544208bdf0d01b0,4774199238e59d07d2a3e84a598a87016ca1bb34b03c5beac21b808f632b2911,78,413,201,1207857c3cd6dcb38e572f7a801f1f3aa6dba2926f9b1ab2460bc7eb3d7aa96d
1,20,R1/2_left_loop,R1,left_loop,Pore ground truth/Fingerprint Images/R1/2_left_loop.jpg,Pore ground truth/Ground truth/R1/2_left_loop.tsv,5dc8fc46dcd33d38d9f9692f07b269770988fc616371ee3f3544208bdf0d01b0,4774199238e59d07d2a3e84a598a87016ca1bb34b03c5beac21b808f632b2911,337,350,488,1487aa3712553b5be1bfd3b69a527ab9c0acd234a7f924cf7b33bafbda3ccda2
2,1,R1/2_plain_arch,R1,plain_arch,Pore ground truth/Fingerprint Images/R1/2_plain_arch.jpg,Pore ground truth/Ground truth/R1/2_plain_arch.tsv,200604fc996a2aa428b77e750d208fc4870d9d6736acaee0dd7e27f4c8bdfb6c,dbcb997d67a5544f71a866442a6a8049a5759e78b60e701975ebe070a94e0ca8,358,356,30,0053cfa15769993da13c1c70e06176e34d671a940d6d3dab0e4d20e06a9bc5a7
2,2,R1/2_plain_arch,R1,plain_arch,Pore ground truth/Fingerprint Images/R1/2_plain_arch.jpg,Pore ground truth/Ground truth/R1/2_plain_arch.tsv,200604fc996a2aa428b77e750d208fc4870d9d6736acaee0dd7e27f4c8bdfb6c,dbcb997d67a5544f71a866442a6a8049a5759e78b60e701975ebe070a94e0ca8,343,350,215,01432bc12eb18f2f124505de23d8a412998f6d66429e84462118368e03e51808
2,3,R1/2_plain_arch,R1,plain_arch,Pore ground truth/Fingerprint Images/R1/2_plain_arch.jpg,Pore ground truth/Ground truth/R1/2_plain_arch.tsv,200604fc996a2aa428b77e750d208fc4870d9d6736acaee0dd7e27f4c8bdfb6c,dbcb997d67a5544f71a866442a6a8049a5759e78b60e701975ebe070a94e0ca8,158,171,279,01572c3c7df4baaeaaec64856a08853f566a0be39b01b7773170c98bef96cf5a
2,4,R1/2_plain_arch,R1,plain_arch,Pore ground truth/Fingerprint Images/R1/2_plain_arch.jpg,Pore ground truth/Ground truth/R1/2_plain_arch.tsv,200604fc996a2aa428b77e750d208fc4870d9d6736acaee0dd7e27f4c8bdfb6c,dbcb997d67a5544f71a866442a6a8049a5759e78b60e701975ebe070a94e0ca8,258,328,502,01ed78c42d207e2441d1d760dbd38e5755fe64c1bb30ce3674b83f593034fabd
2,5,R1/2_plain_arch,R1,plain_arch,Pore ground truth/Fingerprint Images/R1/2_plain_arch.jpg,Pore ground truth/Ground truth/R1/2_plain_arch.tsv,200604fc996a2aa428b77e750d208fc4870d9d6736acaee0dd7e27f4c8bdfb6c,dbcb997d67a5544f71a866442a6a8049a5759e78b60e701975ebe070a94e0ca8,56,486,258,02c5dc585b6e0047d9b53dabfcfbde0ae6e36a08bf8bab9b3fed912cef37315d
2,6,R1/2_plain_arch,R1,plain_arch,Pore ground truth/Fingerprint Images/R1/2_plain_arch.jpg,Pore ground truth/Ground truth/R1/2_plain_arch.tsv,200604fc996a2aa428b77e750d208fc4870d9d6736acaee0dd7e27f4c8bdfb6c,dbcb997d67a5544f71a866442a6a8049a5759e78b60e701975ebe070a94e0ca8,432,293,26,03396a7955903e13a8c6184c9410ba0deaa6fabd03ecb29e7565fc475e1ba420
2,7,R1/2_plain_arch,R1,plain_arch,Pore ground truth/Fingerprint Images/R1/2_plain_arch.jpg,Pore ground truth/Ground truth/R1/2_plain_arch.tsv,200604fc996a2aa428b77e750d208fc4870d9d6736acaee0dd7e27f4c8bdfb6c,dbcb997d67a5544f71a866442a6a8049a5759e78b60e701975ebe070a94e0ca8,63,43,220,0411d0169b2ea325d78deaa9fed573a4b1564f24a8e3712d2d99fc0629f81b73
2,8,R1/2_plain_arch,R1,plain_arch,Pore ground truth/Fingerprint Images/R1/2_plain_arch.jpg,Pore ground truth/Ground truth/R1/2_plain_arch.tsv,200604fc996a2aa428b77e750d208fc4870d9d6736acaee0dd7e27f4c8bdfb6c,dbcb997d67a5544f71a866442a6a8049a5759e78b60e701975ebe070a94e0ca8,308,188,469,074c47aa1c8029ef6d5a2105bf75eeb75eed6e7aba41aa74946a65f1cd31e4dc
2,9,R1/2_plain_arch,R1,plain_arch,Pore ground truth/Fingerprint Images/R1/2_plain_arch.jpg,Pore ground truth/Ground truth/R1/2_plain_arch.tsv,200604fc996a2aa428b77e750d208fc4870d9d6736acaee0dd7e27f4c8bdfb6c,dbcb997d67a5544f71a866442a6a8049a5759e78b60e701975ebe070a94e0ca8,382,180,126,07892850d0faab09e4a2ce3e5369fd380cbccffb310c9f44cb2bdcde1af956c5
2,10,R1/2_plain_arch,R1,plain_arch,Pore ground truth/Fingerprint Images/R1/2_plain_arch.jpg,Pore ground truth/Ground truth/R1/2_plain_arch.tsv,200604fc996a2aa428b77e750d208fc4870d9d6736acaee0dd7e27f4c8bdfb6c,dbcb997d67a5544f71a866442a6a8049a5759e78b60e701975ebe070a94e0ca8,265,138,380,0793e2da6924287c462bcd620dc3fcc5f053540614e18e2e7dc72c776674dd5e
2,11,R1/2_plain_arch,R1,plain_arch,Pore ground truth/Fingerprint Images/R1/2_plain_arch.jpg,Pore ground truth/Ground truth/R1/2_plain_arch.tsv,200604fc996a2aa428b77e750d208fc4870d9d6736acaee0dd7e27f4c8bdfb6c,dbcb997d67a5544f71a866442a6a8049a5759e78b60e701975ebe070a94e0ca8,245,326,453,07b528ecaf46c0485a4fbe9b87554979c80636aa641184f942b540ab8f193805
2,12,R1/2_plain_arch,R1,plain_arch,Pore ground truth/Fingerprint Images/R1/2_plain_arch.jpg,Pore ground truth/Ground truth/R1/2_plain_arch.tsv,200604fc996a2aa428b77e750d208fc4870d9d6736acaee0dd7e27f4c8bdfb6c,dbcb997d67a5544f71a866442a6a8049a5759e78b60e701975ebe070a94e0ca8,259,16,466,07da9ebedd380aeb3073118aad74a10c86ab0370160726b5cea89eca566aa4b0
2,13,R1/2_plain_arch,R1,plain_arch,Pore ground truth/Fingerprint Images/R1/2_plain_arch.jpg,Pore ground truth/Ground truth/R1/2_plain_arch.tsv,200604fc996a2aa428b77e750d208fc4870d9d6736acaee0dd7e27f4c8bdfb6c,dbcb997d67a5544f71a866442a6a8049a5759e78b60e701975ebe070a94e0ca8,454,344,144,09a172261c1c0f9acf1768d3855d6fedbbd9253a1778b133265d016f0def0309
2,14,R1/2_plain_arch,R1,plain_arch,Pore ground truth/Fingerprint Images/R1/2_plain_arch.jpg,Pore ground truth/Ground truth/R1/2_plain_arch.tsv,200604fc996a2aa428b77e750d208fc4870d9d6736acaee0dd7e27f4c8bdfb6c,dbcb997d67a5544f71a866442a6a8049a5759e78b60e701975ebe070a94e0ca8,237,188,443,0a6e4a673cd9c6ab99efa1d541485e1ffa1aa0a45d580799b2d6e7cc442d5573
2,15,R1/2_plain_arch,R1,plain_arch,Pore ground truth/Fingerprint Images/R1/2_plain_arch.jpg,Pore ground truth/Ground truth/R1/2_plain_arch.tsv,200604fc996a2aa428b77e750d208fc4870d9d6736acaee0dd7e27f4c8bdfb6c,dbcb997d67a5544f71a866442a6a8049a5759e78b60e701975ebe070a94e0ca8,57,489,260,0b82ef2cf0472f4d4e3a1839650ee193a9e5312dc88498aaf4307ef3dd740a43
2,16,R1/2_plain_arch,R1,plain_arch,Pore ground truth/Fingerprint Images/R1/2_plain_arch.jpg,Pore ground truth/Ground truth/R1/2_plain_arch.tsv,200604fc996a2aa428b77e750d208fc4870d9d6736acaee0dd7e27f4c8bdfb6c,dbcb997d67a5544f71a866442a6a8049a5759e78b60e701975ebe070a94e0ca8,350,476,325,0c54035ec3cad6b97eb5fbc7c604de3c4c3976cc093704dabac2614bdc7a6eb5
2,17,R1/2_plain_arch,R1,plain_arch,Pore ground truth/Fingerprint Images/R1/2_plain_arch.jpg,Pore ground truth/Ground truth/R1/2_plain_arch.tsv,200604fc996a2aa428b77e750d208fc4870d9d6736acaee0dd7e27f4c8bdfb6c,dbcb997d67a5544f71a866442a6a8049a5759e78b60e701975ebe070a94e0ca8,427,198,346,0c80dc0bfea2ab1587b817bf4b487a01a19819836ff3a6396f8cc8aec0bcc700
2,18,R1/2_plain_arch,R1,plain_arch,Pore ground truth/Fingerprint Images/R1/2_plain_arch.jpg,Pore ground truth/Ground truth/R1/2_plain_arch.tsv,200604fc996a2aa428b77e750d208fc4870d9d6736acaee0dd7e27f4c8bdfb6c,dbcb997d67a5544f71a866442a6a8049a5759e78b60e701975ebe070a94e0ca8,55,473,235,0ce8b3bf333eae268948e6bc8020f1016deda5210d576719c4d5441334d49b3a
2,19,R1/2_plain_arch,R1,plain_arch,Pore ground truth/Fingerprint Images/R1/2_plain_arch.jpg,Pore ground truth/Ground truth/R1/2_plain_arch.tsv,200604fc996a2aa428b77e750d208fc4870d9d6736acaee0dd7e27f4c8bdfb6c,dbcb997d67a5544f71a866442a6a8049a5759e78b60e701975ebe070a94e0ca8,28,164,41,0d47fd42a7ef4147fcc0ade173bb46f2b2cc78d903fddc614635e19a705d4359
2,20,R1/2_plain_arch,R1,plain_arch,Pore ground truth/Fingerprint Images/R1/2_plain_arch.jpg,Pore ground truth/Ground truth/R1/2_plain_arch.tsv,200604fc996a2aa428b77e750d208fc4870d9d6736acaee0dd7e27f4c8bdfb6c,dbcb997d67a5544f71a866442a6a8049a5759e78b60e701975ebe070a94e0ca8,459,375,447,0e73fc967895698669ccfe70b374199b04c8050edb4e46f3a2dd37097d940b98
3,1,R1/12_right_loop,R1,right_loop,Pore ground truth/Fingerprint Images/R1/12_right_loop.jpg,Pore ground truth/Ground truth/R1/12_right_loop.tsv,61a1fc76dcfe16d5ffcd461ef9223c3f8c8e631dfd4af65bb24000027f32b777,7a691129943b5cbd3d2f3cc00dbbc68dda1feba3ec888ced183e0b826f52fb66,73,101,219,026a196559b4a57d97198c50cf21b1925726048a560f78fb3ac2b456f904a671
3,2,R1/12_right_loop,R1,right_loop,Pore ground truth/Fingerprint Images/R1/12_right_loop.jpg,Pore ground truth/Ground truth/R1/12_right_loop.tsv,61a1fc76dcfe16d5ffcd461ef9223c3f8c8e631dfd4af65bb24000027f32b777,7a691129943b5cbd3d2f3cc00dbbc68dda1feba3ec888ced183e0b826f52fb66,96,478,53,03de33ff9a3663e50695850af6c15c4e3c514e721f197e427ec506303b093704
3,3,R1/12_right_loop,R1,right_loop,Pore ground truth/Fingerprint Images/R1/12_right_loop.jpg,Pore ground truth/Ground truth/R1/12_right_loop.tsv,61a1fc76dcfe16d5ffcd461ef9223c3f8c8e631dfd4af65bb24000027f32b777,7a691129943b5cbd3d2f3cc00dbbc68dda1feba3ec888ced183e0b826f52fb66,161,389,81,04665f29ed185c48dd9200eac17303564fb1e22dd0a09d95eed2c6508ce942eb
3,4,R1/12_right_loop,R1,right_loop,Pore ground truth/Fingerprint Images/R1/12_right_loop.jpg,Pore ground truth/Ground truth/R1/12_right_loop.tsv,61a1fc76dcfe16d5ffcd461ef9223c3f8c8e631dfd4af65bb24000027f32b777,7a691129943b5cbd3d2f3cc00dbbc68dda1feba3ec888ced183e0b826f52fb66,329,387,435,048ace60ebb0298b1149fc032ce62ccdc9331fb05597ac405f07107894a39abc
3,5,R1/12_right_loop,R1,right_loop,Pore ground truth/Fingerprint Images/R1/12_right_loop.jpg,Pore ground truth/Ground truth/R1/12_right_loop.tsv,61a1fc76dcfe16d5ffcd461ef9223c3f8c8e631dfd4af65bb24000027f32b777,7a691129943b5cbd3d2f3cc00dbbc68dda1feba3ec888ced183e0b826f52fb66,304,367,459,04a501abe534a871f9c251e0c4ebfc5d3dc245954fd65b1a46fe26eef4be4444
3,6,R1/12_right_loop,R1,right_loop,Pore ground truth/Fingerprint Images/R1/12_right_loop.jpg,Pore ground truth/Ground truth/R1/12_right_loop.tsv,61a1fc76dcfe16d5ffcd461ef9223c3f8c8e631dfd4af65bb24000027f32b777,7a691129943b5cbd3d2f3cc00dbbc68dda1feba3ec888ced183e0b826f52fb66,384,428,351,04a97d0feec0a155bb9307707cb701c8f4a9103a3227b2c8220fb92fad67df7d
3,7,R1/12_right_loop,R1,right_loop,Pore ground truth/Fingerprint Images/R1/12_right_loop.jpg,Pore ground truth/Ground truth/R1/12_right_loop.tsv,61a1fc76dcfe16d5ffcd461ef9223c3f8c8e631dfd4af65bb24000027f32b777,7a691129943b5cbd3d2f3cc00dbbc68dda1feba3ec888ced183e0b826f52fb66,227,411,151,04ec6cdc02794aab89aba3d7fb5f656543957a579475a04f8e11bf25753d2ca2
3,8,R1/12_right_loop,R1,right_loop,Pore ground truth/Fingerprint Images/R1/12_right_loop.jpg,Pore ground truth/Ground truth/R1/12_right_loop.tsv,61a1fc76dcfe16d5ffcd461ef9223c3f8c8e631dfd4af65bb24000027f32b777,7a691129943b5cbd3d2f3cc00dbbc68dda1feba3ec888ced183e0b826f52fb66,263,323,174,05861c44459a44176d3ec45763faeadf9d7e638e8a0464c156d73911521424ee
3,9,R1/12_right_loop,R1,right_loop,Pore ground truth/Fingerprint Images/R1/12_right_loop.jpg,Pore ground truth/Ground truth/R1/12_right_loop.tsv,61a1fc76dcfe16d5ffcd461ef9223c3f8c8e631dfd4af65bb24000027f32b777,7a691129943b5cbd3d2f3cc00dbbc68dda1feba3ec888ced183e0b826f52fb66,180,213,181,061791c40ade12895c6ee257815fe366b4d01fe9f6411fe38082cb69cae0f604
3,10,R1/12_right_loop,R1,right_loop,Pore ground truth/Fingerprint Images/R1/12_right_loop.jpg,Pore ground truth/Ground truth/R1/12_right_loop.tsv,61a1fc76dcfe16d5ffcd461ef9223c3f8c8e631dfd4af65bb24000027f32b777,7a691129943b5cbd3d2f3cc00dbbc68dda1feba3ec888ced183e0b826f52fb66,70,77,275,06650f1700193926d611f016358748e8555dbdb562b5ca221dfeecd14354936c
3,11,R1/12_right_loop,R1,right_loop,Pore ground truth/Fingerprint Images/R1/12_right_loop.jpg,Pore ground truth/Ground truth/R1/12_right_loop.tsv,61a1fc76dcfe16d5ffcd461ef9223c3f8c8e631dfd4af65bb24000027f32b777,7a691129943b5cbd3d2f3cc00dbbc68dda1feba3ec888ced183e0b826f52fb66,121,107,409,077b22b92fae0431c8640ffde43df5670644048cd6fbaf2e2afbe041fbc008fe
3,12,R1/12_right_loop,R1,right_loop,Pore ground truth/Fingerprint Images/R1/12_right_loop.jpg,Pore ground truth/Ground truth/R1/12_right_loop.tsv,61a1fc76dcfe16d5ffcd461ef9223c3f8c8e631dfd4af65bb24000027f32b777,7a691129943b5cbd3d2f3cc00dbbc68dda1feba3ec888ced183e0b826f52fb66,172,170,407,08c29ea8cdec3100dad130eafd5e5fedc17a383a0690c7537ceadc07360159b7
3,13,R1/12_right_loop,R1,right_loop,Pore ground truth/Fingerprint Images/R1/12_right_loop.jpg,Pore ground truth/Ground truth/R1/12_right_loop.tsv,61a1fc76dcfe16d5ffcd461ef9223c3f8c8e631dfd4af65bb24000027f32b777,7a691129943b5cbd3d2f3cc00dbbc68dda1feba3ec888ced183e0b826f52fb66,211,288,511,08e8c3d258a960dd88f2015c196bb21ff3d0f0d9956e4e7027d21258de5f3ef3
3,14,R1/12_right_loop,R1,right_loop,Pore ground truth/Fingerprint Images/R1/12_right_loop.jpg,Pore ground truth/Ground truth/R1/12_right_loop.tsv,61a1fc76dcfe16d5ffcd461ef9223c3f8c8e631dfd4af65bb24000027f32b777,7a691129943b5cbd3d2f3cc00dbbc68dda1feba3ec888ced183e0b826f52fb66,29,53,239,091dd0eaae1590d327a10032239b791e339f16c4b8ec55ccc8473608ded73b08
3,15,R1/12_right_loop,R1,right_loop,Pore ground truth/Fingerprint Images/R1/12_right_loop.jpg,Pore ground truth/Ground truth/R1/12_right_loop.tsv,61a1fc76dcfe16d5ffcd461ef9223c3f8c8e631dfd4af65bb24000027f32b777,7a691129943b5cbd3d2f3cc00dbbc68dda1feba3ec888ced183e0b826f52fb66,323,315,298,09377c7bfebb4e8b05da891b3b92899f13bc5a11bf461ac524e34b52b3c2631b
3,16,R1/12_right_loop,R1,right_loop,Pore ground truth/Fingerprint Images/R1/12_right_loop.jpg,Pore ground truth/Ground truth/R1/12_right_loop.tsv,61a1fc76dcfe16d5ffcd461ef9223c3f8c8e631dfd4af65bb24000027f32b777,7a691129943b5cbd3d2f3cc00dbbc68dda1feba3ec888ced183e0b826f52fb66,259,255,244,09622cb55d3de78d69b77e6f121d76615e0b32e8fe1907fcf0d1e06071a7ac50
3,17,R1/12_right_loop,R1,right_loop,Pore ground truth/Fingerprint Images/R1/12_right_loop.jpg,Pore ground truth/Ground truth/R1/12_right_loop.tsv,61a1fc76dcfe16d5ffcd461ef9223c3f8c8e631dfd4af65bb24000027f32b777,7a691129943b5cbd3d2f3cc00dbbc68dda1feba3ec888ced183e0b826f52fb66,90,373,23,0a12fdf60248d1bd3875c3c76e1b5030e4826f73c821938ae86af9b1aa06c175
3,18,R1/12_right_loop,R1,right_loop,Pore ground truth/Fingerprint Images/R1/12_right_loop.jpg,Pore ground truth/Ground truth/R1/12_right_loop.tsv,61a1fc76dcfe16d5ffcd461ef9223c3f8c8e631dfd4af65bb24000027f32b777,7a691129943b5cbd3d2f3cc00dbbc68dda1feba3ec888ced183e0b826f52fb66,141,143,414,0a5973df67165352fe6bf98aabc94bc38244476717d13f6c99541614d5193b1b
3,19,R1/12_right_loop,R1,right_loop,Pore ground truth/Fingerprint Images/R1/12_right_loop.jpg,Pore ground truth/Ground truth/R1/12_right_loop.tsv,61a1fc76dcfe16d5ffcd461ef9223c3f8c8e631dfd4af65bb24000027f32b777,7a691129943b5cbd3d2f3cc00dbbc68dda1feba3ec888ced183e0b826f52fb66,394,480,471,0c47ef7d3a2ddb7d1440991b9c5e824b2c1a1046947873430cec5a5bff94483f
3,20,R1/12_right_loop,R1,right_loop,Pore ground truth/Fingerprint Images/R1/12_right_loop.jpg,Pore ground truth/Ground truth/R1/12_right_loop.tsv,61a1fc76dcfe16d5ffcd461ef9223c3f8c8e631dfd4af65bb24000027f32b777,7a691129943b5cbd3d2f3cc00dbbc68dda1feba3ec888ced183e0b826f52fb66,363,431,61,0cd11e6843e78991cd8573c7f9e578fc8a2f63a453816a53ef40df45c85a44fc
4,1,R1/73_right_loop,R1,right_loop,Pore ground truth/Fingerprint Images/R1/73_right_loop.jpg,Pore ground truth/Ground truth/R1/73_right_loop.tsv,df7f5f3c504273645cbfa34952f4be401ed2b32e09e310000050f0a76e473d92,663838cfe0a9da87e2fdbd9e90d2b314029cf318558edb667afc74ca23d0c58e,258,291,400,0022a8bef63a0efa062f062e4492d3c6c0c81ba0972a2b59c508286ecb44c3a5
4,2,R1/73_right_loop,R1,right_loop,Pore ground truth/Fingerprint Images/R1/73_right_loop.jpg,Pore ground truth/Ground truth/R1/73_right_loop.tsv,df7f5f3c504273645cbfa34952f4be401ed2b32e09e310000050f0a76e473d92,663838cfe0a9da87e2fdbd9e90d2b314029cf318558edb667afc74ca23d0c58e,244,312,485,003bf5fac62a6612683760ec21a4613509f4c859523c8b2e78085f6399630957
4,3,R1/73_right_loop,R1,right_loop,Pore ground truth/Fingerprint Images/R1/73_right_loop.jpg,Pore ground truth/Ground truth/R1/73_right_loop.tsv,df7f5f3c504273645cbfa34952f4be401ed2b32e09e310000050f0a76e473d92,663838cfe0a9da87e2fdbd9e90d2b314029cf318558edb667afc74ca23d0c58e,66,404,182,026c75d57652e5f5bdb9f31c78154bcdd08c7c092d92dd29aafaf69202675d31
4,4,R1/73_right_loop,R1,right_loop,Pore ground truth/Fingerprint Images/R1/73_right_loop.jpg,Pore ground truth/Ground truth/R1/73_right_loop.tsv,df7f5f3c504273645cbfa34952f4be401ed2b32e09e310000050f0a76e473d92,663838cfe0a9da87e2fdbd9e90d2b314029cf318558edb667afc74ca23d0c58e,117,77,261,0291139e43ba42bb25fcc990291955ae9d85e28cac2f19a4b445dde2c77a22c0
4,5,R1/73_right_loop,R1,right_loop,Pore ground truth/Fingerprint Images/R1/73_right_loop.jpg,Pore ground truth/Ground truth/R1/73_right_loop.tsv,df7f5f3c504273645cbfa34952f4be401ed2b32e09e310000050f0a76e473d92,663838cfe0a9da87e2fdbd9e90d2b314029cf318558edb667afc74ca23d0c58e,245,333,502,029fe5e840d6cf08f8a7dd62e85ea441d70c9542eaafd41a7decb485bf1be4f0
4,6,R1/73_right_loop,R1,right_loop,Pore ground truth/Fingerprint Images/R1/73_right_loop.jpg,Pore ground truth/Ground truth/R1/73_right_loop.tsv,df7f5f3c504273645cbfa34952f4be401ed2b32e09e310000050f0a76e473d92,663838cfe0a9da87e2fdbd9e90d2b314029cf318558edb667afc74ca23d0c58e,22,145,20,0498c5e853e5ab5547adf0cd55792f5e88d7689aca3855cc217f43976232a490
4,7,R1/73_right_loop,R1,right_loop,Pore ground truth/Fingerprint Images/R1/73_right_loop.jpg,Pore ground truth/Ground truth/R1/73_right_loop.tsv,df7f5f3c504273645cbfa34952f4be401ed2b32e09e310000050f0a76e473d92,663838cfe0a9da87e2fdbd9e90d2b314029cf318558edb667afc74ca23d0c58e,151,1,326,04c498d42fbe514a9d41fa1c02930dbf9ec5339c3581e91a1afb626a24a425d9
4,8,R1/73_right_loop,R1,right_loop,Pore ground truth/Fingerprint Images/R1/73_right_loop.jpg,Pore ground truth/Ground truth/R1/73_right_loop.tsv,df7f5f3c504273645cbfa34952f4be401ed2b32e09e310000050f0a76e473d92,663838cfe0a9da87e2fdbd9e90d2b314029cf318558edb667afc74ca23d0c58e,284,254,109,053a55ebe6fe482b41e9a75cb6d8ff3c0b7be5ba481abdee93ea055c412d81f3
4,9,R1/73_right_loop,R1,right_loop,Pore ground truth/Fingerprint Images/R1/73_right_loop.jpg,Pore ground truth/Ground truth/R1/73_right_loop.tsv,df7f5f3c504273645cbfa34952f4be401ed2b32e09e310000050f0a76e473d92,663838cfe0a9da87e2fdbd9e90d2b314029cf318558edb667afc74ca23d0c58e,212,310,310,0544706f858db57cbc0b24c53894376f064d16a711b9f3401d20460c9eb87d97
4,10,R1/73_right_loop,R1,right_loop,Pore ground truth/Fingerprint Images/R1/73_right_loop.jpg,Pore ground truth/Ground truth/R1/73_right_loop.tsv,df7f5f3c504273645cbfa34952f4be401ed2b32e09e310000050f0a76e473d92,663838cfe0a9da87e2fdbd9e90d2b314029cf318558edb667afc74ca23d0c58e,68,409,188,05984be330b081362fa9c1e3b5b172d6be7840c87eb8928d99ff823e53381590
4,11,R1/73_right_loop,R1,right_loop,Pore ground truth/Fingerprint Images/R1/73_right_loop.jpg,Pore ground truth/Ground truth/R1/73_right_loop.tsv,df7f5f3c504273645cbfa34952f4be401ed2b32e09e310000050f0a76e473d92,663838cfe0a9da87e2fdbd9e90d2b314029cf318558edb667afc74ca23d0c58e,148,476,423,0729d7a190636badb0c7ef8a06ddf72f0c9ecd307287c077b26ec596c0d18d89
4,12,R1/73_right_loop,R1,right_loop,Pore ground truth/Fingerprint Images/R1/73_right_loop.jpg,Pore ground truth/Ground truth/R1/73_right_loop.tsv,df7f5f3c504273645cbfa34952f4be401ed2b32e09e310000050f0a76e473d92,663838cfe0a9da87e2fdbd9e90d2b314029cf318558edb667afc74ca23d0c58e,303,445,443,0772202b2abb3d1af77a19adffdc4027546fba81c447f384acc10d7ba74bb0ca
4,13,R1/73_right_loop,R1,right_loop,Pore ground truth/Fingerprint Images/R1/73_right_loop.jpg,Pore ground truth/Ground truth/R1/73_right_loop.tsv,df7f5f3c504273645cbfa34952f4be401ed2b32e09e310000050f0a76e473d92,663838cfe0a9da87e2fdbd9e90d2b314029cf318558edb667afc74ca23d0c58e,137,353,158,085c318b1d6cee88a262a278e098876c5708a17a34657a35dc667402e867db20
4,14,R1/73_right_loop,R1,right_loop,Pore ground truth/Fingerprint Images/R1/73_right_loop.jpg,Pore ground truth/Ground truth/R1/73_right_loop.tsv,df7f5f3c504273645cbfa34952f4be401ed2b32e09e310000050f0a76e473d92,663838cfe0a9da87e2fdbd9e90d2b314029cf318558edb667afc74ca23d0c58e,121,89,193,0958db29169599a14f60dcf6c40aca719ec203d67c36e077a261ec25776b5cc0
4,15,R1/73_right_loop,R1,right_loop,Pore ground truth/Fingerprint Images/R1/73_right_loop.jpg,Pore ground truth/Ground truth/R1/73_right_loop.tsv,df7f5f3c504273645cbfa34952f4be401ed2b32e09e310000050f0a76e473d92,663838cfe0a9da87e2fdbd9e90d2b314029cf318558edb667afc74ca23d0c58e,61,343,88,0a23055349286d655b7434c3fd715521ee269da5e1862ef6c0d210dc667e8c04
4,16,R1/73_right_loop,R1,right_loop,Pore ground truth/Fingerprint Images/R1/73_right_loop.jpg,Pore ground truth/Ground truth/R1/73_right_loop.tsv,df7f5f3c504273645cbfa34952f4be401ed2b32e09e310000050f0a76e473d92,663838cfe0a9da87e2fdbd9e90d2b314029cf318558edb667afc74ca23d0c58e,328,381,410,0a38d396ab4da6ffcf5a7ffac4d928092b5e45ab844c6c00d3cb25a7aba289e8
4,17,R1/73_right_loop,R1,right_loop,Pore ground truth/Fingerprint Images/R1/73_right_loop.jpg,Pore ground truth/Ground truth/R1/73_right_loop.tsv,df7f5f3c504273645cbfa34952f4be401ed2b32e09e310000050f0a76e473d92,663838cfe0a9da87e2fdbd9e90d2b314029cf318558edb667afc74ca23d0c58e,197,260,144,0ae870bafa7ca4bb338219667bc72d6bd0cd9721d2ea10f22cd8bdf2879aa472
4,18,R1/73_right_loop,R1,right_loop,Pore ground truth/Fingerprint Images/R1/73_right_loop.jpg,Pore ground truth/Ground truth/R1/73_right_loop.tsv,df7f5f3c504273645cbfa34952f4be401ed2b32e09e310000050f0a76e473d92,663838cfe0a9da87e2fdbd9e90d2b314029cf318558edb667afc74ca23d0c58e,177,148,345,0b51a8c94e72dba16ef8ed342065edc45cf28afe0d7d166447a2f41b51012a27
4,19,R1/73_right_loop,R1,right_loop,Pore ground truth/Fingerprint Images/R1/73_right_loop.jpg,Pore ground truth/Ground truth/R1/73_right_loop.tsv,df7f5f3c504273645cbfa34952f4be401ed2b32e09e310000050f0a76e473d92,663838cfe0a9da87e2fdbd9e90d2b314029cf318558edb667afc74ca23d0c58e,240,243,394,0bc420b2cad19480f2f8079f07af2116dbe90c4af5360d372855ebfcbbb67090
4,20,R1/73_right_loop,R1,right_loop,Pore ground truth/Fingerprint Images/R1/73_right_loop.jpg,Pore ground truth/Ground truth/R1/73_right_loop.tsv,df7f5f3c504273645cbfa34952f4be401ed2b32e09e310000050f0a76e473d92,663838cfe0a9da87e2fdbd9e90d2b314029cf318558edb667afc74ca23d0c58e,209,338,338,0c4ec6c3c1fd2d2756f42499af39e8bd5d4e550715bc7f95f136d808a6f4aa26
5,1,R1/9_right_loop,R1,right_loop,Pore ground truth/Fingerprint Images/R1/9_right_loop.jpg,Pore ground truth/Ground truth/R1/9_right_loop.tsv,fb82e9d766ace7a0ff7082fa9c7c6301ac2d7944b8642b2f6634e597aa152fe5,862d81a3c8277fbf8067548b9e0551dfb97628a362436c78726b7361b6c0f4a2,187,182,69,01894e17dd4b2112cff4f1d38825c0d54d1d5eadba4d841e6a487996e5c7e08a
5,2,R1/9_right_loop,R1,right_loop,Pore ground truth/Fingerprint Images/R1/9_right_loop.jpg,Pore ground truth/Ground truth/R1/9_right_loop.tsv,fb82e9d766ace7a0ff7082fa9c7c6301ac2d7944b8642b2f6634e597aa152fe5,862d81a3c8277fbf8067548b9e0551dfb97628a362436c78726b7361b6c0f4a2,121,66,370,01eda0f85fb3b81b89c5272f87bee5dc7ac1159d3c0e30b8eef8d23ab3258549
5,3,R1/9_right_loop,R1,right_loop,Pore ground truth/Fingerprint Images/R1/9_right_loop.jpg,Pore ground truth/Ground truth/R1/9_right_loop.tsv,fb82e9d766ace7a0ff7082fa9c7c6301ac2d7944b8642b2f6634e597aa152fe5,862d81a3c8277fbf8067548b9e0551dfb97628a362436c78726b7361b6c0f4a2,257,338,169,0265923c94613a67e97d3c98cb3d5684a207d5541839bed534f84f66c6271931
5,4,R1/9_right_loop,R1,right_loop,Pore ground truth/Fingerprint Images/R1/9_right_loop.jpg,Pore ground truth/Ground truth/R1/9_right_loop.tsv,fb82e9d766ace7a0ff7082fa9c7c6301ac2d7944b8642b2f6634e597aa152fe5,862d81a3c8277fbf8067548b9e0551dfb97628a362436c78726b7361b6c0f4a2,139,204,181,02de81145591340ceffc447774783cc9a88c1a88f44e0d1afe6a584debf3c461
5,5,R1/9_right_loop,R1,right_loop,Pore ground truth/Fingerprint Images/R1/9_right_loop.jpg,Pore ground truth/Ground truth/R1/9_right_loop.tsv,fb82e9d766ace7a0ff7082fa9c7c6301ac2d7944b8642b2f6634e597aa152fe5,862d81a3c8277fbf8067548b9e0551dfb97628a362436c78726b7361b6c0f4a2,302,476,231,02e31f797a46159a629701e48643fea14ac4e22d9b7cc83316f012d188568b79
5,6,R1/9_right_loop,R1,right_loop,Pore ground truth/Fingerprint Images/R1/9_right_loop.jpg,Pore ground truth/Ground truth/R1/9_right_loop.tsv,fb82e9d766ace7a0ff7082fa9c7c6301ac2d7944b8642b2f6634e597aa152fe5,862d81a3c8277fbf8067548b9e0551dfb97628a362436c78726b7361b6c0f4a2,65,116,189,0318b640ae164e63a987201183823268ecb1226d37a150afc53420f735e2054a
5,7,R1/9_right_loop,R1,right_loop,Pore ground truth/Fingerprint Images/R1/9_right_loop.jpg,Pore ground truth/Ground truth/R1/9_right_loop.tsv,fb82e9d766ace7a0ff7082fa9c7c6301ac2d7944b8642b2f6634e597aa152fe5,862d81a3c8277fbf8067548b9e0551dfb97628a362436c78726b7361b6c0f4a2,31,67,137,035c681e81c3e6c1a8f46e324cff2cd18cac6b5bf213b509bb4b962859d54c81
5,8,R1/9_right_loop,R1,right_loop,Pore ground truth/Fingerprint Images/R1/9_right_loop.jpg,Pore ground truth/Ground truth/R1/9_right_loop.tsv,fb82e9d766ace7a0ff7082fa9c7c6301ac2d7944b8642b2f6634e597aa152fe5,862d81a3c8277fbf8067548b9e0551dfb97628a362436c78726b7361b6c0f4a2,354,374,416,038a4ad1fb6010583d2018f6fb246fd67f1223510f3178df055fd164e618ca22
5,9,R1/9_right_loop,R1,right_loop,Pore ground truth/Fingerprint Images/R1/9_right_loop.jpg,Pore ground truth/Ground truth/R1/9_right_loop.tsv,fb82e9d766ace7a0ff7082fa9c7c6301ac2d7944b8642b2f6634e597aa152fe5,862d81a3c8277fbf8067548b9e0551dfb97628a362436c78726b7361b6c0f4a2,397,447,415,05b0768ebb2232ef47a1cea175935a0765f4de7b54ec866dd205121cde676acc
5,10,R1/9_right_loop,R1,right_loop,Pore ground truth/Fingerprint Images/R1/9_right_loop.jpg,Pore ground truth/Ground truth/R1/9_right_loop.tsv,fb82e9d766ace7a0ff7082fa9c7c6301ac2d7944b8642b2f6634e597aa152fe5,862d81a3c8277fbf8067548b9e0551dfb97628a362436c78726b7361b6c0f4a2,267,252,393,064316edd3d803e13f938aeec3e21371440c43c42f5a97d8d7cc6f8273ceb0a8
5,11,R1/9_right_loop,R1,right_loop,Pore ground truth/Fingerprint Images/R1/9_right_loop.jpg,Pore ground truth/Ground truth/R1/9_right_loop.tsv,fb82e9d766ace7a0ff7082fa9c7c6301ac2d7944b8642b2f6634e597aa152fe5,862d81a3c8277fbf8067548b9e0551dfb97628a362436c78726b7361b6c0f4a2,127,107,240,06bc1dcd192e759b636a6a4304bfbce0bca3c11b74f4beb4c8fccf701517e44d
5,12,R1/9_right_loop,R1,right_loop,Pore ground truth/Fingerprint Images/R1/9_right_loop.jpg,Pore ground truth/Ground truth/R1/9_right_loop.tsv,fb82e9d766ace7a0ff7082fa9c7c6301ac2d7944b8642b2f6634e597aa152fe5,862d81a3c8277fbf8067548b9e0551dfb97628a362436c78726b7361b6c0f4a2,42,255,11,078b67f7de48ef4e2ef56d846d9f858c3fbd8faf5a3764017e2bc4eef16281bd
5,13,R1/9_right_loop,R1,right_loop,Pore ground truth/Fingerprint Images/R1/9_right_loop.jpg,Pore ground truth/Ground truth/R1/9_right_loop.tsv,fb82e9d766ace7a0ff7082fa9c7c6301ac2d7944b8642b2f6634e597aa152fe5,862d81a3c8277fbf8067548b9e0551dfb97628a362436c78726b7361b6c0f4a2,220,248,169,08b6be64db64f85f66b0af8162ab7d939a0c5bbd0d1b90814a03d012b313faae
5,14,R1/9_right_loop,R1,right_loop,Pore ground truth/Fingerprint Images/R1/9_right_loop.jpg,Pore ground truth/Ground truth/R1/9_right_loop.tsv,fb82e9d766ace7a0ff7082fa9c7c6301ac2d7944b8642b2f6634e597aa152fe5,862d81a3c8277fbf8067548b9e0551dfb97628a362436c78726b7361b6c0f4a2,332,281,329,08ef31ce95a7b52edb224a5cc7783344ba46c869d3c048c1a6f13b8a64a31f94
5,15,R1/9_right_loop,R1,right_loop,Pore ground truth/Fingerprint Images/R1/9_right_loop.jpg,Pore ground truth/Ground truth/R1/9_right_loop.tsv,fb82e9d766ace7a0ff7082fa9c7c6301ac2d7944b8642b2f6634e597aa152fe5,862d81a3c8277fbf8067548b9e0551dfb97628a362436c78726b7361b6c0f4a2,234,191,328,09e8be335a48f1dfa6c3e5971dd2fdde77e08bd77c9c69f83f843d456f422d4d
5,16,R1/9_right_loop,R1,right_loop,Pore ground truth/Fingerprint Images/R1/9_right_loop.jpg,Pore ground truth/Ground truth/R1/9_right_loop.tsv,fb82e9d766ace7a0ff7082fa9c7c6301ac2d7944b8642b2f6634e597aa152fe5,862d81a3c8277fbf8067548b9e0551dfb97628a362436c78726b7361b6c0f4a2,56,17,326,09f4900063e551e72ebfb5c522f7a297bf960636581552cfdda0879bb8019112
5,17,R1/9_right_loop,R1,right_loop,Pore ground truth/Fingerprint Images/R1/9_right_loop.jpg,Pore ground truth/Ground truth/R1/9_right_loop.tsv,fb82e9d766ace7a0ff7082fa9c7c6301ac2d7944b8642b2f6634e597aa152fe5,862d81a3c8277fbf8067548b9e0551dfb97628a362436c78726b7361b6c0f4a2,111,146,120,0a15d674fadc8a48254d7270a5552abb69b30ab14cbfe8a0ce8fb6f166ec755d
5,18,R1/9_right_loop,R1,right_loop,Pore ground truth/Fingerprint Images/R1/9_right_loop.jpg,Pore ground truth/Ground truth/R1/9_right_loop.tsv,fb82e9d766ace7a0ff7082fa9c7c6301ac2d7944b8642b2f6634e597aa152fe5,862d81a3c8277fbf8067548b9e0551dfb97628a362436c78726b7361b6c0f4a2,10,28,94,0a27a6990bb1c9393ecba07c52d1fee9f868e73eacef738e1fd1880158c29a4a
5,19,R1/9_right_loop,R1,right_loop,Pore ground truth/Fingerprint Images/R1/9_right_loop.jpg,Pore ground truth/Ground truth/R1/9_right_loop.tsv,fb82e9d766ace7a0ff7082fa9c7c6301ac2d7944b8642b2f6634e597aa152fe5,862d81a3c8277fbf8067548b9e0551dfb97628a362436c78726b7361b6c0f4a2,259,392,180,0b43f8d8b38428c3b53bd0aa5c8b6128cedb9beba8f4b0df8457fa44d14354d5
5,20,R1/9_right_loop,R1,right_loop,Pore ground truth/Fingerprint Images/R1/9_right_loop.jpg,Pore ground truth/Ground truth/R1/9_right_loop.tsv,fb82e9d766ace7a0ff7082fa9c7c6301ac2d7944b8642b2f6634e597aa152fe5,862d81a3c8277fbf8067548b9e0551dfb97628a362436c78726b7361b6c0f4a2,49,4,259,0b8fe80fe6ad0b8cc19f898ac8df6c8ff46e484e5181f60e29226330ab12f342
6,1,R1/4_right_loop,R1,right_loop,Pore ground truth/Fingerprint Images/R1/4_right_loop.jpg,Pore ground truth/Ground truth/R1/4_right_loop.tsv,af3b0b2b89d88d73adbe52850b70476b0a26c6422249dd748fb25b944f2fd141,59fbf532c181ab28b67f3c9375c98956513976b5e39fe20bda39fac0ddcdd036,288,339,377,012ffda6a9e7c64ee85e13c75ecb65d22677d0d0f97be06a64d1f26c7f7a579f
6,2,R1/4_right_loop,R1,right_loop,Pore ground truth/Fingerprint Images/R1/4_right_loop.jpg,Pore ground truth/Ground truth/R1/4_right_loop.tsv,af3b0b2b89d88d73adbe52850b70476b0a26c6422249dd748fb25b944f2fd141,59fbf532c181ab28b67f3c9375c98956513976b5e39fe20bda39fac0ddcdd036,314,383,206,01a35c6471d86cb5adfd849b14b88d8a823d5c79c9726b827e00b5911832f7fc
6,3,R1/4_right_loop,R1,right_loop,Pore ground truth/Fingerprint Images/R1/4_right_loop.jpg,Pore ground truth/Ground truth/R1/4_right_loop.tsv,af3b0b2b89d88d73adbe52850b70476b0a26c6422249dd748fb25b944f2fd141,59fbf532c181ab28b67f3c9375c98956513976b5e39fe20bda39fac0ddcdd036,112,168,388,020ab9bd84e5941ebf3e72dbad83c6a9e1aff37f39bf4ec9a60043a9b80859fb
6,4,R1/4_right_loop,R1,right_loop,Pore ground truth/Fingerprint Images/R1/4_right_loop.jpg,Pore ground truth/Ground truth/R1/4_right_loop.tsv,af3b0b2b89d88d73adbe52850b70476b0a26c6422249dd748fb25b944f2fd141,59fbf532c181ab28b67f3c9375c98956513976b5e39fe20bda39fac0ddcdd036,262,321,164,0264fe9df0e3030392eb36fb5f529821203271ab4f4e349b2650740354ff8777
6,5,R1/4_right_loop,R1,right_loop,Pore ground truth/Fingerprint Images/R1/4_right_loop.jpg,Pore ground truth/Ground truth/R1/4_right_loop.tsv,af3b0b2b89d88d73adbe52850b70476b0a26c6422249dd748fb25b944f2fd141,59fbf532c181ab28b67f3c9375c98956513976b5e39fe20bda39fac0ddcdd036,20,22,366,0306aac214bfa5b56962d25c6ad808bd7421d3e0f5fe914e93706aaebc3e579a
6,6,R1/4_right_loop,R1,right_loop,Pore ground truth/Fingerprint Images/R1/4_right_loop.jpg,Pore ground truth/Ground truth/R1/4_right_loop.tsv,af3b0b2b89d88d73adbe52850b70476b0a26c6422249dd748fb25b944f2fd141,59fbf532c181ab28b67f3c9375c98956513976b5e39fe20bda39fac0ddcdd036,181,508,325,03f30c3418cfb93165d5be4d8a4fc539bec39caafaa0c1e2971c7c19ba9aad23
6,7,R1/4_right_loop,R1,right_loop,Pore ground truth/Fingerprint Images/R1/4_right_loop.jpg,Pore ground truth/Ground truth/R1/4_right_loop.tsv,af3b0b2b89d88d73adbe52850b70476b0a26c6422249dd748fb25b944f2fd141,59fbf532c181ab28b67f3c9375c98956513976b5e39fe20bda39fac0ddcdd036,197,247,130,0460e46644fb333336edfa2448ea3acf2119e201b2419fb2bdf51b485c16c38a
6,8,R1/4_right_loop,R1,right_loop,Pore ground truth/Fingerprint Images/R1/4_right_loop.jpg,Pore ground truth/Ground truth/R1/4_right_loop.tsv,af3b0b2b89d88d73adbe52850b70476b0a26c6422249dd748fb25b944f2fd141,59fbf532c181ab28b67f3c9375c98956513976b5e39fe20bda39fac0ddcdd036,254,416,445,0494504c997f842b742312457f6172a8fb62e64114a96e341116795ede82218e
6,9,R1/4_right_loop,R1,right_loop,Pore ground truth/Fingerprint Images/R1/4_right_loop.jpg,Pore ground truth/Ground truth/R1/4_right_loop.tsv,af3b0b2b89d88d73adbe52850b70476b0a26c6422249dd748fb25b944f2fd141,59fbf532c181ab28b67f3c9375c98956513976b5e39fe20bda39fac0ddcdd036,270,402,348,05e77c44682c681db54181bcf9aa5501f6d616ad8f32195de21b1f17c23dc735
6,10,R1/4_right_loop,R1,right_loop,Pore ground truth/Fingerprint Images/R1/4_right_loop.jpg,Pore ground truth/Ground truth/R1/4_right_loop.tsv,af3b0b2b89d88d73adbe52850b70476b0a26c6422249dd748fb25b944f2fd141,59fbf532c181ab28b67f3c9375c98956513976b5e39fe20bda39fac0ddcdd036,320,437,350,067ca4ed4e84601187167e73607bfe69d0bdd7aee129e0ecedb0369351cfe319
6,11,R1/4_right_loop,R1,right_loop,Pore ground truth/Fingerprint Images/R1/4_right_loop.jpg,Pore ground truth/Ground truth/R1/4_right_loop.tsv,af3b0b2b89d88d73adbe52850b70476b0a26c6422249dd748fb25b944f2fd141,59fbf532c181ab28b67f3c9375c98956513976b5e39fe20bda39fac0ddcdd036,110,148,340,06f5376d61571ba039dcc148157297e94c911c54a5acc6d9ea941dddb5d79c75
6,12,R1/4_right_loop,R1,right_loop,Pore ground truth/Fingerprint Images/R1/4_right_loop.jpg,Pore ground truth/Ground truth/R1/4_right_loop.tsv,af3b0b2b89d88d73adbe52850b70476b0a26c6422249dd748fb25b944f2fd141,59fbf532c181ab28b67f3c9375c98956513976b5e39fe20bda39fac0ddcdd036,285,310,308,07bcd5a44b51fcc9a5758c4c619831b867a64ba70c4a614717fb1d27546da81a
6,13,R1/4_right_loop,R1,right_loop,Pore ground truth/Fingerprint Images/R1/4_right_loop.jpg,Pore ground truth/Ground truth/R1/4_right_loop.tsv,af3b0b2b89d88d73adbe52850b70476b0a26c6422249dd748fb25b944f2fd141,59fbf532c181ab28b67f3c9375c98956513976b5e39fe20bda39fac0ddcdd036,100,488,66,07f8ba56d0cea62ac8b526481ccf27a7abaef270ce78afb750287e06c3fb94fb
6,14,R1/4_right_loop,R1,right_loop,Pore ground truth/Fingerprint Images/R1/4_right_loop.jpg,Pore ground truth/Ground truth/R1/4_right_loop.tsv,af3b0b2b89d88d73adbe52850b70476b0a26c6422249dd748fb25b944f2fd141,59fbf532c181ab28b67f3c9375c98956513976b5e39fe20bda39fac0ddcdd036,266,368,256,092261465f8a4af4e584d9ee03308ef310bf1af0085593d053577f36aca85cac
6,15,R1/4_right_loop,R1,right_loop,Pore ground truth/Fingerprint Images/R1/4_right_loop.jpg,Pore ground truth/Ground truth/R1/4_right_loop.tsv,af3b0b2b89d88d73adbe52850b70476b0a26c6422249dd748fb25b944f2fd141,59fbf532c181ab28b67f3c9375c98956513976b5e39fe20bda39fac0ddcdd036,59,472,2,098b02428550d143ec84c9265bcb9af651f10b60704d816c51c939f317bec437
6,16,R1/4_right_loop,R1,right_loop,Pore ground truth/Fingerprint Images/R1/4_right_loop.jpg,Pore ground truth/Ground truth/R1/4_right_loop.tsv,af3b0b2b89d88d73adbe52850b70476b0a26c6422249dd748fb25b944f2fd141,59fbf532c181ab28b67f3c9375c98956513976b5e39fe20bda39fac0ddcdd036,309,509,158,09935b28d3272fc0bd6df265ac1bcd496f762ff85b4e01cc194d93e51e4c691d
6,17,R1/4_right_loop,R1,right_loop,Pore ground truth/Fingerprint Images/R1/4_right_loop.jpg,Pore ground truth/Ground truth/R1/4_right_loop.tsv,af3b0b2b89d88d73adbe52850b70476b0a26c6422249dd748fb25b944f2fd141,59fbf532c181ab28b67f3c9375c98956513976b5e39fe20bda39fac0ddcdd036,81,116,152,09afb56daa4829039a7180afe23def5669d1a90000c49b2ff6bdcf3f82ec8584
6,18,R1/4_right_loop,R1,right_loop,Pore ground truth/Fingerprint Images/R1/4_right_loop.jpg,Pore ground truth/Ground truth/R1/4_right_loop.tsv,af3b0b2b89d88d73adbe52850b70476b0a26c6422249dd748fb25b944f2fd141,59fbf532c181ab28b67f3c9375c98956513976b5e39fe20bda39fac0ddcdd036,107,138,313,09b36eeae0a3be7b800a6c15cb9f372d8392e65a39dfbe5976cf5bf096486c3b
6,19,R1/4_right_loop,R1,right_loop,Pore ground truth/Fingerprint Images/R1/4_right_loop.jpg,Pore ground truth/Ground truth/R1/4_right_loop.tsv,af3b0b2b89d88d73adbe52850b70476b0a26c6422249dd748fb25b944f2fd141,59fbf532c181ab28b67f3c9375c98956513976b5e39fe20bda39fac0ddcdd036,158,240,91,0a6a9be018984b9084ef6f7ecf15c29b20d231b5024d44e1d740cea6831bbbad
6,20,R1/4_right_loop,R1,right_loop,Pore ground truth/Fingerprint Images/R1/4_right_loop.jpg,Pore ground truth/Ground truth/R1/4_right_loop.tsv,af3b0b2b89d88d73adbe52850b70476b0a26c6422249dd748fb25b944f2fd141,59fbf532c181ab28b67f3c9375c98956513976b5e39fe20bda39fac0ddcdd036,124,153,147,0cc8927c2094aba2587afa3aeec60376f4b1d8a1c1110b76f315e3f389cc415f
7,1,R1/2_tented_arch,R1,tented_arch,Pore ground truth/Fingerprint Images/R1/2_tented_arch.jpg,Pore ground truth/Ground truth/R1/2_tented_arch.tsv,0d0161811d751c4eb2e4293464aee61b74bd037db34ec9f5028c6b0b2f17e582,da745e83e5d16eb080b050a2dd9a8a90697368397705968f2358da8f1e33ea37,409,323,452,00aed5c1023ed60fe4e5e92cf05a263c2ea3ec556843b7067ea07009efd23fd9
7,2,R1/2_tented_arch,R1,tented_arch,Pore ground truth/Fingerprint Images/R1/2_tented_arch.jpg,Pore ground truth/Ground truth/R1/2_tented_arch.tsv,0d0161811d751c4eb2e4293464aee61b74bd037db34ec9f5028c6b0b2f17e582,da745e83e5d16eb080b050a2dd9a8a90697368397705968f2358da8f1e33ea37,258,299,431,019966a02b1945e45a8092d420682a709f0ad3e2d6efa40ca8db0ad6d9147034
7,3,R1/2_tented_arch,R1,tented_arch,Pore ground truth/Fingerprint Images/R1/2_tented_arch.jpg,Pore ground truth/Ground truth/R1/2_tented_arch.tsv,0d0161811d751c4eb2e4293464aee61b74bd037db34ec9f5028c6b0b2f17e582,da745e83e5d16eb080b050a2dd9a8a90697368397705968f2358da8f1e33ea37,223,158,496,02e488b1f4f447998bb013bae687705d42761178bd11763b8d60a2f26f7e129d
7,4,R1/2_tented_arch,R1,tented_arch,Pore ground truth/Fingerprint Images/R1/2_tented_arch.jpg,Pore ground truth/Ground truth/R1/2_tented_arch.tsv,0d0161811d751c4eb2e4293464aee61b74bd037db34ec9f5028c6b0b2f17e582,da745e83e5d16eb080b050a2dd9a8a90697368397705968f2358da8f1e33ea37,146,162,214,038f4e7d9e24652856703bcba0ae3f13a4de92b864d581f980e36a9a5cd25d09
7,5,R1/2_tented_arch,R1,tented_arch,Pore ground truth/Fingerprint Images/R1/2_tented_arch.jpg,Pore ground truth/Ground truth/R1/2_tented_arch.tsv,0d0161811d751c4eb2e4293464aee61b74bd037db34ec9f5028c6b0b2f17e582,da745e83e5d16eb080b050a2dd9a8a90697368397705968f2358da8f1e33ea37,270,32,347,04d854c113cd8664fe8c775c1dfece29dbf6f7e7801b77ec7df9ac833a865e5e
7,6,R1/2_tented_arch,R1,tented_arch,Pore ground truth/Fingerprint Images/R1/2_tented_arch.jpg,Pore ground truth/Ground truth/R1/2_tented_arch.tsv,0d0161811d751c4eb2e4293464aee61b74bd037db34ec9f5028c6b0b2f17e582,da745e83e5d16eb080b050a2dd9a8a90697368397705968f2358da8f1e33ea37,75,451,132,06eef9143f64c83a19915331b443922a4c60e2f8614968e332456402f504a086
7,7,R1/2_tented_arch,R1,tented_arch,Pore ground truth/Fingerprint Images/R1/2_tented_arch.jpg,Pore ground truth/Ground truth/R1/2_tented_arch.tsv,0d0161811d751c4eb2e4293464aee61b74bd037db34ec9f5028c6b0b2f17e582,da745e83e5d16eb080b050a2dd9a8a90697368397705968f2358da8f1e33ea37,440,460,221,07455f84b6727bf38c44f613c846c2c9a48d33d6c977ba82fdc1d736dad4fcee
7,8,R1/2_tented_arch,R1,tented_arch,Pore ground truth/Fingerprint Images/R1/2_tented_arch.jpg,Pore ground truth/Ground truth/R1/2_tented_arch.tsv,0d0161811d751c4eb2e4293464aee61b74bd037db34ec9f5028c6b0b2f17e582,da745e83e5d16eb080b050a2dd9a8a90697368397705968f2358da8f1e33ea37,243,313,506,0762d61aec3394274054fd0437b74e59058fb2e00a7843779b9d0eee5e1fc5a5
7,9,R1/2_tented_arch,R1,tented_arch,Pore ground truth/Fingerprint Images/R1/2_tented_arch.jpg,Pore ground truth/Ground truth/R1/2_tented_arch.tsv,0d0161811d751c4eb2e4293464aee61b74bd037db34ec9f5028c6b0b2f17e582,da745e83e5d16eb080b050a2dd9a8a90697368397705968f2358da8f1e33ea37,189,162,330,077b4254d059ab7201cec7ec22ab5aaa2fcf90296a7f55bb92fae5d2beefc7bb
7,10,R1/2_tented_arch,R1,tented_arch,Pore ground truth/Fingerprint Images/R1/2_tented_arch.jpg,Pore ground truth/Ground truth/R1/2_tented_arch.tsv,0d0161811d751c4eb2e4293464aee61b74bd037db34ec9f5028c6b0b2f17e582,da745e83e5d16eb080b050a2dd9a8a90697368397705968f2358da8f1e33ea37,46,21,114,0811d6c763f8ef61eb65d55bae777e8005df02fbc51b9e1442b4badd384073f8
7,11,R1/2_tented_arch,R1,tented_arch,Pore ground truth/Fingerprint Images/R1/2_tented_arch.jpg,Pore ground truth/Ground truth/R1/2_tented_arch.tsv,0d0161811d751c4eb2e4293464aee61b74bd037db34ec9f5028c6b0b2f17e582,da745e83e5d16eb080b050a2dd9a8a90697368397705968f2358da8f1e33ea37,62,179,69,0821572c0f13d54c050660fb560c463e9b59ccc84bc69e73261b5694afdf8c5d
7,12,R1/2_tented_arch,R1,tented_arch,Pore ground truth/Fingerprint Images/R1/2_tented_arch.jpg,Pore ground truth/Ground truth/R1/2_tented_arch.tsv,0d0161811d751c4eb2e4293464aee61b74bd037db34ec9f5028c6b0b2f17e582,da745e83e5d16eb080b050a2dd9a8a90697368397705968f2358da8f1e33ea37,246,67,485,085300b60ee090086c9cbb61e3dc91c72df5bdef0e4f3b15b54bdda231e0e3b9
7,13,R1/2_tented_arch,R1,tented_arch,Pore ground truth/Fingerprint Images/R1/2_tented_arch.jpg,Pore ground truth/Ground truth/R1/2_tented_arch.tsv,0d0161811d751c4eb2e4293464aee61b74bd037db34ec9f5028c6b0b2f17e582,da745e83e5d16eb080b050a2dd9a8a90697368397705968f2358da8f1e33ea37,291,370,152,08e3a9ca79d3e93e60d913dfcbe3bc1b0c7d6497bf2bd804c7a1e41295d5be67
7,14,R1/2_tented_arch,R1,tented_arch,Pore ground truth/Fingerprint Images/R1/2_tented_arch.jpg,Pore ground truth/Ground truth/R1/2_tented_arch.tsv,0d0161811d751c4eb2e4293464aee61b74bd037db34ec9f5028c6b0b2f17e582,da745e83e5d16eb080b050a2dd9a8a90697368397705968f2358da8f1e33ea37,119,377,127,0a6422223eac9a008f78d2e785760f2afca3f973927e5e1569ede23f8054094b
7,15,R1/2_tented_arch,R1,tented_arch,Pore ground truth/Fingerprint Images/R1/2_tented_arch.jpg,Pore ground truth/Ground truth/R1/2_tented_arch.tsv,0d0161811d751c4eb2e4293464aee61b74bd037db34ec9f5028c6b0b2f17e582,da745e83e5d16eb080b050a2dd9a8a90697368397705968f2358da8f1e33ea37,422,367,27,0ab94f569593c1caae7f71862f60ac6e71952a9362df38e954d3a36211556d1a
7,16,R1/2_tented_arch,R1,tented_arch,Pore ground truth/Fingerprint Images/R1/2_tented_arch.jpg,Pore ground truth/Ground truth/R1/2_tented_arch.tsv,0d0161811d751c4eb2e4293464aee61b74bd037db34ec9f5028c6b0b2f17e582,da745e83e5d16eb080b050a2dd9a8a90697368397705968f2358da8f1e33ea37,206,118,429,0af761ddbc875d625e724333ecf4640a31c1ed9275299030e0bcb2a3c4b05206
7,17,R1/2_tented_arch,R1,tented_arch,Pore ground truth/Fingerprint Images/R1/2_tented_arch.jpg,Pore ground truth/Ground truth/R1/2_tented_arch.tsv,0d0161811d751c4eb2e4293464aee61b74bd037db34ec9f5028c6b0b2f17e582,da745e83e5d16eb080b050a2dd9a8a90697368397705968f2358da8f1e33ea37,228,292,480,0b03e53651f24baa9ead02118610111175f912a23acf25c7460cd1d7d3290b0e
7,18,R1/2_tented_arch,R1,tented_arch,Pore ground truth/Fingerprint Images/R1/2_tented_arch.jpg,Pore ground truth/Ground truth/R1/2_tented_arch.tsv,0d0161811d751c4eb2e4293464aee61b74bd037db34ec9f5028c6b0b2f17e582,da745e83e5d16eb080b050a2dd9a8a90697368397705968f2358da8f1e33ea37,60,131,88,0b9ef33503523b2f174cb1c66ac612a651ce2944cda34e03fe698c0bdbaab331
7,19,R1/2_tented_arch,R1,tented_arch,Pore ground truth/Fingerprint Images/R1/2_tented_arch.jpg,Pore ground truth/Ground truth/R1/2_tented_arch.tsv,0d0161811d751c4eb2e4293464aee61b74bd037db34ec9f5028c6b0b2f17e582,da745e83e5d16eb080b050a2dd9a8a90697368397705968f2358da8f1e33ea37,160,370,287,0be147fe80d5cfbf66db1b373277694d8be7b4292776c447d108b3c84c578938
7,20,R1/2_tented_arch,R1,tented_arch,Pore ground truth/Fingerprint Images/R1/2_tented_arch.jpg,Pore ground truth/Ground truth/R1/2_tented_arch.tsv,0d0161811d751c4eb2e4293464aee61b74bd037db34ec9f5028c6b0b2f17e582,da745e83e5d16eb080b050a2dd9a8a90697368397705968f2358da8f1e33ea37,187,129,363,0bee74444fb51d3e4803f2f0e9b210b65720b6949d5eb141b0393d54d478d174
8,1,R1/42_whorl,R1,whorl,Pore ground truth/Fingerprint Images/R1/42_whorl.jpg,Pore ground truth/Ground truth/R1/42_whorl.tsv,51d0cbe3f662a1e1cbfdebe45f175f7502a12bc1666e0b13cf0bc58961e3e571,5831d7d859fa73b9adebba273d5b39feb128a921371e967d1ee6c12f602af186,153,61,345,00bbf7c9c9bf3ea3a4093b01a93da1f5c322ce0236b893b6437fa2171809efad
8,2,R1/42_whorl,R1,whorl,Pore ground truth/Fingerprint Images/R1/42_whorl.jpg,Pore ground truth/Ground truth/R1/42_whorl.tsv,51d0cbe3f662a1e1cbfdebe45f175f7502a12bc1666e0b13cf0bc58961e3e571,5831d7d859fa73b9adebba273d5b39feb128a921371e967d1ee6c12f602af186,294,448,172,011bfa4ec1e07a039a41f87887f9726bd6cf46058c6e188cfe2822c9aa4a0971
8,3,R1/42_whorl,R1,whorl,Pore ground truth/Fingerprint Images/R1/42_whorl.jpg,Pore ground truth/Ground truth/R1/42_whorl.tsv,51d0cbe3f662a1e1cbfdebe45f175f7502a12bc1666e0b13cf0bc58961e3e571,5831d7d859fa73b9adebba273d5b39feb128a921371e967d1ee6c12f602af186,91,314,493,01320b0283875e458c06bc36f85d1217056ddc038aaffc410fe42e094904bab0
8,4,R1/42_whorl,R1,whorl,Pore ground truth/Fingerprint Images/R1/42_whorl.jpg,Pore ground truth/Ground truth/R1/42_whorl.tsv,51d0cbe3f662a1e1cbfdebe45f175f7502a12bc1666e0b13cf0bc58961e3e571,5831d7d859fa73b9adebba273d5b39feb128a921371e967d1ee6c12f602af186,199,91,294,02d50fb5cab68fe3b69b6905e8ceee39c5040a1c419a68834d1978f11b03f3b5
8,5,R1/42_whorl,R1,whorl,Pore ground truth/Fingerprint Images/R1/42_whorl.jpg,Pore ground truth/Ground truth/R1/42_whorl.tsv,51d0cbe3f662a1e1cbfdebe45f175f7502a12bc1666e0b13cf0bc58961e3e571,5831d7d859fa73b9adebba273d5b39feb128a921371e967d1ee6c12f602af186,265,469,423,036f811622113c98bc08a8406e1c4cdbfbf153762684bef1fad86e81e7b70ec9
8,6,R1/42_whorl,R1,whorl,Pore ground truth/Fingerprint Images/R1/42_whorl.jpg,Pore ground truth/Ground truth/R1/42_whorl.tsv,51d0cbe3f662a1e1cbfdebe45f175f7502a12bc1666e0b13cf0bc58961e3e571,5831d7d859fa73b9adebba273d5b39feb128a921371e967d1ee6c12f602af186,15,510,65,0371b08b2342bc213e5e974b8ccfe434301e204bd70d50c76b4860a71237b74f
8,7,R1/42_whorl,R1,whorl,Pore ground truth/Fingerprint Images/R1/42_whorl.jpg,Pore ground truth/Ground truth/R1/42_whorl.tsv,51d0cbe3f662a1e1cbfdebe45f175f7502a12bc1666e0b13cf0bc58961e3e571,5831d7d859fa73b9adebba273d5b39feb128a921371e967d1ee6c12f602af186,94,378,460,03eaf9dbf1790e4f7fcfbaffd4ddf5f7842a9aa3336abd6fb2a50dde0d1eda7b
8,8,R1/42_whorl,R1,whorl,Pore ground truth/Fingerprint Images/R1/42_whorl.jpg,Pore ground truth/Ground truth/R1/42_whorl.tsv,51d0cbe3f662a1e1cbfdebe45f175f7502a12bc1666e0b13cf0bc58961e3e571,5831d7d859fa73b9adebba273d5b39feb128a921371e967d1ee6c12f602af186,181,412,346,04b608e15f91bc32a25be4b35bc14f4d53ebc47ae64e93c27e740a78ae31b4c6
8,9,R1/42_whorl,R1,whorl,Pore ground truth/Fingerprint Images/R1/42_whorl.jpg,Pore ground truth/Ground truth/R1/42_whorl.tsv,51d0cbe3f662a1e1cbfdebe45f175f7502a12bc1666e0b13cf0bc58961e3e571,5831d7d859fa73b9adebba273d5b39feb128a921371e967d1ee6c12f602af186,125,13,307,05538352bf63b2bab05ab4a42fbb34f67407b8de0a309c5685b64eb92dd131b4
8,10,R1/42_whorl,R1,whorl,Pore ground truth/Fingerprint Images/R1/42_whorl.jpg,Pore ground truth/Ground truth/R1/42_whorl.tsv,51d0cbe3f662a1e1cbfdebe45f175f7502a12bc1666e0b13cf0bc58961e3e571,5831d7d859fa73b9adebba273d5b39feb128a921371e967d1ee6c12f602af186,26,32,471,059ecc06e4d4fdf467277f7850320da7909186b072148f155a37dfd841bb0b56
8,11,R1/42_whorl,R1,whorl,Pore ground truth/Fingerprint Images/R1/42_whorl.jpg,Pore ground truth/Ground truth/R1/42_whorl.tsv,51d0cbe3f662a1e1cbfdebe45f175f7502a12bc1666e0b13cf0bc58961e3e571,5831d7d859fa73b9adebba273d5b39feb128a921371e967d1ee6c12f602af186,344,384,126,0624cb8eda3a4855d53108e0d9581690f64f5082e090111ba84489976614097c
8,12,R1/42_whorl,R1,whorl,Pore ground truth/Fingerprint Images/R1/42_whorl.jpg,Pore ground truth/Ground truth/R1/42_whorl.tsv,51d0cbe3f662a1e1cbfdebe45f175f7502a12bc1666e0b13cf0bc58961e3e571,5831d7d859fa73b9adebba273d5b39feb128a921371e967d1ee6c12f602af186,343,375,121,0680f016654de83c343ef9333bfefa7c2ed0f59ad005b1c9e9c967a216cb2063
8,13,R1/42_whorl,R1,whorl,Pore ground truth/Fingerprint Images/R1/42_whorl.jpg,Pore ground truth/Ground truth/R1/42_whorl.tsv,51d0cbe3f662a1e1cbfdebe45f175f7502a12bc1666e0b13cf0bc58961e3e571,5831d7d859fa73b9adebba273d5b39feb128a921371e967d1ee6c12f602af186,342,368,103,06a898878a9f76c893f029db3a7201b53bdc6705bf2ea866414ddf217530474f
8,14,R1/42_whorl,R1,whorl,Pore ground truth/Fingerprint Images/R1/42_whorl.jpg,Pore ground truth/Ground truth/R1/42_whorl.tsv,51d0cbe3f662a1e1cbfdebe45f175f7502a12bc1666e0b13cf0bc58961e3e571,5831d7d859fa73b9adebba273d5b39feb128a921371e967d1ee6c12f602af186,220,161,295,06fcfdba806da9833d3d42ef4ca8b6f2afb10b4091e765c421b4443c4c8e254f
8,15,R1/42_whorl,R1,whorl,Pore ground truth/Fingerprint Images/R1/42_whorl.jpg,Pore ground truth/Ground truth/R1/42_whorl.tsv,51d0cbe3f662a1e1cbfdebe45f175f7502a12bc1666e0b13cf0bc58961e3e571,5831d7d859fa73b9adebba273d5b39feb128a921371e967d1ee6c12f602af186,389,315,268,0766ac26ec24356dc79176682c2aedd4cc213f66c429196fb3a8a4abbd5c7a02
8,16,R1/42_whorl,R1,whorl,Pore ground truth/Fingerprint Images/R1/42_whorl.jpg,Pore ground truth/Ground truth/R1/42_whorl.tsv,51d0cbe3f662a1e1cbfdebe45f175f7502a12bc1666e0b13cf0bc58961e3e571,5831d7d859fa73b9adebba273d5b39feb128a921371e967d1ee6c12f602af186,305,388,340,07de02c1929930edb50493617ef3ca30caecf7374826aa6b8108d1f72dc7c603
8,17,R1/42_whorl,R1,whorl,Pore ground truth/Fingerprint Images/R1/42_whorl.jpg,Pore ground truth/Ground truth/R1/42_whorl.tsv,51d0cbe3f662a1e1cbfdebe45f175f7502a12bc1666e0b13cf0bc58961e3e571,5831d7d859fa73b9adebba273d5b39feb128a921371e967d1ee6c12f602af186,194,64,211,08b8594147e520ca5a592e9bee8d9ca8e128cfe71c1cf6978724d9da6188764c
8,18,R1/42_whorl,R1,whorl,Pore ground truth/Fingerprint Images/R1/42_whorl.jpg,Pore ground truth/Ground truth/R1/42_whorl.tsv,51d0cbe3f662a1e1cbfdebe45f175f7502a12bc1666e0b13cf0bc58961e3e571,5831d7d859fa73b9adebba273d5b39feb128a921371e967d1ee6c12f602af186,32,167,500,09339295b853d948bd05e6fa6097622b3d3be1e882c30740c94e0058d3fd39ca
8,19,R1/42_whorl,R1,whorl,Pore ground truth/Fingerprint Images/R1/42_whorl.jpg,Pore ground truth/Ground truth/R1/42_whorl.tsv,51d0cbe3f662a1e1cbfdebe45f175f7502a12bc1666e0b13cf0bc58961e3e571,5831d7d859fa73b9adebba273d5b39feb128a921371e967d1ee6c12f602af186,307,356,368,0986db7016cdf6f258f17c4e4293fbc878acf0a62b8fa3fae6f0e6aaa00d6257
8,20,R1/42_whorl,R1,whorl,Pore ground truth/Fingerprint Images/R1/42_whorl.jpg,Pore ground truth/Ground truth/R1/42_whorl.tsv,51d0cbe3f662a1e1cbfdebe45f175f7502a12bc1666e0b13cf0bc58961e3e571,5831d7d859fa73b9adebba273d5b39feb128a921371e967d1ee6c12f602af186,177,459,270,0a4e9428aa636e0d7f937f96d416533ca8953715b8167bbba8cb58b52a136364
9,1,R1/21_whorl,R1,whorl,Pore ground truth/Fingerprint Images/R1/21_whorl.jpg,Pore ground truth/Ground truth/R1/21_whorl.tsv,b9b9ce995c4a75132b6676fc4aa05015b8be991e95221ba23a2da8762c400f8b,74c95183bcc3634a5887220c77cd528a6fdcaa42f8f816ef66957d988ddf1cf0,9,467,323,003065d3a0afe755eadf6abdabd9e38c83a96d3b9deb57b5d60c77b4a9f5e383
9,2,R1/21_whorl,R1,whorl,Pore ground truth/Fingerprint Images/R1/21_whorl.jpg,Pore ground truth/Ground truth/R1/21_whorl.tsv,b9b9ce995c4a75132b6676fc4aa05015b8be991e95221ba23a2da8762c400f8b,74c95183bcc3634a5887220c77cd528a6fdcaa42f8f816ef66957d988ddf1cf0,177,67,311,007089ef39dde1156b1932792dc2496f58a650c904d43b878c14d4ad60b78ce2
9,3,R1/21_whorl,R1,whorl,Pore ground truth/Fingerprint Images/R1/21_whorl.jpg,Pore ground truth/Ground truth/R1/21_whorl.tsv,b9b9ce995c4a75132b6676fc4aa05015b8be991e95221ba23a2da8762c400f8b,74c95183bcc3634a5887220c77cd528a6fdcaa42f8f816ef66957d988ddf1cf0,314,287,316,00ab32a88f66a946708841af7f41a03c63a5bf4f17140ce7eb1d226f8b85917d
9,4,R1/21_whorl,R1,whorl,Pore ground truth/Fingerprint Images/R1/21_whorl.jpg,Pore ground truth/Ground truth/R1/21_whorl.tsv,b9b9ce995c4a75132b6676fc4aa05015b8be991e95221ba23a2da8762c400f8b,74c95183bcc3634a5887220c77cd528a6fdcaa42f8f816ef66957d988ddf1cf0,111,31,192,0226e9bc55bfe003d34660ebcec061a7daa36725692fb8100b11e449eba51909
9,5,R1/21_whorl,R1,whorl,Pore ground truth/Fingerprint Images/R1/21_whorl.jpg,Pore ground truth/Ground truth/R1/21_whorl.tsv,b9b9ce995c4a75132b6676fc4aa05015b8be991e95221ba23a2da8762c400f8b,74c95183bcc3634a5887220c77cd528a6fdcaa42f8f816ef66957d988ddf1cf0,103,11,155,0243b877ea9cf9cac3286f88cc4cf78ea4023fd3851833af468ecfaf12bb978b
9,6,R1/21_whorl,R1,whorl,Pore ground truth/Fingerprint Images/R1/21_whorl.jpg,Pore ground truth/Ground truth/R1/21_whorl.tsv,b9b9ce995c4a75132b6676fc4aa05015b8be991e95221ba23a2da8762c400f8b,74c95183bcc3634a5887220c77cd528a6fdcaa42f8f816ef66957d988ddf1cf0,117,39,299,03099c54958209e78fe8d56441a42204e1f7a1a2f36933458251cf643503478b
9,7,R1/21_whorl,R1,whorl,Pore ground truth/Fingerprint Images/R1/21_whorl.jpg,Pore ground truth/Ground truth/R1/21_whorl.tsv,b9b9ce995c4a75132b6676fc4aa05015b8be991e95221ba23a2da8762c400f8b,74c95183bcc3634a5887220c77cd528a6fdcaa42f8f816ef66957d988ddf1cf0,299,339,119,044b43795b68212f0d3f1e64f71009b7ad34c863f84bd3a5bb28f5d1ea6dd155
9,8,R1/21_whorl,R1,whorl,Pore ground truth/Fingerprint Images/R1/21_whorl.jpg,Pore ground truth/Ground truth/R1/21_whorl.tsv,b9b9ce995c4a75132b6676fc4aa05015b8be991e95221ba23a2da8762c400f8b,74c95183bcc3634a5887220c77cd528a6fdcaa42f8f816ef66957d988ddf1cf0,57,495,168,048bd8c1c5473ccf94682772dc9dfad21cd5823796f501653e3bd54388004081
9,9,R1/21_whorl,R1,whorl,Pore ground truth/Fingerprint Images/R1/21_whorl.jpg,Pore ground truth/Ground truth/R1/21_whorl.tsv,b9b9ce995c4a75132b6676fc4aa05015b8be991e95221ba23a2da8762c400f8b,74c95183bcc3634a5887220c77cd528a6fdcaa42f8f816ef66957d988ddf1cf0,179,98,367,052bff0848c616e6fa4db43352751b850f11490ef3a105614efa238b7e42dc4b
9,10,R1/21_whorl,R1,whorl,Pore ground truth/Fingerprint Images/R1/21_whorl.jpg,Pore ground truth/Ground truth/R1/21_whorl.tsv,b9b9ce995c4a75132b6676fc4aa05015b8be991e95221ba23a2da8762c400f8b,74c95183bcc3634a5887220c77cd528a6fdcaa42f8f816ef66957d988ddf1cf0,340,310,181,0592d97dcef5517b5d1aadde1ded962ec087139974bfa81783046dc442654851
9,11,R1/21_whorl,R1,whorl,Pore ground truth/Fingerprint Images/R1/21_whorl.jpg,Pore ground truth/Ground truth/R1/21_whorl.tsv,b9b9ce995c4a75132b6676fc4aa05015b8be991e95221ba23a2da8762c400f8b,74c95183bcc3634a5887220c77cd528a6fdcaa42f8f816ef66957d988ddf1cf0,44,18,25,05e73ba8292903f8a5214c2f553d6cfeb27c5cbcb3464ee136e1eb70ca72de96
9,12,R1/21_whorl,R1,whorl,Pore ground truth/Fingerprint Images/R1/21_whorl.jpg,Pore ground truth/Ground truth/R1/21_whorl.tsv,b9b9ce995c4a75132b6676fc4aa05015b8be991e95221ba23a2da8762c400f8b,74c95183bcc3634a5887220c77cd528a6fdcaa42f8f816ef66957d988ddf1cf0,318,351,260,066b5101fe0fc6afe747717442e6a2a5252c8ddeeb181088c0bdcdda5df7ffe4
9,13,R1/21_whorl,R1,whorl,Pore ground truth/Fingerprint Images/R1/21_whorl.jpg,Pore ground truth/Ground truth/R1/21_whorl.tsv,b9b9ce995c4a75132b6676fc4aa05015b8be991e95221ba23a2da8762c400f8b,74c95183bcc3634a5887220c77cd528a6fdcaa42f8f816ef66957d988ddf1cf0,134,374,6,081751b3af6ddae8db35cfab2b69e6d8c40ca4095ff0ed2d51154e4a22c0c783
9,14,R1/21_whorl,R1,whorl,Pore ground truth/Fingerprint Images/R1/21_whorl.jpg,Pore ground truth/Ground truth/R1/21_whorl.tsv,b9b9ce995c4a75132b6676fc4aa05015b8be991e95221ba23a2da8762c400f8b,74c95183bcc3634a5887220c77cd528a6fdcaa42f8f816ef66957d988ddf1cf0,118,40,322,082a2dbc2aa3b3b69a154fd4495b2235aa4274850559e48ce90c3ef35f4ae403
9,15,R1/21_whorl,R1,whorl,Pore ground truth/Fingerprint Images/R1/21_whorl.jpg,Pore ground truth/Ground truth/R1/21_whorl.tsv,b9b9ce995c4a75132b6676fc4aa05015b8be991e95221ba23a2da8762c400f8b,74c95183bcc3634a5887220c77cd528a6fdcaa42f8f816ef66957d988ddf1cf0,131,101,31,0a6a9ddbd23b79521ba85e29e5e70319e473e7604d5f6baff4f92a471965c200
9,16,R1/21_whorl,R1,whorl,Pore ground truth/Fingerprint Images/R1/21_whorl.jpg,Pore ground truth/Ground truth/R1/21_whorl.tsv,b9b9ce995c4a75132b6676fc4aa05015b8be991e95221ba23a2da8762c400f8b,74c95183bcc3634a5887220c77cd528a6fdcaa42f8f816ef66957d988ddf1cf0,284,489,507,0aa882dd9cc14ad3dc6bcf6f36fa52ca2ddad9f4aa0cfe9ac9cb403f525b2341
9,17,R1/21_whorl,R1,whorl,Pore ground truth/Fingerprint Images/R1/21_whorl.jpg,Pore ground truth/Ground truth/R1/21_whorl.tsv,b9b9ce995c4a75132b6676fc4aa05015b8be991e95221ba23a2da8762c400f8b,74c95183bcc3634a5887220c77cd528a6fdcaa42f8f816ef66957d988ddf1cf0,61,414,486,0adf66cce4114e203b8d56ab7f840959ca932ba0d35f6425ff1de12cde8850b4
9,18,R1/21_whorl,R1,whorl,Pore ground truth/Fingerprint Images/R1/21_whorl.jpg,Pore ground truth/Ground truth/R1/21_whorl.tsv,b9b9ce995c4a75132b6676fc4aa05015b8be991e95221ba23a2da8762c400f8b,74c95183bcc3634a5887220c77cd528a6fdcaa42f8f816ef66957d988ddf1cf0,150,387,319,0af65c9de0edbf46482b387d0669cc48da4ab8f2f8cd52d382fce8749725533f
9,19,R1/21_whorl,R1,whorl,Pore ground truth/Fingerprint Images/R1/21_whorl.jpg,Pore ground truth/Ground truth/R1/21_whorl.tsv,b9b9ce995c4a75132b6676fc4aa05015b8be991e95221ba23a2da8762c400f8b,74c95183bcc3634a5887220c77cd528a6fdcaa42f8f816ef66957d988ddf1cf0,371,504,54,0b34e5abb944853c46a4bc7942dd8c81493caca04278d00546c708faca46f43f
9,20,R1/21_whorl,R1,whorl,Pore ground truth/Fingerprint Images/R1/21_whorl.jpg,Pore ground truth/Ground truth/R1/21_whorl.tsv,b9b9ce995c4a75132b6676fc4aa05015b8be991e95221ba23a2da8762c400f8b,74c95183bcc3634a5887220c77cd528a6fdcaa42f8f816ef66957d988ddf1cf0,320,144,160,0c06d7c4e57716bf9e7918fdb85776f4c4a745564cab808a4021cb47cf3d9f8c
10,1,R1/48_whorl,R1,whorl,Pore ground truth/Fingerprint Images/R1/48_whorl.jpg,Pore ground truth/Ground truth/R1/48_whorl.tsv,70df2bd20d56b3fac03b44cd2ba129a6b69ee38d75aa3c6eaf3414cd1c9ef31f,77c0b27034a94682bdad0c72c8f90a7d5f812f6061ce561e35a615be98d1430e,101,169,454,00d1e4eef0e82ea6b737184dbb84e723dd17de2f58d4c5dbe3f0de6d3ceb0246
10,2,R1/48_whorl,R1,whorl,Pore ground truth/Fingerprint Images/R1/48_whorl.jpg,Pore ground truth/Ground truth/R1/48_whorl.tsv,70df2bd20d56b3fac03b44cd2ba129a6b69ee38d75aa3c6eaf3414cd1c9ef31f,77c0b27034a94682bdad0c72c8f90a7d5f812f6061ce561e35a615be98d1430e,231,249,367,01d414ac4ad68f735631f4489f2a3e845daf11ad158a0ea6e9271a6f52552e55
10,3,R1/48_whorl,R1,whorl,Pore ground truth/Fingerprint Images/R1/48_whorl.jpg,Pore ground truth/Ground truth/R1/48_whorl.tsv,70df2bd20d56b3fac03b44cd2ba129a6b69ee38d75aa3c6eaf3414cd1c9ef31f,77c0b27034a94682bdad0c72c8f90a7d5f812f6061ce561e35a615be98d1430e,260,281,95,01f44ff560bc27490acce33b829ded19dcb51e79dfbbd7a429124226e13c710d
10,4,R1/48_whorl,R1,whorl,Pore ground truth/Fingerprint Images/R1/48_whorl.jpg,Pore ground truth/Ground truth/R1/48_whorl.tsv,70df2bd20d56b3fac03b44cd2ba129a6b69ee38d75aa3c6eaf3414cd1c9ef31f,77c0b27034a94682bdad0c72c8f90a7d5f812f6061ce561e35a615be98d1430e,66,97,422,02a376c96b9767c18e36f2bca5d669fa0c0d40489f2a1b29708475219c0c9a01
10,5,R1/48_whorl,R1,whorl,Pore ground truth/Fingerprint Images/R1/48_whorl.jpg,Pore ground truth/Ground truth/R1/48_whorl.tsv,70df2bd20d56b3fac03b44cd2ba129a6b69ee38d75aa3c6eaf3414cd1c9ef31f,77c0b27034a94682bdad0c72c8f90a7d5f812f6061ce561e35a615be98d1430e,264,359,82,02b53db41c96d9282012415d1681e078b5e2a811c634a16c9c03cb97d4277cb8
10,6,R1/48_whorl,R1,whorl,Pore ground truth/Fingerprint Images/R1/48_whorl.jpg,Pore ground truth/Ground truth/R1/48_whorl.tsv,70df2bd20d56b3fac03b44cd2ba129a6b69ee38d75aa3c6eaf3414cd1c9ef31f,77c0b27034a94682bdad0c72c8f90a7d5f812f6061ce561e35a615be98d1430e,278,308,239,03e9f2ee34203cc76b2db0d17787ecd720c98086872bd43c921966950fdcee2b
10,7,R1/48_whorl,R1,whorl,Pore ground truth/Fingerprint Images/R1/48_whorl.jpg,Pore ground truth/Ground truth/R1/48_whorl.tsv,70df2bd20d56b3fac03b44cd2ba129a6b69ee38d75aa3c6eaf3414cd1c9ef31f,77c0b27034a94682bdad0c72c8f90a7d5f812f6061ce561e35a615be98d1430e,247,383,196,055bc506a492b25939913bb7e75ee8a4f4f1c6da2fec09f9c4b1eaa3702716b4
10,8,R1/48_whorl,R1,whorl,Pore ground truth/Fingerprint Images/R1/48_whorl.jpg,Pore ground truth/Ground truth/R1/48_whorl.tsv,70df2bd20d56b3fac03b44cd2ba129a6b69ee38d75aa3c6eaf3414cd1c9ef31f,77c0b27034a94682bdad0c72c8f90a7d5f812f6061ce561e35a615be98d1430e,53,113,47,056737d7931eb7f8455f86a3aeacf9cae4965d8a8bfe2f25ab5b9a0112902475
10,9,R1/48_whorl,R1,whorl,Pore ground truth/Fingerprint Images/R1/48_whorl.jpg,Pore ground truth/Ground truth/R1/48_whorl.tsv,70df2bd20d56b3fac03b44cd2ba129a6b69ee38d75aa3c6eaf3414cd1c9ef31f,77c0b27034a94682bdad0c72c8f90a7d5f812f6061ce561e35a615be98d1430e,147,297,438,06461c5c57d9b9a6a655970f20512d6c21f3c099597c5b44124b548071a3945a
10,10,R1/48_whorl,R1,whorl,Pore ground truth/Fingerprint Images/R1/48_whorl.jpg,Pore ground truth/Ground truth/R1/48_whorl.tsv,70df2bd20d56b3fac03b44cd2ba129a6b69ee38d75aa3c6eaf3414cd1c9ef31f,77c0b27034a94682bdad0c72c8f90a7d5f812f6061ce561e35a615be98d1430e,312,470,402,0657dbdb6afe9fce9193388ca54edfe1f965c950c809c5f01a8ada82650c9152
10,11,R1/48_whorl,R1,whorl,Pore ground truth/Fingerprint Images/R1/48_whorl.jpg,Pore ground truth/Ground truth/R1/48_whorl.tsv,70df2bd20d56b3fac03b44cd2ba129a6b69ee38d75aa3c6eaf3414cd1c9ef31f,77c0b27034a94682bdad0c72c8f90a7d5f812f6061ce561e35a615be98d1430e,23,34,296,07366d006684a8009b9cb98d00525bd3cc36ea7f665126fd62424ca0ee75a087
10,12,R1/48_whorl,R1,whorl,Pore ground truth/Fingerprint Images/R1/48_whorl.jpg,Pore ground truth/Ground truth/R1/48_whorl.tsv,70df2bd20d56b3fac03b44cd2ba129a6b69ee38d75aa3c6eaf3414cd1c9ef31f,77c0b27034a94682bdad0c72c8f90a7d5f812f6061ce561e35a615be98d1430e,159,243,403,0859e9f87a3f18760bb2cafa6a0b1bd82699882f750d0036fa764e67ba38d615
10,13,R1/48_whorl,R1,whorl,Pore ground truth/Fingerprint Images/R1/48_whorl.jpg,Pore ground truth/Ground truth/R1/48_whorl.tsv,70df2bd20d56b3fac03b44cd2ba129a6b69ee38d75aa3c6eaf3414cd1c9ef31f,77c0b27034a94682bdad0c72c8f90a7d5f812f6061ce561e35a615be98d1430e,38,56,39,087e4b4c8c7279b73c5f4870ed0b6424ffb81b7e8c0c0e586b968608dc5da874
10,14,R1/48_whorl,R1,whorl,Pore ground truth/Fingerprint Images/R1/48_whorl.jpg,Pore ground truth/Ground truth/R1/48_whorl.tsv,70df2bd20d56b3fac03b44cd2ba129a6b69ee38d75aa3c6eaf3414cd1c9ef31f,77c0b27034a94682bdad0c72c8f90a7d5f812f6061ce561e35a615be98d1430e,67,105,443,08de345bb425edfdf7996a6ca12218934ca723764c8db87b17eada770c18aa79
10,15,R1/48_whorl,R1,whorl,Pore ground truth/Fingerprint Images/R1/48_whorl.jpg,Pore ground truth/Ground truth/R1/48_whorl.tsv,70df2bd20d56b3fac03b44cd2ba129a6b69ee38d75aa3c6eaf3414cd1c9ef31f,77c0b27034a94682bdad0c72c8f90a7d5f812f6061ce561e35a615be98d1430e,327,474,144,0942efa39e20c9d0da57746f1f72f0c6a5da56481476ea9295847c4f235b9702
10,16,R1/48_whorl,R1,whorl,Pore ground truth/Fingerprint Images/R1/48_whorl.jpg,Pore ground truth/Ground truth/R1/48_whorl.tsv,70df2bd20d56b3fac03b44cd2ba129a6b69ee38d75aa3c6eaf3414cd1c9ef31f,77c0b27034a94682bdad0c72c8f90a7d5f812f6061ce561e35a615be98d1430e,191,326,344,0a4b75e45685208b58b55cc1a8a6e7f1bda56b4d23efb8b3ece9a01ceb2bdbbf
10,17,R1/48_whorl,R1,whorl,Pore ground truth/Fingerprint Images/R1/48_whorl.jpg,Pore ground truth/Ground truth/R1/48_whorl.tsv,70df2bd20d56b3fac03b44cd2ba129a6b69ee38d75aa3c6eaf3414cd1c9ef31f,77c0b27034a94682bdad0c72c8f90a7d5f812f6061ce561e35a615be98d1430e,323,468,137,0bf7d15a524f6c03dfdf57d691af17b01ae782a04e4c74ceb3ae3bc1dc74bac6
10,18,R1/48_whorl,R1,whorl,Pore ground truth/Fingerprint Images/R1/48_whorl.jpg,Pore ground truth/Ground truth/R1/48_whorl.tsv,70df2bd20d56b3fac03b44cd2ba129a6b69ee38d75aa3c6eaf3414cd1c9ef31f,77c0b27034a94682bdad0c72c8f90a7d5f812f6061ce561e35a615be98d1430e,299,480,272,0cf162261c50112a6a438c4c9e33d24960ca6e1613f7fc2dcac399ed995b8b18
10,19,R1/48_whorl,R1,whorl,Pore ground truth/Fingerprint Images/R1/48_whorl.jpg,Pore ground truth/Ground truth/R1/48_whorl.tsv,70df2bd20d56b3fac03b44cd2ba129a6b69ee38d75aa3c6eaf3414cd1c9ef31f,77c0b27034a94682bdad0c72c8f90a7d5f812f6061ce561e35a615be98d1430e,86,175,34,0ed2f3b3b33c88e1d9270d57653887688a4cbcb2c9586cab01b15c69cd48b454
10,20,R1/48_whorl,R1,whorl,Pore ground truth/Fingerprint Images/R1/48_whorl.jpg,Pore ground truth/Ground truth/R1/48_whorl.tsv,70df2bd20d56b3fac03b44cd2ba129a6b69ee38d75aa3c6eaf3414cd1c9ef31f,77c0b27034a94682bdad0c72c8f90a7d5f812f6061ce561e35a615be98d1430e,215,445,82,1146bc2bdc20ff23711c5ebf56a70e1ac8bc413d4d1b4bc57757596cf2a03ffc
11,1,R2/1_left_loop,R2,left_loop,Pore ground truth/Fingerprint Images/R2/1_left_loop.jpg,Pore ground truth/Ground truth/R2/1_left_loop.tsv,9d0bbd92f10c7e98bf7399707bc039664df148cba9aa1d251d15d3b7fc3ccd71,9858cc2a86c35463b1fbac2dbba0a124e03ff1dc63940aa619dbfb55e5362013,153,390,348,01250f3b7f3beeb0e9211a7887def7e44b4d29d08f6289ae4036d5d6b62fb8ce
11,2,R2/1_left_loop,R2,left_loop,Pore ground truth/Fingerprint Images/R2/1_left_loop.jpg,Pore ground truth/Ground truth/R2/1_left_loop.tsv,9d0bbd92f10c7e98bf7399707bc039664df148cba9aa1d251d15d3b7fc3ccd71,9858cc2a86c35463b1fbac2dbba0a124e03ff1dc63940aa619dbfb55e5362013,43,498,216,015dc62d10d9138d8cdb422afacee08a70a70c6d60c9eb0b97d6194008d84d6e
11,3,R2/1_left_loop,R2,left_loop,Pore ground truth/Fingerprint Images/R2/1_left_loop.jpg,Pore ground truth/Ground truth/R2/1_left_loop.tsv,9d0bbd92f10c7e98bf7399707bc039664df148cba9aa1d251d15d3b7fc3ccd71,9858cc2a86c35463b1fbac2dbba0a124e03ff1dc63940aa619dbfb55e5362013,101,442,231,0185a96f8645faadb5e8141975d8b7aca2cf229ad585d9f8f2901e97bd9c52dd
11,4,R2/1_left_loop,R2,left_loop,Pore ground truth/Fingerprint Images/R2/1_left_loop.jpg,Pore ground truth/Ground truth/R2/1_left_loop.tsv,9d0bbd92f10c7e98bf7399707bc039664df148cba9aa1d251d15d3b7fc3ccd71,9858cc2a86c35463b1fbac2dbba0a124e03ff1dc63940aa619dbfb55e5362013,400,292,465,01ecf2e1e9bee15f069a1ed0b4de8906463ab2ae539ebbd49258bc512c8636e9
11,5,R2/1_left_loop,R2,left_loop,Pore ground truth/Fingerprint Images/R2/1_left_loop.jpg,Pore ground truth/Ground truth/R2/1_left_loop.tsv,9d0bbd92f10c7e98bf7399707bc039664df148cba9aa1d251d15d3b7fc3ccd71,9858cc2a86c35463b1fbac2dbba0a124e03ff1dc63940aa619dbfb55e5362013,114,382,473,0220286b579cfd09da3953e905bf1bf8a75f0ccabab7ef1f39bd78b5941e0368
11,6,R2/1_left_loop,R2,left_loop,Pore ground truth/Fingerprint Images/R2/1_left_loop.jpg,Pore ground truth/Ground truth/R2/1_left_loop.tsv,9d0bbd92f10c7e98bf7399707bc039664df148cba9aa1d251d15d3b7fc3ccd71,9858cc2a86c35463b1fbac2dbba0a124e03ff1dc63940aa619dbfb55e5362013,269,314,244,03391bc5798a7b5e24bf381744d8aef07b43e6b45614632ace586e577f4f41cd
11,7,R2/1_left_loop,R2,left_loop,Pore ground truth/Fingerprint Images/R2/1_left_loop.jpg,Pore ground truth/Ground truth/R2/1_left_loop.tsv,9d0bbd92f10c7e98bf7399707bc039664df148cba9aa1d251d15d3b7fc3ccd71,9858cc2a86c35463b1fbac2dbba0a124e03ff1dc63940aa619dbfb55e5362013,242,334,442,0353b9ed46548c7a2aaceaed4d9e1c569e6734e5d6ca857a498a776182683efa
11,8,R2/1_left_loop,R2,left_loop,Pore ground truth/Fingerprint Images/R2/1_left_loop.jpg,Pore ground truth/Ground truth/R2/1_left_loop.tsv,9d0bbd92f10c7e98bf7399707bc039664df148cba9aa1d251d15d3b7fc3ccd71,9858cc2a86c35463b1fbac2dbba0a124e03ff1dc63940aa619dbfb55e5362013,246,300,502,0384d4c475727882120e0970895725a2ad367ddf2bf858b9382afd91b7d5f465
11,9,R2/1_left_loop,R2,left_loop,Pore ground truth/Fingerprint Images/R2/1_left_loop.jpg,Pore ground truth/Ground truth/R2/1_left_loop.tsv,9d0bbd92f10c7e98bf7399707bc039664df148cba9aa1d251d15d3b7fc3ccd71,9858cc2a86c35463b1fbac2dbba0a124e03ff1dc63940aa619dbfb55e5362013,372,137,275,03a3f60a154ad404eb9b21f3453399faf510de50fd056f2667bcf06895a97d6f
11,10,R2/1_left_loop,R2,left_loop,Pore ground truth/Fingerprint Images/R2/1_left_loop.jpg,Pore ground truth/Ground truth/R2/1_left_loop.tsv,9d0bbd92f10c7e98bf7399707bc039664df148cba9aa1d251d15d3b7fc3ccd71,9858cc2a86c35463b1fbac2dbba0a124e03ff1dc63940aa619dbfb55e5362013,347,228,277,05114d3bf16ed3de63bb2f91b61e3b4237efa5a6bff77062307babae485cd47b
11,11,R2/1_left_loop,R2,left_loop,Pore ground truth/Fingerprint Images/R2/1_left_loop.jpg,Pore ground truth/Ground truth/R2/1_left_loop.tsv,9d0bbd92f10c7e98bf7399707bc039664df148cba9aa1d251d15d3b7fc3ccd71,9858cc2a86c35463b1fbac2dbba0a124e03ff1dc63940aa619dbfb55e5362013,329,248,447,05e452f8f2490f365743d540fae5a53b39b57fc3eb0ba8f924d4bce460349c40
11,12,R2/1_left_loop,R2,left_loop,Pore ground truth/Fingerprint Images/R2/1_left_loop.jpg,Pore ground truth/Ground truth/R2/1_left_loop.tsv,9d0bbd92f10c7e98bf7399707bc039664df148cba9aa1d251d15d3b7fc3ccd71,9858cc2a86c35463b1fbac2dbba0a124e03ff1dc63940aa619dbfb55e5362013,76,80,114,0621d2e6b2f4499adc496d44399bc84565b976b3971920baa099737ebf4d185e
11,13,R2/1_left_loop,R2,left_loop,Pore ground truth/Fingerprint Images/R2/1_left_loop.jpg,Pore ground truth/Ground truth/R2/1_left_loop.tsv,9d0bbd92f10c7e98bf7399707bc039664df148cba9aa1d251d15d3b7fc3ccd71,9858cc2a86c35463b1fbac2dbba0a124e03ff1dc63940aa619dbfb55e5362013,205,79,357,06c617ca222e55d6cdb8f4b9fe796b106d8d8e92ff9982d65a1e9ad5e500a196
11,14,R2/1_left_loop,R2,left_loop,Pore ground truth/Fingerprint Images/R2/1_left_loop.jpg,Pore ground truth/Ground truth/R2/1_left_loop.tsv,9d0bbd92f10c7e98bf7399707bc039664df148cba9aa1d251d15d3b7fc3ccd71,9858cc2a86c35463b1fbac2dbba0a124e03ff1dc63940aa619dbfb55e5362013,392,474,386,071270d9e9e48d10b273f6130b0ace79b929b6b38801d5d6eaea2223e9be1f3e
11,15,R2/1_left_loop,R2,left_loop,Pore ground truth/Fingerprint Images/R2/1_left_loop.jpg,Pore ground truth/Ground truth/R2/1_left_loop.tsv,9d0bbd92f10c7e98bf7399707bc039664df148cba9aa1d251d15d3b7fc3ccd71,9858cc2a86c35463b1fbac2dbba0a124e03ff1dc63940aa619dbfb55e5362013,282,191,484,0717e7ccc2cf9e8690974501b95cc254f3850a00b5b2291adbd55ab99a51ab60
11,16,R2/1_left_loop,R2,left_loop,Pore ground truth/Fingerprint Images/R2/1_left_loop.jpg,Pore ground truth/Ground truth/R2/1_left_loop.tsv,9d0bbd92f10c7e98bf7399707bc039664df148cba9aa1d251d15d3b7fc3ccd71,9858cc2a86c35463b1fbac2dbba0a124e03ff1dc63940aa619dbfb55e5362013,182,306,81,07d7d8b485fb09a08cc159a4da0d335ef9ad7d87ad61e1a96bb11ca13b816728
11,17,R2/1_left_loop,R2,left_loop,Pore ground truth/Fingerprint Images/R2/1_left_loop.jpg,Pore ground truth/Ground truth/R2/1_left_loop.tsv,9d0bbd92f10c7e98bf7399707bc039664df148cba9aa1d251d15d3b7fc3ccd71,9858cc2a86c35463b1fbac2dbba0a124e03ff1dc63940aa619dbfb55e5362013,364,293,101,0a286f49e3be43cd977b26bf21aa54ec4aebcd1650233bb44c31cf736313c830
11,18,R2/1_left_loop,R2,left_loop,Pore ground truth/Fingerprint Images/R2/1_left_loop.jpg,Pore ground truth/Ground truth/R2/1_left_loop.tsv,9d0bbd92f10c7e98bf7399707bc039664df148cba9aa1d251d15d3b7fc3ccd71,9858cc2a86c35463b1fbac2dbba0a124e03ff1dc63940aa619dbfb55e5362013,220,226,129,0a9de7b941c14c38cc6a32d9549dafb49139927d7a3a8c4516ad4a9775ea269f
11,19,R2/1_left_loop,R2,left_loop,Pore ground truth/Fingerprint Images/R2/1_left_loop.jpg,Pore ground truth/Ground truth/R2/1_left_loop.tsv,9d0bbd92f10c7e98bf7399707bc039664df148cba9aa1d251d15d3b7fc3ccd71,9858cc2a86c35463b1fbac2dbba0a124e03ff1dc63940aa619dbfb55e5362013,189,11,469,0af1a57c0ca68e6ac710caa73a19f7960900f2c8777f5f7b255a0e364c6f6e0f
11,20,R2/1_left_loop,R2,left_loop,Pore ground truth/Fingerprint Images/R2/1_left_loop.jpg,Pore ground truth/Ground truth/R2/1_left_loop.tsv,9d0bbd92f10c7e98bf7399707bc039664df148cba9aa1d251d15d3b7fc3ccd71,9858cc2a86c35463b1fbac2dbba0a124e03ff1dc63940aa619dbfb55e5362013,108,415,362,0b5648dd791b5d901b94f54ab36346004024d23062658c430a7bf4264063d1ac
12,1,R2/3_plain_arch,R2,plain_arch,Pore ground truth/Fingerprint Images/R2/3_plain_arch.jpg,Pore ground truth/Ground truth/R2/3_plain_arch.tsv,9365fd3e4035ab13b449f44bcc909596c579e4b055b4fff03fc07f7c650330f2,06f329fa6276a48c6a51e95e6e21f08cd482f24bc96faaa58d94b18fb7630161,304,100,511,033a3b08f85c5d70dffdc2ba74d42e5fae453623a38a1e4bddcece0fdba42eed
12,2,R2/3_plain_arch,R2,plain_arch,Pore ground truth/Fingerprint Images/R2/3_plain_arch.jpg,Pore ground truth/Ground truth/R2/3_plain_arch.tsv,9365fd3e4035ab13b449f44bcc909596c579e4b055b4fff03fc07f7c650330f2,06f329fa6276a48c6a51e95e6e21f08cd482f24bc96faaa58d94b18fb7630161,140,8,282,0357a1c0b48153ba3516f7e949bd204cf5bb2e883728d7c068a2f9284268545f
12,3,R2/3_plain_arch,R2,plain_arch,Pore ground truth/Fingerprint Images/R2/3_plain_arch.jpg,Pore ground truth/Ground truth/R2/3_plain_arch.tsv,9365fd3e4035ab13b449f44bcc909596c579e4b055b4fff03fc07f7c650330f2,06f329fa6276a48c6a51e95e6e21f08cd482f24bc96faaa58d94b18fb7630161,429,422,99,05f4f5c5b9181ab693fa7e24e7ba1117d24fbd07663264893583666837e66ac2
12,4,R2/3_plain_arch,R2,plain_arch,Pore ground truth/Fingerprint Images/R2/3_plain_arch.jpg,Pore ground truth/Ground truth/R2/3_plain_arch.tsv,9365fd3e4035ab13b449f44bcc909596c579e4b055b4fff03fc07f7c650330f2,06f329fa6276a48c6a51e95e6e21f08cd482f24bc96faaa58d94b18fb7630161,133,368,218,071f55874fa08b10eb8d7aed9b5ec145410f8ada2c05aa0841c3193915d9141a
12,5,R2/3_plain_arch,R2,plain_arch,Pore ground truth/Fingerprint Images/R2/3_plain_arch.jpg,Pore ground truth/Ground truth/R2/3_plain_arch.tsv,9365fd3e4035ab13b449f44bcc909596c579e4b055b4fff03fc07f7c650330f2,06f329fa6276a48c6a51e95e6e21f08cd482f24bc96faaa58d94b18fb7630161,341,295,95,075d88f7d9d96fce07715bc8da85d09c8d16ff388d3a3667f270ef5a68071055
12,6,R2/3_plain_arch,R2,plain_arch,Pore ground truth/Fingerprint Images/R2/3_plain_arch.jpg,Pore ground truth/Ground truth/R2/3_plain_arch.tsv,9365fd3e4035ab13b449f44bcc909596c579e4b055b4fff03fc07f7c650330f2,06f329fa6276a48c6a51e95e6e21f08cd482f24bc96faaa58d94b18fb7630161,400,369,55,08362b5e3a0c34bced05b4a406d4ea4021d0d3c98f956141c0445b3b369777c3
12,7,R2/3_plain_arch,R2,plain_arch,Pore ground truth/Fingerprint Images/R2/3_plain_arch.jpg,Pore ground truth/Ground truth/R2/3_plain_arch.tsv,9365fd3e4035ab13b449f44bcc909596c579e4b055b4fff03fc07f7c650330f2,06f329fa6276a48c6a51e95e6e21f08cd482f24bc96faaa58d94b18fb7630161,278,12,473,083b91f01775b7ff49aecdc0c5655d6637faee9e7024460fd5a17d6d6990a806
12,8,R2/3_plain_arch,R2,plain_arch,Pore ground truth/Fingerprint Images/R2/3_plain_arch.jpg,Pore ground truth/Ground truth/R2/3_plain_arch.tsv,9365fd3e4035ab13b449f44bcc909596c579e4b055b4fff03fc07f7c650330f2,06f329fa6276a48c6a51e95e6e21f08cd482f24bc96faaa58d94b18fb7630161,248,258,416,085a21d786403c8f76bd614cbc3e3cfa8b40104cfc7ae59df99946d7690df81b
12,9,R2/3_plain_arch,R2,plain_arch,Pore ground truth/Fingerprint Images/R2/3_plain_arch.jpg,Pore ground truth/Ground truth/R2/3_plain_arch.tsv,9365fd3e4035ab13b449f44bcc909596c579e4b055b4fff03fc07f7c650330f2,06f329fa6276a48c6a51e95e6e21f08cd482f24bc96faaa58d94b18fb7630161,146,178,249,08f7309aaff2337a8feb83d08b2769da29778bb8bea2386a9a53c1ef5b41f9f6
12,10,R2/3_plain_arch,R2,plain_arch,Pore ground truth/Fingerprint Images/R2/3_plain_arch.jpg,Pore ground truth/Ground truth/R2/3_plain_arch.tsv,9365fd3e4035ab13b449f44bcc909596c579e4b055b4fff03fc07f7c650330f2,06f329fa6276a48c6a51e95e6e21f08cd482f24bc96faaa58d94b18fb7630161,254,383,421,09d3b7a808143b21f1e69e9d9ba85906ea919f53692f6767bc92353b537ea38a
12,11,R2/3_plain_arch,R2,plain_arch,Pore ground truth/Fingerprint Images/R2/3_plain_arch.jpg,Pore ground truth/Ground truth/R2/3_plain_arch.tsv,9365fd3e4035ab13b449f44bcc909596c579e4b055b4fff03fc07f7c650330f2,06f329fa6276a48c6a51e95e6e21f08cd482f24bc96faaa58d94b18fb7630161,19,146,17,09d9f7171c1334c23290638082cf90f2c8a977d9e8251f6c3996c7dd3f8bf6cc
12,12,R2/3_plain_arch,R2,plain_arch,Pore ground truth/Fingerprint Images/R2/3_plain_arch.jpg,Pore ground truth/Ground truth/R2/3_plain_arch.tsv,9365fd3e4035ab13b449f44bcc909596c579e4b055b4fff03fc07f7c650330f2,06f329fa6276a48c6a51e95e6e21f08cd482f24bc96faaa58d94b18fb7630161,40,289,5,09e49590afab81bc0de2586a4dca77f1a0eb17c3ac58cfd661ee09548f43bd3c
12,13,R2/3_plain_arch,R2,plain_arch,Pore ground truth/Fingerprint Images/R2/3_plain_arch.jpg,Pore ground truth/Ground truth/R2/3_plain_arch.tsv,9365fd3e4035ab13b449f44bcc909596c579e4b055b4fff03fc07f7c650330f2,06f329fa6276a48c6a51e95e6e21f08cd482f24bc96faaa58d94b18fb7630161,266,189,444,0a239983eff7170c9dd34ff6dc543adf6a1e88607753d3a2226221953ca06792
12,14,R2/3_plain_arch,R2,plain_arch,Pore ground truth/Fingerprint Images/R2/3_plain_arch.jpg,Pore ground truth/Ground truth/R2/3_plain_arch.tsv,9365fd3e4035ab13b449f44bcc909596c579e4b055b4fff03fc07f7c650330f2,06f329fa6276a48c6a51e95e6e21f08cd482f24bc96faaa58d94b18fb7630161,306,113,507,0b2ff8f9233c29f0e1ca59038f3a72dc1902b6ce9c806040d8033db735f7d093
12,15,R2/3_plain_arch,R2,plain_arch,Pore ground truth/Fingerprint Images/R2/3_plain_arch.jpg,Pore ground truth/Ground truth/R2/3_plain_arch.tsv,9365fd3e4035ab13b449f44bcc909596c579e4b055b4fff03fc07f7c650330f2,06f329fa6276a48c6a51e95e6e21f08cd482f24bc96faaa58d94b18fb7630161,65,280,36,0bc914db30b2d128d1f69a80fd6a6897172d8403dc1463d5978c8209893a3d5d
12,16,R2/3_plain_arch,R2,plain_arch,Pore ground truth/Fingerprint Images/R2/3_plain_arch.jpg,Pore ground truth/Ground truth/R2/3_plain_arch.tsv,9365fd3e4035ab13b449f44bcc909596c579e4b055b4fff03fc07f7c650330f2,06f329fa6276a48c6a51e95e6e21f08cd482f24bc96faaa58d94b18fb7630161,5,43,32,0c7371d01064a9d93eac1e016546af77c3ba67563ba7a9551db81c41efb057a3
12,17,R2/3_plain_arch,R2,plain_arch,Pore ground truth/Fingerprint Images/R2/3_plain_arch.jpg,Pore ground truth/Ground truth/R2/3_plain_arch.tsv,9365fd3e4035ab13b449f44bcc909596c579e4b055b4fff03fc07f7c650330f2,06f329fa6276a48c6a51e95e6e21f08cd482f24bc96faaa58d94b18fb7630161,280,64,481,0c9fa6ac9eae5b877ba55bfdb9193b222f0538214c9901d50eb060f505b5a2b3
12,18,R2/3_plain_arch,R2,plain_arch,Pore ground truth/Fingerprint Images/R2/3_plain_arch.jpg,Pore ground truth/Ground truth/R2/3_plain_arch.tsv,9365fd3e4035ab13b449f44bcc909596c579e4b055b4fff03fc07f7c650330f2,06f329fa6276a48c6a51e95e6e21f08cd482f24bc96faaa58d94b18fb7630161,158,407,251,0e1083f55ab1888d4ddaa7bed3c5063d7bf4660d18d6a069b045dc7182edee43
12,19,R2/3_plain_arch,R2,plain_arch,Pore ground truth/Fingerprint Images/R2/3_plain_arch.jpg,Pore ground truth/Ground truth/R2/3_plain_arch.tsv,9365fd3e4035ab13b449f44bcc909596c579e4b055b4fff03fc07f7c650330f2,06f329fa6276a48c6a51e95e6e21f08cd482f24bc96faaa58d94b18fb7630161,210,412,309,0e443954007a58582cca69415c61c6aafc97ebcaf84b9af39a63f2b292f8c490
12,20,R2/3_plain_arch,R2,plain_arch,Pore ground truth/Fingerprint Images/R2/3_plain_arch.jpg,Pore ground truth/Ground truth/R2/3_plain_arch.tsv,9365fd3e4035ab13b449f44bcc909596c579e4b055b4fff03fc07f7c650330f2,06f329fa6276a48c6a51e95e6e21f08cd482f24bc96faaa58d94b18fb7630161,114,8,259,0e657a5f64b7b9d0ce56a776a12d3937f17ebf3e95ae715b640ccf949c7ad449
13,1,R2/25_right_loop,R2,right_loop,Pore ground truth/Fingerprint Images/R2/25_right_loop.jpg,Pore ground truth/Ground truth/R2/25_right_loop.tsv,85c6df0d0675d8e1e03e98b0af616fe0d26d1c007698cccd8a1d588bdd3a71ee,4a9a7b9f8de771fe843cd0f7c578ff24ff6b3c9c18ca34d3b525cee29f4a8563,257,292,224,001c3f3252fc5efc02c7564deb6f87604108cc4863b4463410dea4ca60240948
13,2,R2/25_right_loop,R2,right_loop,Pore ground truth/Fingerprint Images/R2/25_right_loop.jpg,Pore ground truth/Ground truth/R2/25_right_loop.tsv,85c6df0d0675d8e1e03e98b0af616fe0d26d1c007698cccd8a1d588bdd3a71ee,4a9a7b9f8de771fe843cd0f7c578ff24ff6b3c9c18ca34d3b525cee29f4a8563,243,470,303,00c4ac9e9cc3cef44f4fb77cd97097b41e3e887e11eaaf9ea7994e96600ed102
13,3,R2/25_right_loop,R2,right_loop,Pore ground truth/Fingerprint Images/R2/25_right_loop.jpg,Pore ground truth/Ground truth/R2/25_right_loop.tsv,85c6df0d0675d8e1e03e98b0af616fe0d26d1c007698cccd8a1d588bdd3a71ee,4a9a7b9f8de771fe843cd0f7c578ff24ff6b3c9c18ca34d3b525cee29f4a8563,202,365,162,020e1c2936b6a09ba9ae8f0b2d0e192ffd03d8859392f6af2c7c6151f1f17843
13,4,R2/25_right_loop,R2,right_loop,Pore ground truth/Fingerprint Images/R2/25_right_loop.jpg,Pore ground truth/Ground truth/R2/25_right_loop.tsv,85c6df0d0675d8e1e03e98b0af616fe0d26d1c007698cccd8a1d588bdd3a71ee,4a9a7b9f8de771fe843cd0f7c578ff24ff6b3c9c18ca34d3b525cee29f4a8563,111,91,218,031a7c3d5575506d430ed18ef925afce15437205028627c3e62c424c5c94d337
13,5,R2/25_right_loop,R2,right_loop,Pore ground truth/Fingerprint Images/R2/25_right_loop.jpg,Pore ground truth/Ground truth/R2/25_right_loop.tsv,85c6df0d0675d8e1e03e98b0af616fe0d26d1c007698cccd8a1d588bdd3a71ee,4a9a7b9f8de771fe843cd0f7c578ff24ff6b3c9c18ca34d3b525cee29f4a8563,337,401,462,033156318747f49c904bf084cb647cd0981b3ac452ef09f6a3e5e760d4a277fd
13,6,R2/25_right_loop,R2,right_loop,Pore ground truth/Fingerprint Images/R2/25_right_loop.jpg,Pore ground truth/Ground truth/R2/25_right_loop.tsv,85c6df0d0675d8e1e03e98b0af616fe0d26d1c007698cccd8a1d588bdd3a71ee,4a9a7b9f8de771fe843cd0f7c578ff24ff6b3c9c18ca34d3b525cee29f4a8563,160,409,79,04081427bb85b6612c9d07dc6e099c71e7ab5c9365d685956e09cbd45dbbb1bf
13,7,R2/25_right_loop,R2,right_loop,Pore ground truth/Fingerprint Images/R2/25_right_loop.jpg,Pore ground truth/Ground truth/R2/25_right_loop.tsv,85c6df0d0675d8e1e03e98b0af616fe0d26d1c007698cccd8a1d588bdd3a71ee,4a9a7b9f8de771fe843cd0f7c578ff24ff6b3c9c18ca34d3b525cee29f4a8563,296,400,114,04596ee080d6bde41c5202201d068f1ce9b2de00d17f8053277bb2df1d8e7864
13,8,R2/25_right_loop,R2,right_loop,Pore ground truth/Fingerprint Images/R2/25_right_loop.jpg,Pore ground truth/Ground truth/R2/25_right_loop.tsv,85c6df0d0675d8e1e03e98b0af616fe0d26d1c007698cccd8a1d588bdd3a71ee,4a9a7b9f8de771fe843cd0f7c578ff24ff6b3c9c18ca34d3b525cee29f4a8563,1,12,74,04ef014df1d9025319df13466f8e4691db8e488a1c13a12c1e85553a1a6505a6
13,9,R2/25_right_loop,R2,right_loop,Pore ground truth/Fingerprint Images/R2/25_right_loop.jpg,Pore ground truth/Ground truth/R2/25_right_loop.tsv,85c6df0d0675d8e1e03e98b0af616fe0d26d1c007698cccd8a1d588bdd3a71ee,4a9a7b9f8de771fe843cd0f7c578ff24ff6b3c9c18ca34d3b525cee29f4a8563,70,67,216,052450e286e48c2f43f32ad6f9c9dc6d00920fc31e8d7fbd95c3068b1751640a
13,10,R2/25_right_loop,R2,right_loop,Pore ground truth/Fingerprint Images/R2/25_right_loop.jpg,Pore ground truth/Ground truth/R2/25_right_loop.tsv,85c6df0d0675d8e1e03e98b0af616fe0d26d1c007698cccd8a1d588bdd3a71ee,4a9a7b9f8de771fe843cd0f7c578ff24ff6b3c9c18ca34d3b525cee29f4a8563,193,224,148,05e920d5c1ea6d42c8b6cb5030a659fa8137cee880c0c5482ee0459373d5b7fa
13,11,R2/25_right_loop,R2,right_loop,Pore ground truth/Fingerprint Images/R2/25_right_loop.jpg,Pore ground truth/Ground truth/R2/25_right_loop.tsv,85c6df0d0675d8e1e03e98b0af616fe0d26d1c007698cccd8a1d588bdd3a71ee,4a9a7b9f8de771fe843cd0f7c578ff24ff6b3c9c18ca34d3b525cee29f4a8563,342,325,416,0731225c453245d61a25a99499d4ecbd88b9bdac33b689fe8d356e1dfc911dcb
13,12,R2/25_right_loop,R2,right_loop,Pore ground truth/Fingerprint Images/R2/25_right_loop.jpg,Pore ground truth/Ground truth/R2/25_right_loop.tsv,85c6df0d0675d8e1e03e98b0af616fe0d26d1c007698cccd8a1d588bdd3a71ee,4a9a7b9f8de771fe843cd0f7c578ff24ff6b3c9c18ca34d3b525cee29f4a8563,273,509,448,07d7548f2b81b65b87e6e48d46107a00930f141dcf33b80986a79c5a6fd102a6
13,13,R2/25_right_loop,R2,right_loop,Pore ground truth/Fingerprint Images/R2/25_right_loop.jpg,Pore ground truth/Ground truth/R2/25_right_loop.tsv,85c6df0d0675d8e1e03e98b0af616fe0d26d1c007698cccd8a1d588bdd3a71ee,4a9a7b9f8de771fe843cd0f7c578ff24ff6b3c9c18ca34d3b525cee29f4a8563,100,58,301,088911db54e86a57aeb922277e372eef5bba955b15fe90ab1055f807b4756ca9
13,14,R2/25_right_loop,R2,right_loop,Pore ground truth/Fingerprint Images/R2/25_right_loop.jpg,Pore ground truth/Ground truth/R2/25_right_loop.tsv,85c6df0d0675d8e1e03e98b0af616fe0d26d1c007698cccd8a1d588bdd3a71ee,4a9a7b9f8de771fe843cd0f7c578ff24ff6b3c9c18ca34d3b525cee29f4a8563,336,385,441,08cf4a16c70d69f3cbc4351ba9b99218a949a037df00fd8258a6688a30506dd1
13,15,R2/25_right_loop,R2,right_loop,Pore ground truth/Fingerprint Images/R2/25_right_loop.jpg,Pore ground truth/Ground truth/R2/25_right_loop.tsv,85c6df0d0675d8e1e03e98b0af616fe0d26d1c007698cccd8a1d588bdd3a71ee,4a9a7b9f8de771fe843cd0f7c578ff24ff6b3c9c18ca34d3b525cee29f4a8563,80,193,59,08d0a7343221bd5d3710ac15657d97151905e19c7b333a74e67ba1385f67d56b
13,16,R2/25_right_loop,R2,right_loop,Pore ground truth/Fingerprint Images/R2/25_right_loop.jpg,Pore ground truth/Ground truth/R2/25_right_loop.tsv,85c6df0d0675d8e1e03e98b0af616fe0d26d1c007698cccd8a1d588bdd3a71ee,4a9a7b9f8de771fe843cd0f7c578ff24ff6b3c9c18ca34d3b525cee29f4a8563,50,3,240,094db105a7b8c0b79dd39f2fc95df4c7f7fd9864292cb6715f1156311562da22
13,17,R2/25_right_loop,R2,right_loop,Pore ground truth/Fingerprint Images/R2/25_right_loop.jpg,Pore ground truth/Ground truth/R2/25_right_loop.tsv,85c6df0d0675d8e1e03e98b0af616fe0d26d1c007698cccd8a1d588bdd3a71ee,4a9a7b9f8de771fe843cd0f7c578ff24ff6b3c9c18ca34d3b525cee29f4a8563,332,354,392,0a48b0c6d51c23273af1dc4f7ff9ade9ae1679a1417442b605ce15065507f23a
13,18,R2/25_right_loop,R2,right_loop,Pore ground truth/Fingerprint Images/R2/25_right_loop.jpg,Pore ground truth/Ground truth/R2/25_right_loop.tsv,85c6df0d0675d8e1e03e98b0af616fe0d26d1c007698cccd8a1d588bdd3a71ee,4a9a7b9f8de771fe843cd0f7c578ff24ff6b3c9c18ca34d3b525cee29f4a8563,318,374,380,0cac8c7cd7bed56d7fd52960b7051a6ac8738012ca41e374100a8b6bacf2201b
13,19,R2/25_right_loop,R2,right_loop,Pore ground truth/Fingerprint Images/R2/25_right_loop.jpg,Pore ground truth/Ground truth/R2/25_right_loop.tsv,85c6df0d0675d8e1e03e98b0af616fe0d26d1c007698cccd8a1d588bdd3a71ee,4a9a7b9f8de771fe843cd0f7c578ff24ff6b3c9c18ca34d3b525cee29f4a8563,352,366,186,0db13fb2a2ec058a66ddc6ebad9dc1f20efb819818b8249f3234ad3378d839bd
13,20,R2/25_right_loop,R2,right_loop,Pore ground truth/Fingerprint Images/R2/25_right_loop.jpg,Pore ground truth/Ground truth/R2/25_right_loop.tsv,85c6df0d0675d8e1e03e98b0af616fe0d26d1c007698cccd8a1d588bdd3a71ee,4a9a7b9f8de771fe843cd0f7c578ff24ff6b3c9c18ca34d3b525cee29f4a8563,68,132,505,0eb8cac085cc72e39224c778445502f1fa67964f8f2856daea9b743cc798cf2a
14,1,R2/50_right_loop,R2,right_loop,Pore ground truth/Fingerprint Images/R2/50_right_loop.jpg,Pore ground truth/Ground truth/R2/50_right_loop.tsv,415e2fce432dc23401a867534357424f76e387d4d8655b6b7e8c1e599dad3381,d8ab997583ce277a6d5aee5d6506e3a4bac2906bdb17caf18cd55e1989a8eb81,266,271,462,00fa9a90c1cb33c4d346e0477926a4063ccaebd97dc687f0c53c680649db9fda
14,2,R2/50_right_loop,R2,right_loop,Pore ground truth/Fingerprint Images/R2/50_right_loop.jpg,Pore ground truth/Ground truth/R2/50_right_loop.tsv,415e2fce432dc23401a867534357424f76e387d4d8655b6b7e8c1e599dad3381,d8ab997583ce277a6d5aee5d6506e3a4bac2906bdb17caf18cd55e1989a8eb81,68,68,248,010028db2a785df58bff943e4dbbf2e871fa03f697d2bad118bd79ea9fb47579
14,3,R2/50_right_loop,R2,right_loop,Pore ground truth/Fingerprint Images/R2/50_right_loop.jpg,Pore ground truth/Ground truth/R2/50_right_loop.tsv,415e2fce432dc23401a867534357424f76e387d4d8655b6b7e8c1e599dad3381,d8ab997583ce277a6d5aee5d6506e3a4bac2906bdb17caf18cd55e1989a8eb81,268,294,215,0102b2b8b9b0d6ad154b119ac2ce5abc1ce8fb56aac75b61f7921ba1169ca6d1
14,4,R2/50_right_loop,R2,right_loop,Pore ground truth/Fingerprint Images/R2/50_right_loop.jpg,Pore ground truth/Ground truth/R2/50_right_loop.tsv,415e2fce432dc23401a867534357424f76e387d4d8655b6b7e8c1e599dad3381,d8ab997583ce277a6d5aee5d6506e3a4bac2906bdb17caf18cd55e1989a8eb81,199,226,320,015698b7c771d2834691d3662b29448ba5032de109ab228a069a2ef40fa916e6
14,5,R2/50_right_loop,R2,right_loop,Pore ground truth/Fingerprint Images/R2/50_right_loop.jpg,Pore ground truth/Ground truth/R2/50_right_loop.tsv,415e2fce432dc23401a867534357424f76e387d4d8655b6b7e8c1e599dad3381,d8ab997583ce277a6d5aee5d6506e3a4bac2906bdb17caf18cd55e1989a8eb81,42,56,198,0289e1476bc52707e94a1637fabf61a9cd0904b7663d8633a9b1dca4dd70c209
14,6,R2/50_right_loop,R2,right_loop,Pore ground truth/Fingerprint Images/R2/50_right_loop.jpg,Pore ground truth/Ground truth/R2/50_right_loop.tsv,415e2fce432dc23401a867534357424f76e387d4d8655b6b7e8c1e599dad3381,d8ab997583ce277a6d5aee5d6506e3a4bac2906bdb17caf18cd55e1989a8eb81,106,108,308,02fce6f8df31ea649a07c283e9b6a6bbaf4a58d4f486b3159d6704b0bbea9b5e
14,7,R2/50_right_loop,R2,right_loop,Pore ground truth/Fingerprint Images/R2/50_right_loop.jpg,Pore ground truth/Ground truth/R2/50_right_loop.tsv,415e2fce432dc23401a867534357424f76e387d4d8655b6b7e8c1e599dad3381,d8ab997583ce277a6d5aee5d6506e3a4bac2906bdb17caf18cd55e1989a8eb81,84,131,153,033cf340df93c520077dac75656d29c367604c4576a3c7bf5ae315271cb174c3
14,8,R2/50_right_loop,R2,right_loop,Pore ground truth/Fingerprint Images/R2/50_right_loop.jpg,Pore ground truth/Ground truth/R2/50_right_loop.tsv,415e2fce432dc23401a867534357424f76e387d4d8655b6b7e8c1e599dad3381,d8ab997583ce277a6d5aee5d6506e3a4bac2906bdb17caf18cd55e1989a8eb81,135,120,435,035a862f46fd3a763b0de5787b7d948dc1c30088607bca9e410811fccf2b934f
14,9,R2/50_right_loop,R2,right_loop,Pore ground truth/Fingerprint Images/R2/50_right_loop.jpg,Pore ground truth/Ground truth/R2/50_right_loop.tsv,415e2fce432dc23401a867534357424f76e387d4d8655b6b7e8c1e599dad3381,d8ab997583ce277a6d5aee5d6506e3a4bac2906bdb17caf18cd55e1989a8eb81,225,456,129,03ac8d3a01d9c3c1b308b052fd286c1ee712009a3aaf701e09dd4c1362225fd5
14,10,R2/50_right_loop,R2,right_loop,Pore ground truth/Fingerprint Images/R2/50_right_loop.jpg,Pore ground truth/Ground truth/R2/50_right_loop.tsv,415e2fce432dc23401a867534357424f76e387d4d8655b6b7e8c1e599dad3381,d8ab997583ce277a6d5aee5d6506e3a4bac2906bdb17caf18cd55e1989a8eb81,26,146,6,04173497d5e4eb1521f48586cf396a45a38e8d394109ab618d0ac40a23fc762a
14,11,R2/50_right_loop,R2,right_loop,Pore ground truth/Fingerprint Images/R2/50_right_loop.jpg,Pore ground truth/Ground truth/R2/50_right_loop.tsv,415e2fce432dc23401a867534357424f76e387d4d8655b6b7e8c1e599dad3381,d8ab997583ce277a6d5aee5d6506e3a4bac2906bdb17caf18cd55e1989a8eb81,144,159,244,0421a06cbdc94fb3089b74c5245c96d54102199cc8ca441aa3e2615538de1b09
14,12,R2/50_right_loop,R2,right_loop,Pore ground truth/Fingerprint Images/R2/50_right_loop.jpg,Pore ground truth/Ground truth/R2/50_right_loop.tsv,415e2fce432dc23401a867534357424f76e387d4d8655b6b7e8c1e599dad3381,d8ab997583ce277a6d5aee5d6506e3a4bac2906bdb17caf18cd55e1989a8eb81,82,115,180,058adf8c5eec3c6ba4529ac80c0ce9d7ff61c6941c7e1d16068f9110a546455b
14,13,R2/50_right_loop,R2,right_loop,Pore ground truth/Fingerprint Images/R2/50_right_loop.jpg,Pore ground truth/Ground truth/R2/50_right_loop.tsv,415e2fce432dc23401a867534357424f76e387d4d8655b6b7e8c1e599dad3381,d8ab997583ce277a6d5aee5d6506e3a4bac2906bdb17caf18cd55e1989a8eb81,112,150,188,05f8d92341987a2a9e5309764f90fa428ecf322d175e3a3d1c100211efe8650e
14,14,R2/50_right_loop,R2,right_loop,Pore ground truth/Fingerprint Images/R2/50_right_loop.jpg,Pore ground truth/Ground truth/R2/50_right_loop.tsv,415e2fce432dc23401a867534357424f76e387d4d8655b6b7e8c1e599dad3381,d8ab997583ce277a6d5aee5d6506e3a4bac2906bdb17caf18cd55e1989a8eb81,37,31,279,063e5d3b44f1d3368de5bac6b0cd338dc7fc254201a1f67d69cdf3799fc5f299
14,15,R2/50_right_loop,R2,right_loop,Pore ground truth/Fingerprint Images/R2/50_right_loop.jpg,Pore ground truth/Ground truth/R2/50_right_loop.tsv,415e2fce432dc23401a867534357424f76e387d4d8655b6b7e8c1e599dad3381,d8ab997583ce277a6d5aee5d6506e3a4bac2906bdb17caf18cd55e1989a8eb81,347,483,76,0650ad0ac4015d9a9e6bd0ce5178cc23dad1db4cbd25482c6c37e5a76b690d10
14,16,R2/50_right_loop,R2,right_loop,Pore ground truth/Fingerprint Images/R2/50_right_loop.jpg,Pore ground truth/Ground truth/R2/50_right_loop.tsv,415e2fce432dc23401a867534357424f76e387d4d8655b6b7e8c1e599dad3381,d8ab997583ce277a6d5aee5d6506e3a4bac2906bdb17caf18cd55e1989a8eb81,44,81,155,073189dda907696780178fad9c3c7eceb3d68832b5e87fa8883090a2914e1608
14,17,R2/50_right_loop,R2,right_loop,Pore ground truth/Fingerprint Images/R2/50_right_loop.jpg,Pore ground truth/Ground truth/R2/50_right_loop.tsv,415e2fce432dc23401a867534357424f76e387d4d8655b6b7e8c1e599dad3381,d8ab997583ce277a6d5aee5d6506e3a4bac2906bdb17caf18cd55e1989a8eb81,10,89,14,0a0c051f44c635ea864218b8f8845bc0afe0e9eeaf1c04548bde47378af6af98
14,18,R2/50_right_loop,R2,right_loop,Pore ground truth/Fingerprint Images/R2/50_right_loop.jpg,Pore ground truth/Ground truth/R2/50_right_loop.tsv,415e2fce432dc23401a867534357424f76e387d4d8655b6b7e8c1e599dad3381,d8ab997583ce277a6d5aee5d6506e3a4bac2906bdb17caf18cd55e1989a8eb81,262,361,483,0a7f5ea654f608a80cf9cfc29aa914de7efcb9fdb7cc0f9090aff8bf186baaf9
14,19,R2/50_right_loop,R2,right_loop,Pore ground truth/Fingerprint Images/R2/50_right_loop.jpg,Pore ground truth/Ground truth/R2/50_right_loop.tsv,415e2fce432dc23401a867534357424f76e387d4d8655b6b7e8c1e599dad3381,d8ab997583ce277a6d5aee5d6506e3a4bac2906bdb17caf18cd55e1989a8eb81,100,437,21,0b6a4f9fa5e8ad0f90b074fb6557ae74b9d8b0c371c9100ab2d1384de7fa6c59
14,20,R2/50_right_loop,R2,right_loop,Pore ground truth/Fingerprint Images/R2/50_right_loop.jpg,Pore ground truth/Ground truth/R2/50_right_loop.tsv,415e2fce432dc23401a867534357424f76e387d4d8655b6b7e8c1e599dad3381,d8ab997583ce277a6d5aee5d6506e3a4bac2906bdb17caf18cd55e1989a8eb81,366,502,221,0b8dc747605bac3651c9537259fa13797c99f3a88b6e4f6773203659313bb73d
15,1,R2/38_right_loop,R2,right_loop,Pore ground truth/Fingerprint Images/R2/38_right_loop.jpg,Pore ground truth/Ground truth/R2/38_right_loop.tsv,172de780308622589f6d727c3312dde66cf6f0861fbfb30bbd63857388d971d9,87f5e985403b3e735323d779cfed08593a122edbe2121cc3f0874e871cf25377,66,468,2,01420d803aa5601e696c7757cc75e52f1a36a0ce2c023fd8a1000ed59396fde5
15,2,R2/38_right_loop,R2,right_loop,Pore ground truth/Fingerprint Images/R2/38_right_loop.jpg,Pore ground truth/Ground truth/R2/38_right_loop.tsv,172de780308622589f6d727c3312dde66cf6f0861fbfb30bbd63857388d971d9,87f5e985403b3e735323d779cfed08593a122edbe2121cc3f0874e871cf25377,302,463,257,02024ca5ba2b18da996d962e980ac212ce483570461d8e51d3cbc7147e163216
15,3,R2/38_right_loop,R2,right_loop,Pore ground truth/Fingerprint Images/R2/38_right_loop.jpg,Pore ground truth/Ground truth/R2/38_right_loop.tsv,172de780308622589f6d727c3312dde66cf6f0861fbfb30bbd63857388d971d9,87f5e985403b3e735323d779cfed08593a122edbe2121cc3f0874e871cf25377,145,382,83,0257540fe3bc210b3ea764528ccd26186165362f1cff11b0e31e383983504030
15,4,R2/38_right_loop,R2,right_loop,Pore ground truth/Fingerprint Images/R2/38_right_loop.jpg,Pore ground truth/Ground truth/R2/38_right_loop.tsv,172de780308622589f6d727c3312dde66cf6f0861fbfb30bbd63857388d971d9,87f5e985403b3e735323d779cfed08593a122edbe2121cc3f0874e871cf25377,50,56,452,025ae54aab0116a645319222277bf0117131c7797ff39497f25ddc121c2e9b88
15,5,R2/38_right_loop,R2,right_loop,Pore ground truth/Fingerprint Images/R2/38_right_loop.jpg,Pore ground truth/Ground truth/R2/38_right_loop.tsv,172de780308622589f6d727c3312dde66cf6f0861fbfb30bbd63857388d971d9,87f5e985403b3e735323d779cfed08593a122edbe2121cc3f0874e871cf25377,64,291,6,02c8d0cc34dd587a95925b7894a8e487d4debbdc8875a621cf889618b16875a2
15,6,R2/38_right_loop,R2,right_loop,Pore ground truth/Fingerprint Images/R2/38_right_loop.jpg,Pore ground truth/Ground truth/R2/38_right_loop.tsv,172de780308622589f6d727c3312dde66cf6f0861fbfb30bbd63857388d971d9,87f5e985403b3e735323d779cfed08593a122edbe2121cc3f0874e871cf25377,94,127,184,02fa8fb110b09137d41aeb34881048e97cd97b1f5a99866a1a7df74643bafd85
15,7,R2/38_right_loop,R2,right_loop,Pore ground truth/Fingerprint Images/R2/38_right_loop.jpg,Pore ground truth/Ground truth/R2/38_right_loop.tsv,172de780308622589f6d727c3312dde66cf6f0861fbfb30bbd63857388d971d9,87f5e985403b3e735323d779cfed08593a122edbe2121cc3f0874e871cf25377,167,200,209,03db991cdbf2d1e957f701d6c375bd06603defa4cd96938c9e5c03cbb5fbb951
15,8,R2/38_right_loop,R2,right_loop,Pore ground truth/Fingerprint Images/R2/38_right_loop.jpg,Pore ground truth/Ground truth/R2/38_right_loop.tsv,172de780308622589f6d727c3312dde66cf6f0861fbfb30bbd63857388d971d9,87f5e985403b3e735323d779cfed08593a122edbe2121cc3f0874e871cf25377,243,343,296,049d7bf8a1f0aeff853813a941e816f27105e7e0b24b8e8c7f7fd8c12ac64a29
15,9,R2/38_right_loop,R2,right_loop,Pore ground truth/Fingerprint Images/R2/38_right_loop.jpg,Pore ground truth/Ground truth/R2/38_right_loop.tsv,172de780308622589f6d727c3312dde66cf6f0861fbfb30bbd63857388d971d9,87f5e985403b3e735323d779cfed08593a122edbe2121cc3f0874e871cf25377,135,208,143,05281c1a56a41d9f78e176f901fe2a00aff21a7f34185b87398906c4f817ab14
15,10,R2/38_right_loop,R2,right_loop,Pore ground truth/Fingerprint Images/R2/38_right_loop.jpg,Pore ground truth/Ground truth/R2/38_right_loop.tsv,172de780308622589f6d727c3312dde66cf6f0861fbfb30bbd63857388d971d9,87f5e985403b3e735323d779cfed08593a122edbe2121cc3f0874e871cf25377,293,496,398,0645e84493776b56a243c045a1232d953729c18a0058a5a9b97aa30552e4eec2
15,11,R2/38_right_loop,R2,right_loop,Pore ground truth/Fingerprint Images/R2/38_right_loop.jpg,Pore ground truth/Ground truth/R2/38_right_loop.tsv,172de780308622589f6d727c3312dde66cf6f0861fbfb30bbd63857388d971d9,87f5e985403b3e735323d779cfed08593a122edbe2121cc3f0874e871cf25377,218,272,308,06b8aab70380b2cc30d63fd2bd8c288cff1bf41a2d9bce5be1e56e52add133f8
15,12,R2/38_right_loop,R2,right_loop,Pore ground truth/Fingerprint Images/R2/38_right_loop.jpg,Pore ground truth/Ground truth/R2/38_right_loop.tsv,172de780308622589f6d727c3312dde66cf6f0861fbfb30bbd63857388d971d9,87f5e985403b3e735323d779cfed08593a122edbe2121cc3f0874e871cf25377,29,196,10,06f1862ce1c7ff9febedeb9813ccd770bf50794b5a5d4de6a5b257a2b3cdb27f
15,13,R2/38_right_loop,R2,right_loop,Pore ground truth/Fingerprint Images/R2/38_right_loop.jpg,Pore ground truth/Ground truth/R2/38_right_loop.tsv,172de780308622589f6d727c3312dde66cf6f0861fbfb30bbd63857388d971d9,87f5e985403b3e735323d779cfed08593a122edbe2121cc3f0874e871cf25377,150,498,147,06f83ae53a7b390a803b382f4934c043b1a87aedf7405ad18c918e0fcac1ca04
15,14,R2/38_right_loop,R2,right_loop,Pore ground truth/Fingerprint Images/R2/38_right_loop.jpg,Pore ground truth/Ground truth/R2/38_right_loop.tsv,172de780308622589f6d727c3312dde66cf6f0861fbfb30bbd63857388d971d9,87f5e985403b3e735323d779cfed08593a122edbe2121cc3f0874e871cf25377,74,73,396,07f1c8ec6d233db2d1acab29a02dae20b118e661f90e73c846b64e69360144f2
15,15,R2/38_right_loop,R2,right_loop,Pore ground truth/Fingerprint Images/R2/38_right_loop.jpg,Pore ground truth/Ground truth/R2/38_right_loop.tsv,172de780308622589f6d727c3312dde66cf6f0861fbfb30bbd63857388d971d9,87f5e985403b3e735323d779cfed08593a122edbe2121cc3f0874e871cf25377,43,48,449,097a5d8ea42433a346b6eeecb6290bc2507bdca31ff9eb8dfff22d986d0e3df6
15,16,R2/38_right_loop,R2,right_loop,Pore ground truth/Fingerprint Images/R2/38_right_loop.jpg,Pore ground truth/Ground truth/R2/38_right_loop.tsv,172de780308622589f6d727c3312dde66cf6f0861fbfb30bbd63857388d971d9,87f5e985403b3e735323d779cfed08593a122edbe2121cc3f0874e871cf25377,138,246,110,0a1a0efe7d92fea11c0c28e74e00f77e1b38ad34a5e9f4055c7f7a6ce7269434
15,17,R2/38_right_loop,R2,right_loop,Pore ground truth/Fingerprint Images/R2/38_right_loop.jpg,Pore ground truth/Ground truth/R2/38_right_loop.tsv,172de780308622589f6d727c3312dde66cf6f0861fbfb30bbd63857388d971d9,87f5e985403b3e735323d779cfed08593a122edbe2121cc3f0874e871cf25377,300,488,458,0af700feb86d252566aa0d354f3367f52128c50321d72b1085d9b397b652763c
15,18,R2/38_right_loop,R2,right_loop,Pore ground truth/Fingerprint Images/R2/38_right_loop.jpg,Pore ground truth/Ground truth/R2/38_right_loop.tsv,172de780308622589f6d727c3312dde66cf6f0861fbfb30bbd63857388d971d9,87f5e985403b3e735323d779cfed08593a122edbe2121cc3f0874e871cf25377,132,163,204,0cb3991c55cc3958beab1cd4a55e55df8897eaa4794750bb73ed25633e723b21
15,19,R2/38_right_loop,R2,right_loop,Pore ground truth/Fingerprint Images/R2/38_right_loop.jpg,Pore ground truth/Ground truth/R2/38_right_loop.tsv,172de780308622589f6d727c3312dde66cf6f0861fbfb30bbd63857388d971d9,87f5e985403b3e735323d779cfed08593a122edbe2121cc3f0874e871cf25377,157,198,385,0cf025ed742dbe4f40f4821dd8a032ab564e3ef9cf393e7ad36f56adb6fdd6a6
15,20,R2/38_right_loop,R2,right_loop,Pore ground truth/Fingerprint Images/R2/38_right_loop.jpg,Pore ground truth/Ground truth/R2/38_right_loop.tsv,172de780308622589f6d727c3312dde66cf6f0861fbfb30bbd63857388d971d9,87f5e985403b3e735323d779cfed08593a122edbe2121cc3f0874e871cf25377,220,284,343,0fbb3b0008d25f84f742569d808d5d3afacfc948ddc3d620d373c3e426e7fa79
16,1,R2/54_right_loop,R2,right_loop,Pore ground truth/Fingerprint Images/R2/54_right_loop.jpg,Pore ground truth/Ground truth/R2/54_right_loop.tsv,4a3b8cfd802f530cd108b92685d9c7ef7a2de40d59d003dadfc4e542f6581c5b,ccf4cb895a79d4d2bc4d58f5a01e58af5aa32e29a4334d9f36c8475f228c339e,79,78,268,001c8e680cafa65d94449c51204b4492d3ed6b2dd836ee1d2e731329aad4b24a
16,2,R2/54_right_loop,R2,right_loop,Pore ground truth/Fingerprint Images/R2/54_right_loop.jpg,Pore ground truth/Ground truth/R2/54_right_loop.tsv,4a3b8cfd802f530cd108b92685d9c7ef7a2de40d59d003dadfc4e542f6581c5b,ccf4cb895a79d4d2bc4d58f5a01e58af5aa32e29a4334d9f36c8475f228c339e,323,461,118,01417980d4f4d8566bbc917f015fd2b963fcc4cfbe3956642c985b612f844c0d
16,3,R2/54_right_loop,R2,right_loop,Pore ground truth/Fingerprint Images/R2/54_right_loop.jpg,Pore ground truth/Ground truth/R2/54_right_loop.tsv,4a3b8cfd802f530cd108b92685d9c7ef7a2de40d59d003dadfc4e542f6581c5b,ccf4cb895a79d4d2bc4d58f5a01e58af5aa32e29a4334d9f36c8475f228c339e,371,388,123,022da91f573cd7341c4dad2b05d755ac3ef23cb81061ab4af75e3e676b373800
16,4,R2/54_right_loop,R2,right_loop,Pore ground truth/Fingerprint Images/R2/54_right_loop.jpg,Pore ground truth/Ground truth/R2/54_right_loop.tsv,4a3b8cfd802f530cd108b92685d9c7ef7a2de40d59d003dadfc4e542f6581c5b,ccf4cb895a79d4d2bc4d58f5a01e58af5aa32e29a4334d9f36c8475f228c339e,329,295,209,025024c47c84a43e447e20805ac5238279380753f869e87836e3f769a8b678fd
16,5,R2/54_right_loop,R2,right_loop,Pore ground truth/Fingerprint Images/R2/54_right_loop.jpg,Pore ground truth/Ground truth/R2/54_right_loop.tsv,4a3b8cfd802f530cd108b92685d9c7ef7a2de40d59d003dadfc4e542f6581c5b,ccf4cb895a79d4d2bc4d58f5a01e58af5aa32e29a4334d9f36c8475f228c339e,141,151,259,0251612429dccd332d816f1cf551cf0076997736440eaff5ce0e624c1bd20173
16,6,R2/54_right_loop,R2,right_loop,Pore ground truth/Fingerprint Images/R2/54_right_loop.jpg,Pore ground truth/Ground truth/R2/54_right_loop.tsv,4a3b8cfd802f530cd108b92685d9c7ef7a2de40d59d003dadfc4e542f6581c5b,ccf4cb895a79d4d2bc4d58f5a01e58af5aa32e29a4334d9f36c8475f228c339e,300,350,357,026610e85d51af98825ceae36078ad39e379f33374b8be28aa4d3a3a59fd06d6
16,7,R2/54_right_loop,R2,right_loop,Pore ground truth/Fingerprint Images/R2/54_right_loop.jpg,Pore ground truth/Ground truth/R2/54_right_loop.tsv,4a3b8cfd802f530cd108b92685d9c7ef7a2de40d59d003dadfc4e542f6581c5b,ccf4cb895a79d4d2bc4d58f5a01e58af5aa32e29a4334d9f36c8475f228c339e,116,142,325,02f55c2fa937310b653573fe0352cf45a478bc281e317eb94cacea7f6b3bd83e
16,8,R2/54_right_loop,R2,right_loop,Pore ground truth/Fingerprint Images/R2/54_right_loop.jpg,Pore ground truth/Ground truth/R2/54_right_loop.tsv,4a3b8cfd802f530cd108b92685d9c7ef7a2de40d59d003dadfc4e542f6581c5b,ccf4cb895a79d4d2bc4d58f5a01e58af5aa32e29a4334d9f36c8475f228c339e,369,373,103,0423f4011e8b2e8f5baf93ed9f862d6840c3cc04c0c601b4a3043987c5684a83
16,9,R2/54_right_loop,R2,right_loop,Pore ground truth/Fingerprint Images/R2/54_right_loop.jpg,Pore ground truth/Ground truth/R2/54_right_loop.tsv,4a3b8cfd802f530cd108b92685d9c7ef7a2de40d59d003dadfc4e542f6581c5b,ccf4cb895a79d4d2bc4d58f5a01e58af5aa32e29a4334d9f36c8475f228c339e,122,193,444,0548515c23147e13bd62c10aeeb20bac0db88ea085d54a3e51b20c272757852d
16,10,R2/54_right_loop,R2,right_loop,Pore ground truth/Fingerprint Images/R2/54_right_loop.jpg,Pore ground truth/Ground truth/R2/54_right_loop.tsv,4a3b8cfd802f530cd108b92685d9c7ef7a2de40d59d003dadfc4e542f6581c5b,ccf4cb895a79d4d2bc4d58f5a01e58af5aa32e29a4334d9f36c8475f228c339e,67,92,25,05d173e6a78cff7d4040b40e97e10e1eb3721bdc7341d5a7cb862c2fb066aac7
16,11,R2/54_right_loop,R2,right_loop,Pore ground truth/Fingerprint Images/R2/54_right_loop.jpg,Pore ground truth/Ground truth/R2/54_right_loop.tsv,4a3b8cfd802f530cd108b92685d9c7ef7a2de40d59d003dadfc4e542f6581c5b,ccf4cb895a79d4d2bc4d58f5a01e58af5aa32e29a4334d9f36c8475f228c339e,434,509,144,06c8ec8c8464e2adbe785f1cf4e87239736bad5671e97d7cccb8ed02019dd1c2
16,12,R2/54_right_loop,R2,right_loop,Pore ground truth/Fingerprint Images/R2/54_right_loop.jpg,Pore ground truth/Ground truth/R2/54_right_loop.tsv,4a3b8cfd802f530cd108b92685d9c7ef7a2de40d59d003dadfc4e542f6581c5b,ccf4cb895a79d4d2bc4d58f5a01e58af5aa32e29a4334d9f36c8475f228c339e,438,474,225,0717ca307b40abbb486f08c7b65941229386375faffc39837b577b43248ab026
16,13,R2/54_right_loop,R2,right_loop,Pore ground truth/Fingerprint Images/R2/54_right_loop.jpg,Pore ground truth/Ground truth/R2/54_right_loop.tsv,4a3b8cfd802f530cd108b92685d9c7ef7a2de40d59d003dadfc4e542f6581c5b,ccf4cb895a79d4d2bc4d58f5a01e58af5aa32e29a4334d9f36c8475f228c339e,416,417,455,079a85f41ef7900d8247c8b15feff982770007f069dda36bc568932b62879e0c
16,14,R2/54_right_loop,R2,right_loop,Pore ground truth/Fingerprint Images/R2/54_right_loop.jpg,Pore ground truth/Ground truth/R2/54_right_loop.tsv,4a3b8cfd802f530cd108b92685d9c7ef7a2de40d59d003dadfc4e542f6581c5b,ccf4cb895a79d4d2bc4d58f5a01e58af5aa32e29a4334d9f36c8475f228c339e,126,113,299,08c265cb03842c2cc20605128347f9d6ac304aeac03f0f575289b1011b551060
16,15,R2/54_right_loop,R2,right_loop,Pore ground truth/Fingerprint Images/R2/54_right_loop.jpg,Pore ground truth/Ground truth/R2/54_right_loop.tsv,4a3b8cfd802f530cd108b92685d9c7ef7a2de40d59d003dadfc4e542f6581c5b,ccf4cb895a79d4d2bc4d58f5a01e58af5aa32e29a4334d9f36c8475f228c339e,167,288,21,094b5dadd6432ea729b46df62b0f760668381eb2af8d98b35cc03aae6e14bdf1
16,16,R2/54_right_loop,R2,right_loop,Pore ground truth/Fingerprint Images/R2/54_right_loop.jpg,Pore ground truth/Ground truth/R2/54_right_loop.tsv,4a3b8cfd802f530cd108b92685d9c7ef7a2de40d59d003dadfc4e542f6581c5b,ccf4cb895a79d4d2bc4d58f5a01e58af5aa32e29a4334d9f36c8475f228c339e,231,346,138,097da77f3d47edbb0ca97a23c8492871498c0684521283c698d339b90edce384
16,17,R2/54_right_loop,R2,right_loop,Pore ground truth/Fingerprint Images/R2/54_right_loop.jpg,Pore ground truth/Ground truth/R2/54_right_loop.tsv,4a3b8cfd802f530cd108b92685d9c7ef7a2de40d59d003dadfc4e542f6581c5b,ccf4cb895a79d4d2bc4d58f5a01e58af5aa32e29a4334d9f36c8475f228c339e,293,281,231,0c264247ddaf1404867a75050d746b46f9daade1dd23345aa36017ae756b2983
16,18,R2/54_right_loop,R2,right_loop,Pore ground truth/Fingerprint Images/R2/54_right_loop.jpg,Pore ground truth/Ground truth/R2/54_right_loop.tsv,4a3b8cfd802f530cd108b92685d9c7ef7a2de40d59d003dadfc4e542f6581c5b,ccf4cb895a79d4d2bc4d58f5a01e58af5aa32e29a4334d9f36c8475f228c339e,261,221,475,0c9ce27310a5a2efd6ace7b93702dfa76c489e1962d2d968fbdce320686ed56d
16,19,R2/54_right_loop,R2,right_loop,Pore ground truth/Fingerprint Images/R2/54_right_loop.jpg,Pore ground truth/Ground truth/R2/54_right_loop.tsv,4a3b8cfd802f530cd108b92685d9c7ef7a2de40d59d003dadfc4e542f6581c5b,ccf4cb895a79d4d2bc4d58f5a01e58af5aa32e29a4334d9f36c8475f228c339e,20,18,464,0d1607256bbf1f0b8b188549b8be62fdc86e6a62bbb11ffaa6f1adb3b2310389
16,20,R2/54_right_loop,R2,right_loop,Pore ground truth/Fingerprint Images/R2/54_right_loop.jpg,Pore ground truth/Ground truth/R2/54_right_loop.tsv,4a3b8cfd802f530cd108b92685d9c7ef7a2de40d59d003dadfc4e542f6581c5b,ccf4cb895a79d4d2bc4d58f5a01e58af5aa32e29a4334d9f36c8475f228c339e,226,260,40,0d380c83e70337b86b0a604669febdebd1e9575482716701ea8f2c0c27a94ab5
17,1,R2/2_tented_arch,R2,tented_arch,Pore ground truth/Fingerprint Images/R2/2_tented_arch.jpg,Pore ground truth/Ground truth/R2/2_tented_arch.tsv,6adbd013b5dd1d5757f1cf3382a5d66e7c44f675e8e485242d7dab296a3a9516,9b4efec4ea8e55ebfd83c6db82e7e9743872c5aa57624b14dd3f5c6ea9fbedb1,233,51,377,006645a0cc2b7abcd1604d84f75ddf9913fa8456549bdfb4cda2df6d2fe8389c
17,2,R2/2_tented_arch,R2,tented_arch,Pore ground truth/Fingerprint Images/R2/2_tented_arch.jpg,Pore ground truth/Ground truth/R2/2_tented_arch.tsv,6adbd013b5dd1d5757f1cf3382a5d66e7c44f675e8e485242d7dab296a3a9516,9b4efec4ea8e55ebfd83c6db82e7e9743872c5aa57624b14dd3f5c6ea9fbedb1,28,17,89,00b8f9b7d66e93f49bf1644a7ec9fa7bd53a42d613b4c1fae2999676fb1d7173
17,3,R2/2_tented_arch,R2,tented_arch,Pore ground truth/Fingerprint Images/R2/2_tented_arch.jpg,Pore ground truth/Ground truth/R2/2_tented_arch.tsv,6adbd013b5dd1d5757f1cf3382a5d66e7c44f675e8e485242d7dab296a3a9516,9b4efec4ea8e55ebfd83c6db82e7e9743872c5aa57624b14dd3f5c6ea9fbedb1,241,156,251,02190b95607c4598bc43f5cba29002e783f45bcb5f40b7ed40237ea04019e317
17,4,R2/2_tented_arch,R2,tented_arch,Pore ground truth/Fingerprint Images/R2/2_tented_arch.jpg,Pore ground truth/Ground truth/R2/2_tented_arch.tsv,6adbd013b5dd1d5757f1cf3382a5d66e7c44f675e8e485242d7dab296a3a9516,9b4efec4ea8e55ebfd83c6db82e7e9743872c5aa57624b14dd3f5c6ea9fbedb1,86,445,117,026d78825727ba90f2c85007db0ef1a7ae755e009a3a66ba49ae0d8d1a5cf61d
17,5,R2/2_tented_arch,R2,tented_arch,Pore ground truth/Fingerprint Images/R2/2_tented_arch.jpg,Pore ground truth/Ground truth/R2/2_tented_arch.tsv,6adbd013b5dd1d5757f1cf3382a5d66e7c44f675e8e485242d7dab296a3a9516,9b4efec4ea8e55ebfd83c6db82e7e9743872c5aa57624b14dd3f5c6ea9fbedb1,352,496,460,027c627407a077a32ff44acf6b57ead007c4d6d636c5e2741e340653b4ea9f25
17,6,R2/2_tented_arch,R2,tented_arch,Pore ground truth/Fingerprint Images/R2/2_tented_arch.jpg,Pore ground truth/Ground truth/R2/2_tented_arch.tsv,6adbd013b5dd1d5757f1cf3382a5d66e7c44f675e8e485242d7dab296a3a9516,9b4efec4ea8e55ebfd83c6db82e7e9743872c5aa57624b14dd3f5c6ea9fbedb1,266,251,332,028b4effe950ace79cf4041d888755bcc2c234fd3405ddbe1fccd80aab7ff001
17,7,R2/2_tented_arch,R2,tented_arch,Pore ground truth/Fingerprint Images/R2/2_tented_arch.jpg,Pore ground truth/Ground truth/R2/2_tented_arch.tsv,6adbd013b5dd1d5757f1cf3382a5d66e7c44f675e8e485242d7dab296a3a9516,9b4efec4ea8e55ebfd83c6db82e7e9743872c5aa57624b14dd3f5c6ea9fbedb1,415,416,190,03090d1637431b8ac8fd5e832398f6060ab170e987d5aada9e4d56087f771291
17,8,R2/2_tented_arch,R2,tented_arch,Pore ground truth/Fingerprint Images/R2/2_tented_arch.jpg,Pore ground truth/Ground truth/R2/2_tented_arch.tsv,6adbd013b5dd1d5757f1cf3382a5d66e7c44f675e8e485242d7dab296a3a9516,9b4efec4ea8e55ebfd83c6db82e7e9743872c5aa57624b14dd3f5c6ea9fbedb1,141,188,244,0314c273a578324c026e9780ba8fb6372939de61db686f977a8d23c9eb8f1a98
17,9,R2/2_tented_arch,R2,tented_arch,Pore ground truth/Fingerprint Images/R2/2_tented_arch.jpg,Pore ground truth/Ground truth/R2/2_tented_arch.tsv,6adbd013b5dd1d5757f1cf3382a5d66e7c44f675e8e485242d7dab296a3a9516,9b4efec4ea8e55ebfd83c6db82e7e9743872c5aa57624b14dd3f5c6ea9fbedb1,37,194,52,03968c6e7ada64b1853f3316448f7d2763e441f1ecb4c8dcadfda39c246751ab
17,10,R2/2_tented_arch,R2,tented_arch,Pore ground truth/Fingerprint Images/R2/2_tented_arch.jpg,Pore ground truth/Ground truth/R2/2_tented_arch.tsv,6adbd013b5dd1d5757f1cf3382a5d66e7c44f675e8e485242d7dab296a3a9516,9b4efec4ea8e55ebfd83c6db82e7e9743872c5aa57624b14dd3f5c6ea9fbedb1,350,437,434,03af0d0a05c20b9685bfb994f845eb9ae101b705f0f857857bc0cb6eb5c7a450
17,11,R2/2_tented_arch,R2,tented_arch,Pore ground truth/Fingerprint Images/R2/2_tented_arch.jpg,Pore ground truth/Ground truth/R2/2_tented_arch.tsv,6adbd013b5dd1d5757f1cf3382a5d66e7c44f675e8e485242d7dab296a3a9516,9b4efec4ea8e55ebfd83c6db82e7e9743872c5aa57624b14dd3f5c6ea9fbedb1,196,259,412,041a73152cfa78bd88c4e78b4668bcea6f5b4bb10ce3f85da450b837cb62d78e
17,12,R2/2_tented_arch,R2,tented_arch,Pore ground truth/Fingerprint Images/R2/2_tented_arch.jpg,Pore ground truth/Ground truth/R2/2_tented_arch.tsv,6adbd013b5dd1d5757f1cf3382a5d66e7c44f675e8e485242d7dab296a3a9516,9b4efec4ea8e55ebfd83c6db82e7e9743872c5aa57624b14dd3f5c6ea9fbedb1,288,426,494,0451d8622187cde9d4483e93ed6b34a5536f4067c50bacda17e2154090e816ce
17,13,R2/2_tented_arch,R2,tented_arch,Pore ground truth/Fingerprint Images/R2/2_tented_arch.jpg,Pore ground truth/Ground truth/R2/2_tented_arch.tsv,6adbd013b5dd1d5757f1cf3382a5d66e7c44f675e8e485242d7dab296a3a9516,9b4efec4ea8e55ebfd83c6db82e7e9743872c5aa57624b14dd3f5c6ea9fbedb1,153,112,402,050202c17ed3a81a28239bca324d5dcbc66dd0fb86bb8609167ba8f086f9cb94
17,14,R2/2_tented_arch,R2,tented_arch,Pore ground truth/Fingerprint Images/R2/2_tented_arch.jpg,Pore ground truth/Ground truth/R2/2_tented_arch.tsv,6adbd013b5dd1d5757f1cf3382a5d66e7c44f675e8e485242d7dab296a3a9516,9b4efec4ea8e55ebfd83c6db82e7e9743872c5aa57624b14dd3f5c6ea9fbedb1,80,325,94,052e5124fb2a4f1343ab9a3c60d51840aed014d1812e864698dec99f91d14966
17,15,R2/2_tented_arch,R2,tented_arch,Pore ground truth/Fingerprint Images/R2/2_tented_arch.jpg,Pore ground truth/Ground truth/R2/2_tented_arch.tsv,6adbd013b5dd1d5757f1cf3382a5d66e7c44f675e8e485242d7dab296a3a9516,9b4efec4ea8e55ebfd83c6db82e7e9743872c5aa57624b14dd3f5c6ea9fbedb1,140,175,261,058b600c1000d884a15769943035762011b06f0bfb709ee93009a57ac38ee57d
17,16,R2/2_tented_arch,R2,tented_arch,Pore ground truth/Fingerprint Images/R2/2_tented_arch.jpg,Pore ground truth/Ground truth/R2/2_tented_arch.tsv,6adbd013b5dd1d5757f1cf3382a5d66e7c44f675e8e485242d7dab296a3a9516,9b4efec4ea8e55ebfd83c6db82e7e9743872c5aa57624b14dd3f5c6ea9fbedb1,212,220,178,05daf0935649c1cbc3a12c41af0358e17b125696588cffde787bce7901d70f27
17,17,R2/2_tented_arch,R2,tented_arch,Pore ground truth/Fingerprint Images/R2/2_tented_arch.jpg,Pore ground truth/Ground truth/R2/2_tented_arch.tsv,6adbd013b5dd1d5757f1cf3382a5d66e7c44f675e8e485242d7dab296a3a9516,9b4efec4ea8e55ebfd83c6db82e7e9743872c5aa57624b14dd3f5c6ea9fbedb1,67,65,161,067e16d033ba17c125399f24372678ae7e52a50ed5ad601f395d24ce3a48d586
17,18,R2/2_tented_arch,R2,tented_arch,Pore ground truth/Fingerprint Images/R2/2_tented_arch.jpg,Pore ground truth/Ground truth/R2/2_tented_arch.tsv,6adbd013b5dd1d5757f1cf3382a5d66e7c44f675e8e485242d7dab296a3a9516,9b4efec4ea8e55ebfd83c6db82e7e9743872c5aa57624b14dd3f5c6ea9fbedb1,35,161,50,06e3e8b40a7b245b08dfbc48cf48beeb24d666f33d738d4f2df2f7d60f848365
17,19,R2/2_tented_arch,R2,tented_arch,Pore ground truth/Fingerprint Images/R2/2_tented_arch.jpg,Pore ground truth/Ground truth/R2/2_tented_arch.tsv,6adbd013b5dd1d5757f1cf3382a5d66e7c44f675e8e485242d7dab296a3a9516,9b4efec4ea8e55ebfd83c6db82e7e9743872c5aa57624b14dd3f5c6ea9fbedb1,161,235,304,0760f55788c77478d1289334791c729d6b21fe3016e4c9b75f4e530bea07e7db
17,20,R2/2_tented_arch,R2,tented_arch,Pore ground truth/Fingerprint Images/R2/2_tented_arch.jpg,Pore ground truth/Ground truth/R2/2_tented_arch.tsv,6adbd013b5dd1d5757f1cf3382a5d66e7c44f675e8e485242d7dab296a3a9516,9b4efec4ea8e55ebfd83c6db82e7e9743872c5aa57624b14dd3f5c6ea9fbedb1,387,497,222,0784243f4d38060667e5fc6466e32531e5835851ff2a1850559fb2c39ee7bd38
18,1,R2/56_whorl,R2,whorl,Pore ground truth/Fingerprint Images/R2/56_whorl.jpg,Pore ground truth/Ground truth/R2/56_whorl.tsv,c6824207b650134f67b3999b44ff8453efff208d17136fa91e6c6fc0d00b13b4,eb5e3a88812482cb49e273be30c8e6fa201a0f4053ce3bce8e9ca245de1dedf6,188,2,444,00795655ec8efb4a95df9060c6efd7fd612767e257b0532b077a8780d965c7f0
18,2,R2/56_whorl,R2,whorl,Pore ground truth/Fingerprint Images/R2/56_whorl.jpg,Pore ground truth/Ground truth/R2/56_whorl.tsv,c6824207b650134f67b3999b44ff8453efff208d17136fa91e6c6fc0d00b13b4,eb5e3a88812482cb49e273be30c8e6fa201a0f4053ce3bce8e9ca245de1dedf6,228,393,265,0087c8d6fbf2cc82cd7a634dab7ea25698742bd78e344f9dea244fa868f3c605
18,3,R2/56_whorl,R2,whorl,Pore ground truth/Fingerprint Images/R2/56_whorl.jpg,Pore ground truth/Ground truth/R2/56_whorl.tsv,c6824207b650134f67b3999b44ff8453efff208d17136fa91e6c6fc0d00b13b4,eb5e3a88812482cb49e273be30c8e6fa201a0f4053ce3bce8e9ca245de1dedf6,67,433,169,0141c8021c3913ff10eb64cca5e4cf43b9a1ac481b5c00f9393d7265b605f825
18,4,R2/56_whorl,R2,whorl,Pore ground truth/Fingerprint Images/R2/56_whorl.jpg,Pore ground truth/Ground truth/R2/56_whorl.tsv,c6824207b650134f67b3999b44ff8453efff208d17136fa91e6c6fc0d00b13b4,eb5e3a88812482cb49e273be30c8e6fa201a0f4053ce3bce8e9ca245de1dedf6,197,400,497,014d200c19dde5b689be9f5be1f6aecb011e3435498dbbb87eddb07f81e04e5c
18,5,R2/56_whorl,R2,whorl,Pore ground truth/Fingerprint Images/R2/56_whorl.jpg,Pore ground truth/Ground truth/R2/56_whorl.tsv,c6824207b650134f67b3999b44ff8453efff208d17136fa91e6c6fc0d00b13b4,eb5e3a88812482cb49e273be30c8e6fa201a0f4053ce3bce8e9ca245de1dedf6,124,245,9,0202abbef491b5122b493cba64efcf19d0683e69dc1d8615bd015fbe5fc4dd9f
18,6,R2/56_whorl,R2,whorl,Pore ground truth/Fingerprint Images/R2/56_whorl.jpg,Pore ground truth/Ground truth/R2/56_whorl.tsv,c6824207b650134f67b3999b44ff8453efff208d17136fa91e6c6fc0d00b13b4,eb5e3a88812482cb49e273be30c8e6fa201a0f4053ce3bce8e9ca245de1dedf6,128,317,86,020954f4c1b01bc4902de308471822b80f738fe5042c9193a9fa3624ace7e4d6
18,7,R2/56_whorl,R2,whorl,Pore ground truth/Fingerprint Images/R2/56_whorl.jpg,Pore ground truth/Ground truth/R2/56_whorl.tsv,c6824207b650134f67b3999b44ff8453efff208d17136fa91e6c6fc0d00b13b4,eb5e3a88812482cb49e273be30c8e6fa201a0f4053ce3bce8e9ca245de1dedf6,34,456,288,04313117c15a2631ac2cf3c6f71e54e49747f428eca8ee25c9788bca5abf63d5
18,8,R2/56_whorl,R2,whorl,Pore ground truth/Fingerprint Images/R2/56_whorl.jpg,Pore ground truth/Ground truth/R2/56_whorl.tsv,c6824207b650134f67b3999b44ff8453efff208d17136fa91e6c6fc0d00b13b4,eb5e3a88812482cb49e273be30c8e6fa201a0f4053ce3bce8e9ca245de1dedf6,146,87,69,0436207f5bf2c5e10925bd1d4249c9c53e0dd6daef25f1e3c7f7262c849f8ca7
18,9,R2/56_whorl,R2,whorl,Pore ground truth/Fingerprint Images/R2/56_whorl.jpg,Pore ground truth/Ground truth/R2/56_whorl.tsv,c6824207b650134f67b3999b44ff8453efff208d17136fa91e6c6fc0d00b13b4,eb5e3a88812482cb49e273be30c8e6fa201a0f4053ce3bce8e9ca245de1dedf6,195,257,511,0436d50ab69352b42048aefe79c4ef7dfe5fbe59d40c4d0e76cf78cacbc4afbc
18,10,R2/56_whorl,R2,whorl,Pore ground truth/Fingerprint Images/R2/56_whorl.jpg,Pore ground truth/Ground truth/R2/56_whorl.tsv,c6824207b650134f67b3999b44ff8453efff208d17136fa91e6c6fc0d00b13b4,eb5e3a88812482cb49e273be30c8e6fa201a0f4053ce3bce8e9ca245de1dedf6,327,261,206,044ea1a6fa4c0a331d2b8c811b3a2122c40bbbc0dcd35b90bcae26ffa796c8a4
18,11,R2/56_whorl,R2,whorl,Pore ground truth/Fingerprint Images/R2/56_whorl.jpg,Pore ground truth/Ground truth/R2/56_whorl.tsv,c6824207b650134f67b3999b44ff8453efff208d17136fa91e6c6fc0d00b13b4,eb5e3a88812482cb49e273be30c8e6fa201a0f4053ce3bce8e9ca245de1dedf6,191,27,486,04a1899e4d3457f81788d1b6e65a7626a23d2be57ca2c9b57904d46f96a81083
18,12,R2/56_whorl,R2,whorl,Pore ground truth/Fingerprint Images/R2/56_whorl.jpg,Pore ground truth/Ground truth/R2/56_whorl.tsv,c6824207b650134f67b3999b44ff8453efff208d17136fa91e6c6fc0d00b13b4,eb5e3a88812482cb49e273be30c8e6fa201a0f4053ce3bce8e9ca245de1dedf6,339,126,31,04f8dbd2a1b3447d903a5c620fab1ea2a9335769d7c322bb6468a45c225a78f5
18,13,R2/56_whorl,R2,whorl,Pore ground truth/Fingerprint Images/R2/56_whorl.jpg,Pore ground truth/Ground truth/R2/56_whorl.tsv,c6824207b650134f67b3999b44ff8453efff208d17136fa91e6c6fc0d00b13b4,eb5e3a88812482cb49e273be30c8e6fa201a0f4053ce3bce8e9ca245de1dedf6,260,236,210,055f434f390c5538c6c1a0d923294df7c925ac61402fe01d3019f1cb6e3e95bb
18,14,R2/56_whorl,R2,whorl,Pore ground truth/Fingerprint Images/R2/56_whorl.jpg,Pore ground truth/Ground truth/R2/56_whorl.tsv,c6824207b650134f67b3999b44ff8453efff208d17136fa91e6c6fc0d00b13b4,eb5e3a88812482cb49e273be30c8e6fa201a0f4053ce3bce8e9ca245de1dedf6,40,388,383,057261e6a44bae2a90f5f6aecdc2cb8f077476711ebdb8cef96603e85da6919a
18,15,R2/56_whorl,R2,whorl,Pore ground truth/Fingerprint Images/R2/56_whorl.jpg,Pore ground truth/Ground truth/R2/56_whorl.tsv,c6824207b650134f67b3999b44ff8453efff208d17136fa91e6c6fc0d00b13b4,eb5e3a88812482cb49e273be30c8e6fa201a0f4053ce3bce8e9ca245de1dedf6,31,467,247,05bd1be776305d79f51a0e8e89cb183bb2188c439e208d6e1d085a129f3a3dd0
18,16,R2/56_whorl,R2,whorl,Pore ground truth/Fingerprint Images/R2/56_whorl.jpg,Pore ground truth/Ground truth/R2/56_whorl.tsv,c6824207b650134f67b3999b44ff8453efff208d17136fa91e6c6fc0d00b13b4,eb5e3a88812482cb49e273be30c8e6fa201a0f4053ce3bce8e9ca245de1dedf6,150,171,58,06a32f7ebe4b99051b76ec708e0383cdec96dda626e655201692d69ea98f51b6
18,17,R2/56_whorl,R2,whorl,Pore ground truth/Fingerprint Images/R2/56_whorl.jpg,Pore ground truth/Ground truth/R2/56_whorl.tsv,c6824207b650134f67b3999b44ff8453efff208d17136fa91e6c6fc0d00b13b4,eb5e3a88812482cb49e273be30c8e6fa201a0f4053ce3bce8e9ca245de1dedf6,158,8,251,0786375e61e66f7645047916180150565b16a7668e2173960f758c91dcd0daa7
18,18,R2/56_whorl,R2,whorl,Pore ground truth/Fingerprint Images/R2/56_whorl.jpg,Pore ground truth/Ground truth/R2/56_whorl.tsv,c6824207b650134f67b3999b44ff8453efff208d17136fa91e6c6fc0d00b13b4,eb5e3a88812482cb49e273be30c8e6fa201a0f4053ce3bce8e9ca245de1dedf6,303,229,490,07b7011b0c2f80f210d09f8500d9a25cd67eca48f1cf493fc08f344fa6e93ec4
18,19,R2/56_whorl,R2,whorl,Pore ground truth/Fingerprint Images/R2/56_whorl.jpg,Pore ground truth/Ground truth/R2/56_whorl.tsv,c6824207b650134f67b3999b44ff8453efff208d17136fa91e6c6fc0d00b13b4,eb5e3a88812482cb49e273be30c8e6fa201a0f4053ce3bce8e9ca245de1dedf6,253,158,158,07f10e541ac60a52dd9b7ee902d1a4a50f453cfafd3fccfad2e08ad89ab97e6c
18,20,R2/56_whorl,R2,whorl,Pore ground truth/Fingerprint Images/R2/56_whorl.jpg,Pore ground truth/Ground truth/R2/56_whorl.tsv,c6824207b650134f67b3999b44ff8453efff208d17136fa91e6c6fc0d00b13b4,eb5e3a88812482cb49e273be30c8e6fa201a0f4053ce3bce8e9ca245de1dedf6,332,94,299,0817041c624c49b385d94d854662531fb0db6d52bbe2138abf9492aeab74d47d
19,1,R2/21_whorl,R2,whorl,Pore ground truth/Fingerprint Images/R2/21_whorl.jpg,Pore ground truth/Ground truth/R2/21_whorl.tsv,37b45793ad2e3365b844b09c945d5bf73086efc455b49bddda5f53fe05ba28d0,1fcfbbde39d2b469979c1673a26c965fcd7dc1181184c2726ced087729a7ed69,369,327,471,0071366b163e6dea33ea85929e57fc708676dc8eaed3773522fdb2314aa8f532
19,2,R2/21_whorl,R2,whorl,Pore ground truth/Fingerprint Images/R2/21_whorl.jpg,Pore ground truth/Ground truth/R2/21_whorl.tsv,37b45793ad2e3365b844b09c945d5bf73086efc455b49bddda5f53fe05ba28d0,1fcfbbde39d2b469979c1673a26c965fcd7dc1181184c2726ced087729a7ed69,467,494,484,00a7f1ecb4723120f77f48acdc95d155964c47aa3904d34c89a93dbb87aaff72
19,3,R2/21_whorl,R2,whorl,Pore ground truth/Fingerprint Images/R2/21_whorl.jpg,Pore ground truth/Ground truth/R2/21_whorl.tsv,37b45793ad2e3365b844b09c945d5bf73086efc455b49bddda5f53fe05ba28d0,1fcfbbde39d2b469979c1673a26c965fcd7dc1181184c2726ced087729a7ed69,33,479,443,0114960a207531b39543d47f99ba2c907e5c2f638159cba1e72b90fe947d7758
19,4,R2/21_whorl,R2,whorl,Pore ground truth/Fingerprint Images/R2/21_whorl.jpg,Pore ground truth/Ground truth/R2/21_whorl.tsv,37b45793ad2e3365b844b09c945d5bf73086efc455b49bddda5f53fe05ba28d0,1fcfbbde39d2b469979c1673a26c965fcd7dc1181184c2726ced087729a7ed69,342,336,499,01979bdcc21ae8b338ab6378012e473043a7aa9f2362b919eeaac6b1e72f512a
19,5,R2/21_whorl,R2,whorl,Pore ground truth/Fingerprint Images/R2/21_whorl.jpg,Pore ground truth/Ground truth/R2/21_whorl.tsv,37b45793ad2e3365b844b09c945d5bf73086efc455b49bddda5f53fe05ba28d0,1fcfbbde39d2b469979c1673a26c965fcd7dc1181184c2726ced087729a7ed69,330,42,394,01fefa36684ed0f36e1fb2db6959f99428a73d48008ec5cca129adc4b1799a16
19,6,R2/21_whorl,R2,whorl,Pore ground truth/Fingerprint Images/R2/21_whorl.jpg,Pore ground truth/Ground truth/R2/21_whorl.tsv,37b45793ad2e3365b844b09c945d5bf73086efc455b49bddda5f53fe05ba28d0,1fcfbbde39d2b469979c1673a26c965fcd7dc1181184c2726ced087729a7ed69,76,385,100,029c780acc3a1fe9e67e4947eb668b21a4a06c74e992fe30f140f78bbf782479
19,7,R2/21_whorl,R2,whorl,Pore ground truth/Fingerprint Images/R2/21_whorl.jpg,Pore ground truth/Ground truth/R2/21_whorl.tsv,37b45793ad2e3365b844b09c945d5bf73086efc455b49bddda5f53fe05ba28d0,1fcfbbde39d2b469979c1673a26c965fcd7dc1181184c2726ced087729a7ed69,266,69,163,03e5b2331fd93baec75e502353ad182b71ac422f5313d7effda8a2bbe4a8971a
19,8,R2/21_whorl,R2,whorl,Pore ground truth/Fingerprint Images/R2/21_whorl.jpg,Pore ground truth/Ground truth/R2/21_whorl.tsv,37b45793ad2e3365b844b09c945d5bf73086efc455b49bddda5f53fe05ba28d0,1fcfbbde39d2b469979c1673a26c965fcd7dc1181184c2726ced087729a7ed69,215,175,72,03fdc6c189d2dc81e8902b2296fce59596dcc6f203f03641501c3d0b676efe33
19,9,R2/21_whorl,R2,whorl,Pore ground truth/Fingerprint Images/R2/21_whorl.jpg,Pore ground truth/Ground truth/R2/21_whorl.tsv,37b45793ad2e3365b844b09c945d5bf73086efc455b49bddda5f53fe05ba28d0,1fcfbbde39d2b469979c1673a26c965fcd7dc1181184c2726ced087729a7ed69,361,117,493,058270b4ce893ddc085031bb1dac1395a49aabb414be25385ade7977bfc7f193
19,10,R2/21_whorl,R2,whorl,Pore ground truth/Fingerprint Images/R2/21_whorl.jpg,Pore ground truth/Ground truth/R2/21_whorl.tsv,37b45793ad2e3365b844b09c945d5bf73086efc455b49bddda5f53fe05ba28d0,1fcfbbde39d2b469979c1673a26c965fcd7dc1181184c2726ced087729a7ed69,221,297,114,05bb6a2901c17e40deedd351152453cdad3f58ef56cef32b77663631c8b4a778
19,11,R2/21_whorl,R2,whorl,Pore ground truth/Fingerprint Images/R2/21_whorl.jpg,Pore ground truth/Ground truth/R2/21_whorl.tsv,37b45793ad2e3365b844b09c945d5bf73086efc455b49bddda5f53fe05ba28d0,1fcfbbde39d2b469979c1673a26c965fcd7dc1181184c2726ced087729a7ed69,328,31,442,05d4749b7e536a8e004947785aa1db5e33237b4ee128937ed0115d9f022f83e1
19,12,R2/21_whorl,R2,whorl,Pore ground truth/Fingerprint Images/R2/21_whorl.jpg,Pore ground truth/Ground truth/R2/21_whorl.tsv,37b45793ad2e3365b844b09c945d5bf73086efc455b49bddda5f53fe05ba28d0,1fcfbbde39d2b469979c1673a26c965fcd7dc1181184c2726ced087729a7ed69,165,212,31,0669a1915d5d740ce0eee4d62cd3d45aa617e959d3626a8a99a93fe61f210a16
19,13,R2/21_whorl,R2,whorl,Pore ground truth/Fingerprint Images/R2/21_whorl.jpg,Pore ground truth/Ground truth/R2/21_whorl.tsv,37b45793ad2e3365b844b09c945d5bf73086efc455b49bddda5f53fe05ba28d0,1fcfbbde39d2b469979c1673a26c965fcd7dc1181184c2726ced087729a7ed69,13,429,25,07f3a1204fddbd6b8e0f3a7a8b2920139d8186743840db48b59769d5583235e2
19,14,R2/21_whorl,R2,whorl,Pore ground truth/Fingerprint Images/R2/21_whorl.jpg,Pore ground truth/Ground truth/R2/21_whorl.tsv,37b45793ad2e3365b844b09c945d5bf73086efc455b49bddda5f53fe05ba28d0,1fcfbbde39d2b469979c1673a26c965fcd7dc1181184c2726ced087729a7ed69,311,32,342,08cc90715a5c04baf1ad3f65b6ab3cbd97e3a46d0e49b821816fd8a05cda8f9d
19,15,R2/21_whorl,R2,whorl,Pore ground truth/Fingerprint Images/R2/21_whorl.jpg,Pore ground truth/Ground truth/R2/21_whorl.tsv,37b45793ad2e3365b844b09c945d5bf73086efc455b49bddda5f53fe05ba28d0,1fcfbbde39d2b469979c1673a26c965fcd7dc1181184c2726ced087729a7ed69,67,4,26,09553fa459164a4c785845b0dbb42e742216a832806e6c85a2abf612d490a4e2
19,16,R2/21_whorl,R2,whorl,Pore ground truth/Fingerprint Images/R2/21_whorl.jpg,Pore ground truth/Ground truth/R2/21_whorl.tsv,37b45793ad2e3365b844b09c945d5bf73086efc455b49bddda5f53fe05ba28d0,1fcfbbde39d2b469979c1673a26c965fcd7dc1181184c2726ced087729a7ed69,413,380,340,09791c7784c38284666eec14af06f698caceacf5d4b61192aca92d67a9173c2a
19,17,R2/21_whorl,R2,whorl,Pore ground truth/Fingerprint Images/R2/21_whorl.jpg,Pore ground truth/Ground truth/R2/21_whorl.tsv,37b45793ad2e3365b844b09c945d5bf73086efc455b49bddda5f53fe05ba28d0,1fcfbbde39d2b469979c1673a26c965fcd7dc1181184c2726ced087729a7ed69,151,230,193,09f137bbe2e59c19c43a9bce7dd918adfa8ffa5695709fc8e53dd727b313d51c
19,18,R2/21_whorl,R2,whorl,Pore ground truth/Fingerprint Images/R2/21_whorl.jpg,Pore ground truth/Ground truth/R2/21_whorl.tsv,37b45793ad2e3365b844b09c945d5bf73086efc455b49bddda5f53fe05ba28d0,1fcfbbde39d2b469979c1673a26c965fcd7dc1181184c2726ced087729a7ed69,398,115,310,0b823e1b22c217a61e6e67cc3785dd46d85ff01c40a69365d467c6db77eda350
19,19,R2/21_whorl,R2,whorl,Pore ground truth/Fingerprint Images/R2/21_whorl.jpg,Pore ground truth/Ground truth/R2/21_whorl.tsv,37b45793ad2e3365b844b09c945d5bf73086efc455b49bddda5f53fe05ba28d0,1fcfbbde39d2b469979c1673a26c965fcd7dc1181184c2726ced087729a7ed69,168,266,56,0d058f278f3ae5139e95b48a51bd2279ad6385968cb7b824ef5011dc37449d77
19,20,R2/21_whorl,R2,whorl,Pore ground truth/Fingerprint Images/R2/21_whorl.jpg,Pore ground truth/Ground truth/R2/21_whorl.tsv,37b45793ad2e3365b844b09c945d5bf73086efc455b49bddda5f53fe05ba28d0,1fcfbbde39d2b469979c1673a26c965fcd7dc1181184c2726ced087729a7ed69,414,401,312,0d2a6ac81acb966fb5ccf6c1b6227e46381ea18f8ebc14be9f38a7874e39b17d
20,1,R2/43_whorl,R2,whorl,Pore ground truth/Fingerprint Images/R2/43_whorl.jpg,Pore ground truth/Ground truth/R2/43_whorl.tsv,2d06688d51b357cac670b2245390d3238ae213749353b61cff681b2a79a81aad,1b50b211c59481630613d93dc96efaa23ec577cc4d12c9f201aabf018e01bb1d,162,50,163,00f1c7945d25c049044e5b9448dbaf90c4e883ccd9aa97287ffc5230c117b5f6
20,2,R2/43_whorl,R2,whorl,Pore ground truth/Fingerprint Images/R2/43_whorl.jpg,Pore ground truth/Ground truth/R2/43_whorl.tsv,2d06688d51b357cac670b2245390d3238ae213749353b61cff681b2a79a81aad,1b50b211c59481630613d93dc96efaa23ec577cc4d12c9f201aabf018e01bb1d,61,160,21,012a526215fe236e343bbaae6093d06755c622a659297e555476ab75993453ef
20,3,R2/43_whorl,R2,whorl,Pore ground truth/Fingerprint Images/R2/43_whorl.jpg,Pore ground truth/Ground truth/R2/43_whorl.tsv,2d06688d51b357cac670b2245390d3238ae213749353b61cff681b2a79a81aad,1b50b211c59481630613d93dc96efaa23ec577cc4d12c9f201aabf018e01bb1d,287,372,291,022bd82f9cd6759ef5196748a3058ae93f481a89e8f39dabfc85860543b83eda
20,4,R2/43_whorl,R2,whorl,Pore ground truth/Fingerprint Images/R2/43_whorl.jpg,Pore ground truth/Ground truth/R2/43_whorl.tsv,2d06688d51b357cac670b2245390d3238ae213749353b61cff681b2a79a81aad,1b50b211c59481630613d93dc96efaa23ec577cc4d12c9f201aabf018e01bb1d,404,432,480,02adf49a92d4906fa38e53ffa90f7f9fd7d07d1da6e731c73780ee604671e759
20,5,R2/43_whorl,R2,whorl,Pore ground truth/Fingerprint Images/R2/43_whorl.jpg,Pore ground truth/Ground truth/R2/43_whorl.tsv,2d06688d51b357cac670b2245390d3238ae213749353b61cff681b2a79a81aad,1b50b211c59481630613d93dc96efaa23ec577cc4d12c9f201aabf018e01bb1d,58,113,85,02b5b4fe1de094e3874781e7840e76ebf62a9debf87b22ecb02fc061d99a6724
20,6,R2/43_whorl,R2,whorl,Pore ground truth/Fingerprint Images/R2/43_whorl.jpg,Pore ground truth/Ground truth/R2/43_whorl.tsv,2d06688d51b357cac670b2245390d3238ae213749353b61cff681b2a79a81aad,1b50b211c59481630613d93dc96efaa23ec577cc4d12c9f201aabf018e01bb1d,260,438,326,02efb1c6965858edc3f91f37a8fc8ba130168eb7d1a12399241f7094e2cf57c2
20,7,R2/43_whorl,R2,whorl,Pore ground truth/Fingerprint Images/R2/43_whorl.jpg,Pore ground truth/Ground truth/R2/43_whorl.tsv,2d06688d51b357cac670b2245390d3238ae213749353b61cff681b2a79a81aad,1b50b211c59481630613d93dc96efaa23ec577cc4d12c9f201aabf018e01bb1d,116,55,35,02f10ac5f1120baad830807f1737da957537b5df94fafaf7d71967f53f537e8d
20,8,R2/43_whorl,R2,whorl,Pore ground truth/Fingerprint Images/R2/43_whorl.jpg,Pore ground truth/Ground truth/R2/43_whorl.tsv,2d06688d51b357cac670b2245390d3238ae213749353b61cff681b2a79a81aad,1b50b211c59481630613d93dc96efaa23ec577cc4d12c9f201aabf018e01bb1d,375,330,76,03114ebbf1ed175c442915ae1b3f591dcdcdcab1cc7a7ec6ffb46202a4e51f87
20,9,R2/43_whorl,R2,whorl,Pore ground truth/Fingerprint Images/R2/43_whorl.jpg,Pore ground truth/Ground truth/R2/43_whorl.tsv,2d06688d51b357cac670b2245390d3238ae213749353b61cff681b2a79a81aad,1b50b211c59481630613d93dc96efaa23ec577cc4d12c9f201aabf018e01bb1d,409,396,206,032b732f5bf94c4c6cc10ab3a64904efc64929ac1475d2ee6f82f05b83741940
20,10,R2/43_whorl,R2,whorl,Pore ground truth/Fingerprint Images/R2/43_whorl.jpg,Pore ground truth/Ground truth/R2/43_whorl.tsv,2d06688d51b357cac670b2245390d3238ae213749353b61cff681b2a79a81aad,1b50b211c59481630613d93dc96efaa23ec577cc4d12c9f201aabf018e01bb1d,65,418,29,03a199e2e182f953f390ba010ba474a511d4d73a4f6991711d715e67403831cb
20,11,R2/43_whorl,R2,whorl,Pore ground truth/Fingerprint Images/R2/43_whorl.jpg,Pore ground truth/Ground truth/R2/43_whorl.tsv,2d06688d51b357cac670b2245390d3238ae213749353b61cff681b2a79a81aad,1b50b211c59481630613d93dc96efaa23ec577cc4d12c9f201aabf018e01bb1d,353,229,285,03c2b7a880a69623127f69d809002773f9460d2656b11e6b8737873b27ae408b
20,12,R2/43_whorl,R2,whorl,Pore ground truth/Fingerprint Images/R2/43_whorl.jpg,Pore ground truth/Ground truth/R2/43_whorl.tsv,2d06688d51b357cac670b2245390d3238ae213749353b61cff681b2a79a81aad,1b50b211c59481630613d93dc96efaa23ec577cc4d12c9f201aabf018e01bb1d,278,188,291,0454157f6b8ef3bc82c14bc244ea1bb94f571695d5795f4cef63cf6f411a782a
20,13,R2/43_whorl,R2,whorl,Pore ground truth/Fingerprint Images/R2/43_whorl.jpg,Pore ground truth/Ground truth/R2/43_whorl.tsv,2d06688d51b357cac670b2245390d3238ae213749353b61cff681b2a79a81aad,1b50b211c59481630613d93dc96efaa23ec577cc4d12c9f201aabf018e01bb1d,318,225,37,04e600ccd6290f81932076a49e2aa995787a8f169551650f7648a7ef8381bd69
20,14,R2/43_whorl,R2,whorl,Pore ground truth/Fingerprint Images/R2/43_whorl.jpg,Pore ground truth/Ground truth/R2/43_whorl.tsv,2d06688d51b357cac670b2245390d3238ae213749353b61cff681b2a79a81aad,1b50b211c59481630613d93dc96efaa23ec577cc4d12c9f201aabf018e01bb1d,170,94,50,050f4ebcf537d23f1c962157440721c663bce05ed14411338e3932036e30f7e0
20,15,R2/43_whorl,R2,whorl,Pore ground truth/Fingerprint Images/R2/43_whorl.jpg,Pore ground truth/Ground truth/R2/43_whorl.tsv,2d06688d51b357cac670b2245390d3238ae213749353b61cff681b2a79a81aad,1b50b211c59481630613d93dc96efaa23ec577cc4d12c9f201aabf018e01bb1d,106,406,111,0518b0ecaea301f8ffcba194549c2cdbf17c6f81bcd460f73cfa7045b6df6580
20,16,R2/43_whorl,R2,whorl,Pore ground truth/Fingerprint Images/R2/43_whorl.jpg,Pore ground truth/Ground truth/R2/43_whorl.tsv,2d06688d51b357cac670b2245390d3238ae213749353b61cff681b2a79a81aad,1b50b211c59481630613d93dc96efaa23ec577cc4d12c9f201aabf018e01bb1d,168,73,94,069894c2ee564cfe07aef0bdd5f21c3b028596d6cbd5eca04f3d72c97dfeabbf
20,17,R2/43_whorl,R2,whorl,Pore ground truth/Fingerprint Images/R2/43_whorl.jpg,Pore ground truth/Ground truth/R2/43_whorl.tsv,2d06688d51b357cac670b2245390d3238ae213749353b61cff681b2a79a81aad,1b50b211c59481630613d93dc96efaa23ec577cc4d12c9f201aabf018e01bb1d,310,405,463,06f903b7365117cfe2c8e2ddc87f17c1824e2d5fb1fc9ebde29e4071b4211e07
20,18,R2/43_whorl,R2,whorl,Pore ground truth/Fingerprint Images/R2/43_whorl.jpg,Pore ground truth/Ground truth/R2/43_whorl.tsv,2d06688d51b357cac670b2245390d3238ae213749353b61cff681b2a79a81aad,1b50b211c59481630613d93dc96efaa23ec577cc4d12c9f201aabf018e01bb1d,74,450,176,073f2c443ec96830808c520924e101e17318a1466933c687e86a732400ef7fce
20,19,R2/43_whorl,R2,whorl,Pore ground truth/Fingerprint Images/R2/43_whorl.jpg,Pore ground truth/Ground truth/R2/43_whorl.tsv,2d06688d51b357cac670b2245390d3238ae213749353b61cff681b2a79a81aad,1b50b211c59481630613d93dc96efaa23ec577cc4d12c9f201aabf018e01bb1d,85,268,273,075c43d52da429ab23fa5e5390b60d96e31f275914ec1f13d3879e0d1166a48d
20,20,R2/43_whorl,R2,whorl,Pore ground truth/Fingerprint Images/R2/43_whorl.jpg,Pore ground truth/Ground truth/R2/43_whorl.tsv,2d06688d51b357cac670b2245390d3238ae213749353b61cff681b2a79a81aad,1b50b211c59481630613d93dc96efaa23ec577cc4d12c9f201aabf018e01bb1d,366,457,347,07a639a43bc57b35df673a1a88bd865a226e109e1635ad024d3a88ece66af708
21,1,R3/3_left_loop,R3,left_loop,Pore ground truth/Fingerprint Images/R3/3_left_loop.jpg,Pore ground truth/Ground truth/R3/3_left_loop.tsv,0b48d9320ec6ded434c6ce22e847f553b02136da8b8c2a4eec08f25926a92e74,ba2adec0087e271f3d09f3f667a0cda01fafef04e1b877a16e7ef08e46f736db,77,196,83,01b203204822c1de24264b405eb136cce230a62345d87af28ac42fab1575f194
21,2,R3/3_left_loop,R3,left_loop,Pore ground truth/Fingerprint Images/R3/3_left_loop.jpg,Pore ground truth/Ground truth/R3/3_left_loop.tsv,0b48d9320ec6ded434c6ce22e847f553b02136da8b8c2a4eec08f25926a92e74,ba2adec0087e271f3d09f3f667a0cda01fafef04e1b877a16e7ef08e46f736db,47,142,55,03285d389cc9cbb4f0dc12688025eefe266813ff288904b063713e64935e1cab
21,3,R3/3_left_loop,R3,left_loop,Pore ground truth/Fingerprint Images/R3/3_left_loop.jpg,Pore ground truth/Ground truth/R3/3_left_loop.tsv,0b48d9320ec6ded434c6ce22e847f553b02136da8b8c2a4eec08f25926a92e74,ba2adec0087e271f3d09f3f667a0cda01fafef04e1b877a16e7ef08e46f736db,199,32,26,03d778264bf3a2380fd3220bf60a6a1aa50883c5b3852d877adf9dfce78d1169
21,4,R3/3_left_loop,R3,left_loop,Pore ground truth/Fingerprint Images/R3/3_left_loop.jpg,Pore ground truth/Ground truth/R3/3_left_loop.tsv,0b48d9320ec6ded434c6ce22e847f553b02136da8b8c2a4eec08f25926a92e74,ba2adec0087e271f3d09f3f667a0cda01fafef04e1b877a16e7ef08e46f736db,44,82,76,04a84b26393789ffee6eb4d995c452fe335a6ef8e31b862130d13039bdb2f174
21,5,R3/3_left_loop,R3,left_loop,Pore ground truth/Fingerprint Images/R3/3_left_loop.jpg,Pore ground truth/Ground truth/R3/3_left_loop.tsv,0b48d9320ec6ded434c6ce22e847f553b02136da8b8c2a4eec08f25926a92e74,ba2adec0087e271f3d09f3f667a0cda01fafef04e1b877a16e7ef08e46f736db,204,271,425,04fee41d4d95c66253ebce8b44c185a201d4292136fa2ba3a21090803f0bde23
21,6,R3/3_left_loop,R3,left_loop,Pore ground truth/Fingerprint Images/R3/3_left_loop.jpg,Pore ground truth/Ground truth/R3/3_left_loop.tsv,0b48d9320ec6ded434c6ce22e847f553b02136da8b8c2a4eec08f25926a92e74,ba2adec0087e271f3d09f3f667a0cda01fafef04e1b877a16e7ef08e46f736db,74,98,110,054f913dd01f4e0883d5c17e6aaef6442c545545be524f623c6cb6a8a20907af
21,7,R3/3_left_loop,R3,left_loop,Pore ground truth/Fingerprint Images/R3/3_left_loop.jpg,Pore ground truth/Ground truth/R3/3_left_loop.tsv,0b48d9320ec6ded434c6ce22e847f553b02136da8b8c2a4eec08f25926a92e74,ba2adec0087e271f3d09f3f667a0cda01fafef04e1b877a16e7ef08e46f736db,350,423,483,06509e4effe07fbf2a5623614f14d04cc41400ad94d52b28953286a5d7ab1b2c
21,8,R3/3_left_loop,R3,left_loop,Pore ground truth/Fingerprint Images/R3/3_left_loop.jpg,Pore ground truth/Ground truth/R3/3_left_loop.tsv,0b48d9320ec6ded434c6ce22e847f553b02136da8b8c2a4eec08f25926a92e74,ba2adec0087e271f3d09f3f667a0cda01fafef04e1b877a16e7ef08e46f736db,226,96,243,069959a427575fed718b1d9959c2789eb7a20cde049aff11565920605d0afe30
21,9,R3/3_left_loop,R3,left_loop,Pore ground truth/Fingerprint Images/R3/3_left_loop.jpg,Pore ground truth/Ground truth/R3/3_left_loop.tsv,0b48d9320ec6ded434c6ce22e847f553b02136da8b8c2a4eec08f25926a92e74,ba2adec0087e271f3d09f3f667a0cda01fafef04e1b877a16e7ef08e46f736db,89,404,199,06e6618219160aac8d7d24494c4c68f9633fbd413429de04adf17e8962b169c1
21,10,R3/3_left_loop,R3,left_loop,Pore ground truth/Fingerprint Images/R3/3_left_loop.jpg,Pore ground truth/Ground truth/R3/3_left_loop.tsv,0b48d9320ec6ded434c6ce22e847f553b02136da8b8c2a4eec08f25926a92e74,ba2adec0087e271f3d09f3f667a0cda01fafef04e1b877a16e7ef08e46f736db,103,124,135,078cc845007b3f758288268ad18c6568289676c1e374f7959003a888442f4c47
21,11,R3/3_left_loop,R3,left_loop,Pore ground truth/Fingerprint Images/R3/3_left_loop.jpg,Pore ground truth/Ground truth/R3/3_left_loop.tsv,0b48d9320ec6ded434c6ce22e847f553b02136da8b8c2a4eec08f25926a92e74,ba2adec0087e271f3d09f3f667a0cda01fafef04e1b877a16e7ef08e46f736db,135,63,370,07ecc3c78846c909c716167949812e20af3b5694547cb956dec0f04859e3be02
21,12,R3/3_left_loop,R3,left_loop,Pore ground truth/Fingerprint Images/R3/3_left_loop.jpg,Pore ground truth/Ground truth/R3/3_left_loop.tsv,0b48d9320ec6ded434c6ce22e847f553b02136da8b8c2a4eec08f25926a92e74,ba2adec0087e271f3d09f3f667a0cda01fafef04e1b877a16e7ef08e46f736db,312,436,473,0912ee0af75527bc298253d8ca9b771c2f75f1d8609d3e24576c468fb8f79fb8
21,13,R3/3_left_loop,R3,left_loop,Pore ground truth/Fingerprint Images/R3/3_left_loop.jpg,Pore ground truth/Ground truth/R3/3_left_loop.tsv,0b48d9320ec6ded434c6ce22e847f553b02136da8b8c2a4eec08f25926a92e74,ba2adec0087e271f3d09f3f667a0cda01fafef04e1b877a16e7ef08e46f736db,243,92,10,09668f6e7bed5c5320883601632eff538ffef1db76f470b9f510267b1a16aa3d
21,14,R3/3_left_loop,R3,left_loop,Pore ground truth/Fingerprint Images/R3/3_left_loop.jpg,Pore ground truth/Ground truth/R3/3_left_loop.tsv,0b48d9320ec6ded434c6ce22e847f553b02136da8b8c2a4eec08f25926a92e74,ba2adec0087e271f3d09f3f667a0cda01fafef04e1b877a16e7ef08e46f736db,343,421,370,098234b9f5aaeed34eecbe062760c9b58c506b2305289924311a5f200bf8c07c
21,15,R3/3_left_loop,R3,left_loop,Pore ground truth/Fingerprint Images/R3/3_left_loop.jpg,Pore ground truth/Ground truth/R3/3_left_loop.tsv,0b48d9320ec6ded434c6ce22e847f553b02136da8b8c2a4eec08f25926a92e74,ba2adec0087e271f3d09f3f667a0cda01fafef04e1b877a16e7ef08e46f736db,18,194,7,0aef4dc4a8f8049fbbbd5a9f58dd8c3a1550047cb89adddb19095d8c4f3b9c2b
21,16,R3/3_left_loop,R3,left_loop,Pore ground truth/Fingerprint Images/R3/3_left_loop.jpg,Pore ground truth/Ground truth/R3/3_left_loop.tsv,0b48d9320ec6ded434c6ce22e847f553b02136da8b8c2a4eec08f25926a92e74,ba2adec0087e271f3d09f3f667a0cda01fafef04e1b877a16e7ef08e46f736db,69,31,168,0b748cfcb58cd143b5a7e3300c0d21a897fc482966032afe359dc8fe8349ab0b
21,17,R3/3_left_loop,R3,left_loop,Pore ground truth/Fingerprint Images/R3/3_left_loop.jpg,Pore ground truth/Ground truth/R3/3_left_loop.tsv,0b48d9320ec6ded434c6ce22e847f553b02136da8b8c2a4eec08f25926a92e74,ba2adec0087e271f3d09f3f667a0cda01fafef04e1b877a16e7ef08e46f736db,22,270,19,0ba9bb4f16c74894ed8bfaf6875d0eb63de66833f877278c1256bdcc34201a91
21,18,R3/3_left_loop,R3,left_loop,Pore ground truth/Fingerprint Images/R3/3_left_loop.jpg,Pore ground truth/Ground truth/R3/3_left_loop.tsv,0b48d9320ec6ded434c6ce22e847f553b02136da8b8c2a4eec08f25926a92e74,ba2adec0087e271f3d09f3f667a0cda01fafef04e1b877a16e7ef08e46f736db,216,90,201,0c1dc236b31766ca6df3ac09abc3adc5b6eae09cef20718666593bebfe9d60d7
21,19,R3/3_left_loop,R3,left_loop,Pore ground truth/Fingerprint Images/R3/3_left_loop.jpg,Pore ground truth/Ground truth/R3/3_left_loop.tsv,0b48d9320ec6ded434c6ce22e847f553b02136da8b8c2a4eec08f25926a92e74,ba2adec0087e271f3d09f3f667a0cda01fafef04e1b877a16e7ef08e46f736db,321,365,404,0c490ed70dd8298290c1cd26bd2ef2cab30de4ecb098e0583e7de7f44995ece4
21,20,R3/3_left_loop,R3,left_loop,Pore ground truth/Fingerprint Images/R3/3_left_loop.jpg,Pore ground truth/Ground truth/R3/3_left_loop.tsv,0b48d9320ec6ded434c6ce22e847f553b02136da8b8c2a4eec08f25926a92e74,ba2adec0087e271f3d09f3f667a0cda01fafef04e1b877a16e7ef08e46f736db,158,128,360,0dd16fc98d488db25ef3b0e5774391d6924bcd5e2edb3496c288b45c114a36fd
22,1,R3/3_plain_arch,R3,plain_arch,Pore ground truth/Fingerprint Images/R3/3_plain_arch.jpg,Pore ground truth/Ground truth/R3/3_plain_arch.tsv,38fb7b66ab12f2497fdda7abe93f361e07666ec1670a6124349d5b912dd872f1,0162f7e8a2785e37c502be13c8bd0814e1a733a2fc1df63f769758494575fd4f,346,497,134,0026e4e7a1186a5d7078a0d0a9da67bbd26ba1dcaa29aaad87cbadd69ebba34c
22,2,R3/3_plain_arch,R3,plain_arch,Pore ground truth/Fingerprint Images/R3/3_plain_arch.jpg,Pore ground truth/Ground truth/R3/3_plain_arch.tsv,38fb7b66ab12f2497fdda7abe93f361e07666ec1670a6124349d5b912dd872f1,0162f7e8a2785e37c502be13c8bd0814e1a733a2fc1df63f769758494575fd4f,152,452,275,00c65a616ea48d23d9a8b9db11a10f28e28d18ddf1ed60adbc70521c923f8f38
22,3,R3/3_plain_arch,R3,plain_arch,Pore ground truth/Fingerprint Images/R3/3_plain_arch.jpg,Pore ground truth/Ground truth/R3/3_plain_arch.tsv,38fb7b66ab12f2497fdda7abe93f361e07666ec1670a6124349d5b912dd872f1,0162f7e8a2785e37c502be13c8bd0814e1a733a2fc1df63f769758494575fd4f,113,192,213,026c83667e8398fe542da0020ff1c14f29ca168840dcc9d6102c6c09b74ea43e
22,4,R3/3_plain_arch,R3,plain_arch,Pore ground truth/Fingerprint Images/R3/3_plain_arch.jpg,Pore ground truth/Ground truth/R3/3_plain_arch.tsv,38fb7b66ab12f2497fdda7abe93f361e07666ec1670a6124349d5b912dd872f1,0162f7e8a2785e37c502be13c8bd0814e1a733a2fc1df63f769758494575fd4f,258,15,440,0331850e4770f0fa5809fdcf39b74562d3cb27a7f65000a3d92c463a5d47b95a
22,5,R3/3_plain_arch,R3,plain_arch,Pore ground truth/Fingerprint Images/R3/3_plain_arch.jpg,Pore ground truth/Ground truth/R3/3_plain_arch.tsv,38fb7b66ab12f2497fdda7abe93f361e07666ec1670a6124349d5b912dd872f1,0162f7e8a2785e37c502be13c8bd0814e1a733a2fc1df63f769758494575fd4f,154,485,289,03531e6ee2354f3f0b7c75393b2fc7dee5ed0759bd0bf5f7beedce8572d11fe6
22,6,R3/3_plain_arch,R3,plain_arch,Pore ground truth/Fingerprint Images/R3/3_plain_arch.jpg,Pore ground truth/Ground truth/R3/3_plain_arch.tsv,38fb7b66ab12f2497fdda7abe93f361e07666ec1670a6124349d5b912dd872f1,0162f7e8a2785e37c502be13c8bd0814e1a733a2fc1df63f769758494575fd4f,79,29,283,04a3232cfef5e9a8c4b90f32846b460b7206137dde25dc4a0f9cafb83ffafcef
22,7,R3/3_plain_arch,R3,plain_arch,Pore ground truth/Fingerprint Images/R3/3_plain_arch.jpg,Pore ground truth/Ground truth/R3/3_plain_arch.tsv,38fb7b66ab12f2497fdda7abe93f361e07666ec1670a6124349d5b912dd872f1,0162f7e8a2785e37c502be13c8bd0814e1a733a2fc1df63f769758494575fd4f,62,240,91,04ad9fc0cb6b44ba351c197dad491e318589515773c440f94c5341cdd199a34a
22,8,R3/3_plain_arch,R3,plain_arch,Pore ground truth/Fingerprint Images/R3/3_plain_arch.jpg,Pore ground truth/Ground truth/R3/3_plain_arch.tsv,38fb7b66ab12f2497fdda7abe93f361e07666ec1670a6124349d5b912dd872f1,0162f7e8a2785e37c502be13c8bd0814e1a733a2fc1df63f769758494575fd4f,180,474,315,04f882f57ab04980f0e59361fbaad716121608cf12015307d878507145ebfe33
22,9,R3/3_plain_arch,R3,plain_arch,Pore ground truth/Fingerprint Images/R3/3_plain_arch.jpg,Pore ground truth/Ground truth/R3/3_plain_arch.tsv,38fb7b66ab12f2497fdda7abe93f361e07666ec1670a6124349d5b912dd872f1,0162f7e8a2785e37c502be13c8bd0814e1a733a2fc1df63f769758494575fd4f,73,415,60,05ff6db458b804a08755ab3b539049ed5af9590e21202c36a87edf1cca053a56
22,10,R3/3_plain_arch,R3,plain_arch,Pore ground truth/Fingerprint Images/R3/3_plain_arch.jpg,Pore ground truth/Ground truth/R3/3_plain_arch.tsv,38fb7b66ab12f2497fdda7abe93f361e07666ec1670a6124349d5b912dd872f1,0162f7e8a2785e37c502be13c8bd0814e1a733a2fc1df63f769758494575fd4f,210,111,455,063455d06f76dc69fe7507353f4c277a145512b1f9045ce7d781149916f7f92b
22,11,R3/3_plain_arch,R3,plain_arch,Pore ground truth/Fingerprint Images/R3/3_plain_arch.jpg,Pore ground truth/Ground truth/R3/3_plain_arch.tsv,38fb7b66ab12f2497fdda7abe93f361e07666ec1670a6124349d5b912dd872f1,0162f7e8a2785e37c502be13c8bd0814e1a733a2fc1df63f769758494575fd4f,172,305,287,06dca88073159993c0be53930aa8571a54d51f1759e17d396be543dc256cdbe1
22,12,R3/3_plain_arch,R3,plain_arch,Pore ground truth/Fingerprint Images/R3/3_plain_arch.jpg,Pore ground truth/Ground truth/R3/3_plain_arch.tsv,38fb7b66ab12f2497fdda7abe93f361e07666ec1670a6124349d5b912dd872f1,0162f7e8a2785e37c502be13c8bd0814e1a733a2fc1df63f769758494575fd4f,373,295,197,06e34275e40496a3eedc6be1bc1a8d29785cd94519d2d2f5441a5c1baed1f78f
22,13,R3/3_plain_arch,R3,plain_arch,Pore ground truth/Fingerprint Images/R3/3_plain_arch.jpg,Pore ground truth/Ground truth/R3/3_plain_arch.tsv,38fb7b66ab12f2497fdda7abe93f361e07666ec1670a6124349d5b912dd872f1,0162f7e8a2785e37c502be13c8bd0814e1a733a2fc1df63f769758494575fd4f,136,142,299,075cad62d007e48478fc4efce13e1f3b44e850556345c1db1e3eb366eecbee56
22,14,R3/3_plain_arch,R3,plain_arch,Pore ground truth/Fingerprint Images/R3/3_plain_arch.jpg,Pore ground truth/Ground truth/R3/3_plain_arch.tsv,38fb7b66ab12f2497fdda7abe93f361e07666ec1670a6124349d5b912dd872f1,0162f7e8a2785e37c502be13c8bd0814e1a733a2fc1df63f769758494575fd4f,225,485,420,084fa12299fe60e1e4abd5fc13fe514099bbfef06b51cad1756182d7ba0e6c7a
22,15,R3/3_plain_arch,R3,plain_arch,Pore ground truth/Fingerprint Images/R3/3_plain_arch.jpg,Pore ground truth/Ground truth/R3/3_plain_arch.tsv,38fb7b66ab12f2497fdda7abe93f361e07666ec1670a6124349d5b912dd872f1,0162f7e8a2785e37c502be13c8bd0814e1a733a2fc1df63f769758494575fd4f,349,154,44,08e94f8204a9b639c608be68f9f7cea3bb3a0725e446103b463c5297a6f2e8b3
22,16,R3/3_plain_arch,R3,plain_arch,Pore ground truth/Fingerprint Images/R3/3_plain_arch.jpg,Pore ground truth/Ground truth/R3/3_plain_arch.tsv,38fb7b66ab12f2497fdda7abe93f361e07666ec1670a6124349d5b912dd872f1,0162f7e8a2785e37c502be13c8bd0814e1a733a2fc1df63f769758494575fd4f,158,38,385,09848c78f4451729e0bb427eabac9add716577f8f0d840998a668dc3698cce92
22,17,R3/3_plain_arch,R3,plain_arch,Pore ground truth/Fingerprint Images/R3/3_plain_arch.jpg,Pore ground truth/Ground truth/R3/3_plain_arch.tsv,38fb7b66ab12f2497fdda7abe93f361e07666ec1670a6124349d5b912dd872f1,0162f7e8a2785e37c502be13c8bd0814e1a733a2fc1df63f769758494575fd4f,353,216,16,09f633a611e859c89db16d44a9e21f5ef828be9cd73c7918c17dd3c61b0b36c6
22,18,R3/3_plain_arch,R3,plain_arch,Pore ground truth/Fingerprint Images/R3/3_plain_arch.jpg,Pore ground truth/Ground truth/R3/3_plain_arch.tsv,38fb7b66ab12f2497fdda7abe93f361e07666ec1670a6124349d5b912dd872f1,0162f7e8a2785e37c502be13c8bd0814e1a733a2fc1df63f769758494575fd4f,17,134,84,0a876492b444ecc3932b4227bbe821f8eeec052fec34318186313ce0306467fe
22,19,R3/3_plain_arch,R3,plain_arch,Pore ground truth/Fingerprint Images/R3/3_plain_arch.jpg,Pore ground truth/Ground truth/R3/3_plain_arch.tsv,38fb7b66ab12f2497fdda7abe93f361e07666ec1670a6124349d5b912dd872f1,0162f7e8a2785e37c502be13c8bd0814e1a733a2fc1df63f769758494575fd4f,183,16,438,0ae38994f1e05bfad1e8930a07fb4cd9c846c4400fba10730a0397d9c982668b
22,20,R3/3_plain_arch,R3,plain_arch,Pore ground truth/Fingerprint Images/R3/3_plain_arch.jpg,Pore ground truth/Ground truth/R3/3_plain_arch.tsv,38fb7b66ab12f2497fdda7abe93f361e07666ec1670a6124349d5b912dd872f1,0162f7e8a2785e37c502be13c8bd0814e1a733a2fc1df63f769758494575fd4f,332,233,124,0bc9c90b5337d6d12b1fc47bc0202affeff971e612175ceb3b4511d2a66c7f0a
23,1,R3/38_right_loop,R3,right_loop,Pore ground truth/Fingerprint Images/R3/38_right_loop.jpg,Pore ground truth/Ground truth/R3/38_right_loop.tsv,1585e2ddcf6f19e42cd3c4a66cbd742a3aa33961689fcf52fb88b4b49b6af1f5,7243b699b62ffb3859f6175f6c630ddbd912d94b08cefd59063a328d45a9c14c,315,385,189,00e0bf38ce9f143dda0a9bee0ed5c35806ee6fc6a5640f1e586bd274ebcc98bf
23,2,R3/38_right_loop,R3,right_loop,Pore ground truth/Fingerprint Images/R3/38_right_loop.jpg,Pore ground truth/Ground truth/R3/38_right_loop.tsv,1585e2ddcf6f19e42cd3c4a66cbd742a3aa33961689fcf52fb88b4b49b6af1f5,7243b699b62ffb3859f6175f6c630ddbd912d94b08cefd59063a328d45a9c14c,384,350,501,016c3d29e083dbe8ec4304404d93f9f5c8b44bf39a1416f8bcc3d1cc56e34726
23,3,R3/38_right_loop,R3,right_loop,Pore ground truth/Fingerprint Images/R3/38_right_loop.jpg,Pore ground truth/Ground truth/R3/38_right_loop.tsv,1585e2ddcf6f19e42cd3c4a66cbd742a3aa33961689fcf52fb88b4b49b6af1f5,7243b699b62ffb3859f6175f6c630ddbd912d94b08cefd59063a328d45a9c14c,231,302,84,0173b75961e4624b0bba9206493ea8dc28520ab0903b198e5dc3a583f27c625b
23,4,R3/38_right_loop,R3,right_loop,Pore ground truth/Fingerprint Images/R3/38_right_loop.jpg,Pore ground truth/Ground truth/R3/38_right_loop.tsv,1585e2ddcf6f19e42cd3c4a66cbd742a3aa33961689fcf52fb88b4b49b6af1f5,7243b699b62ffb3859f6175f6c630ddbd912d94b08cefd59063a328d45a9c14c,279,224,425,01cb002279e9822cd3c90e1e1059fc69aaafc78aeb335ac3d155aba8e17d2369
23,5,R3/38_right_loop,R3,right_loop,Pore ground truth/Fingerprint Images/R3/38_right_loop.jpg,Pore ground truth/Ground truth/R3/38_right_loop.tsv,1585e2ddcf6f19e42cd3c4a66cbd742a3aa33961689fcf52fb88b4b49b6af1f5,7243b699b62ffb3859f6175f6c630ddbd912d94b08cefd59063a328d45a9c14c,83,60,276,028660b3ff016a54128cdda9c2f3490e6595062d26b900575678bda1a49ba538
23,6,R3/38_right_loop,R3,right_loop,Pore ground truth/Fingerprint Images/R3/38_right_loop.jpg,Pore ground truth/Ground truth/R3/38_right_loop.tsv,1585e2ddcf6f19e42cd3c4a66cbd742a3aa33961689fcf52fb88b4b49b6af1f5,7243b699b62ffb3859f6175f6c630ddbd912d94b08cefd59063a328d45a9c14c,229,269,103,040b0b1ebaa2814b3b1874d7f83a439394dd6f094efc2c8244305261a0d0927c
23,7,R3/38_right_loop,R3,right_loop,Pore ground truth/Fingerprint Images/R3/38_right_loop.jpg,Pore ground truth/Ground truth/R3/38_right_loop.tsv,1585e2ddcf6f19e42cd3c4a66cbd742a3aa33961689fcf52fb88b4b49b6af1f5,7243b699b62ffb3859f6175f6c630ddbd912d94b08cefd59063a328d45a9c14c,380,308,435,0682b6b094374665abcd12096c162dd870e6c2bcc042a45b2fa44c6449415626
23,8,R3/38_right_loop,R3,right_loop,Pore ground truth/Fingerprint Images/R3/38_right_loop.jpg,Pore ground truth/Ground truth/R3/38_right_loop.tsv,1585e2ddcf6f19e42cd3c4a66cbd742a3aa33961689fcf52fb88b4b49b6af1f5,7243b699b62ffb3859f6175f6c630ddbd912d94b08cefd59063a328d45a9c14c,341,362,132,077e3980ef0108c67786a072851411386e02f29afad05b31ef063d998e72341a
23,9,R3/38_right_loop,R3,right_loop,Pore ground truth/Fingerprint Images/R3/38_right_loop.jpg,Pore ground truth/Ground truth/R3/38_right_loop.tsv,1585e2ddcf6f19e42cd3c4a66cbd742a3aa33961689fcf52fb88b4b49b6af1f5,7243b699b62ffb3859f6175f6c630ddbd912d94b08cefd59063a328d45a9c14c,113,105,239,078afe0ec652cc6b2f20538f9afc555df821e8963e120edbea45cabda5b03e17
23,10,R3/38_right_loop,R3,right_loop,Pore ground truth/Fingerprint Images/R3/38_right_loop.jpg,Pore ground truth/Ground truth/R3/38_right_loop.tsv,1585e2ddcf6f19e42cd3c4a66cbd742a3aa33961689fcf52fb88b4b49b6af1f5,7243b699b62ffb3859f6175f6c630ddbd912d94b08cefd59063a328d45a9c14c,354,379,213,07f8ad68f5afdb39b3b595b2ee4514258f369804078f744bc2abc11114a36223
23,11,R3/38_right_loop,R3,right_loop,Pore ground truth/Fingerprint Images/R3/38_right_loop.jpg,Pore ground truth/Ground truth/R3/38_right_loop.tsv,1585e2ddcf6f19e42cd3c4a66cbd742a3aa33961689fcf52fb88b4b49b6af1f5,7243b699b62ffb3859f6175f6c630ddbd912d94b08cefd59063a328d45a9c14c,80,128,33,07fed8f5738e60856230931f5136be01876459f94f68a06f9bb113bca153b4a0
23,12,R3/38_right_loop,R3,right_loop,Pore ground truth/Fingerprint Images/R3/38_right_loop.jpg,Pore ground truth/Ground truth/R3/38_right_loop.tsv,1585e2ddcf6f19e42cd3c4a66cbd742a3aa33961689fcf52fb88b4b49b6af1f5,7243b699b62ffb3859f6175f6c630ddbd912d94b08cefd59063a328d45a9c14c,54,34,262,08175a42f4573d9dc75ceb7a868ee559e8f3fe7d48988140495a391078578c11
23,13,R3/38_right_loop,R3,right_loop,Pore ground truth/Fingerprint Images/R3/38_right_loop.jpg,Pore ground truth/Ground truth/R3/38_right_loop.tsv,1585e2ddcf6f19e42cd3c4a66cbd742a3aa33961689fcf52fb88b4b49b6af1f5,7243b699b62ffb3859f6175f6c630ddbd912d94b08cefd59063a328d45a9c14c,131,106,352,082385f8e7e7457e3581ed37f64b97c364e4d6bbc8053c7a6381ea75c1db84e9
23,14,R3/38_right_loop,R3,right_loop,Pore ground truth/Fingerprint Images/R3/38_right_loop.jpg,Pore ground truth/Ground truth/R3/38_right_loop.tsv,1585e2ddcf6f19e42cd3c4a66cbd742a3aa33961689fcf52fb88b4b49b6af1f5,7243b699b62ffb3859f6175f6c630ddbd912d94b08cefd59063a328d45a9c14c,172,426,11,0824609a18a29d5392e289d16352947a5466c1d10d378a994db8c82a9a44e0fe
23,15,R3/38_right_loop,R3,right_loop,Pore ground truth/Fingerprint Images/R3/38_right_loop.jpg,Pore ground truth/Ground truth/R3/38_right_loop.tsv,1585e2ddcf6f19e42cd3c4a66cbd742a3aa33961689fcf52fb88b4b49b6af1f5,7243b699b62ffb3859f6175f6c630ddbd912d94b08cefd59063a328d45a9c14c,292,286,149,084a13ccfd815a27293bf1b670c095e8ffe590c2498995d0b948f5da2bc14531
23,16,R3/38_right_loop,R3,right_loop,Pore ground truth/Fingerprint Images/R3/38_right_loop.jpg,Pore ground truth/Ground truth/R3/38_right_loop.tsv,1585e2ddcf6f19e42cd3c4a66cbd742a3aa33961689fcf52fb88b4b49b6af1f5,7243b699b62ffb3859f6175f6c630ddbd912d94b08cefd59063a328d45a9c14c,463,374,235,08866e6feb2990fb3bfea443dfeb4dc4ba8ac914ebcdaabdfa92440ee861d98b
23,17,R3/38_right_loop,R3,right_loop,Pore ground truth/Fingerprint Images/R3/38_right_loop.jpg,Pore ground truth/Ground truth/R3/38_right_loop.tsv,1585e2ddcf6f19e42cd3c4a66cbd742a3aa33961689fcf52fb88b4b49b6af1f5,7243b699b62ffb3859f6175f6c630ddbd912d94b08cefd59063a328d45a9c14c,41,37,425,099a7c9b15cfe14111f375b74abaa6b96134e4e5984788a0536f7d2b8c958da4
23,18,R3/38_right_loop,R3,right_loop,Pore ground truth/Fingerprint Images/R3/38_right_loop.jpg,Pore ground truth/Ground truth/R3/38_right_loop.tsv,1585e2ddcf6f19e42cd3c4a66cbd742a3aa33961689fcf52fb88b4b49b6af1f5,7243b699b62ffb3859f6175f6c630ddbd912d94b08cefd59063a328d45a9c14c,29,14,242,09df753b9778b14472ab92d43db5e6d0f6d58b664ca88e93bacbb105dff16864
23,19,R3/38_right_loop,R3,right_loop,Pore ground truth/Fingerprint Images/R3/38_right_loop.jpg,Pore ground truth/Ground truth/R3/38_right_loop.tsv,1585e2ddcf6f19e42cd3c4a66cbd742a3aa33961689fcf52fb88b4b49b6af1f5,7243b699b62ffb3859f6175f6c630ddbd912d94b08cefd59063a328d45a9c14c,238,172,283,09eb2930daedbe48df79b03ee2646d9ab91fc6acebf93d2fcef6cf8f4c105ac7
23,20,R3/38_right_loop,R3,right_loop,Pore ground truth/Fingerprint Images/R3/38_right_loop.jpg,Pore ground truth/Ground truth/R3/38_right_loop.tsv,1585e2ddcf6f19e42cd3c4a66cbd742a3aa33961689fcf52fb88b4b49b6af1f5,7243b699b62ffb3859f6175f6c630ddbd912d94b08cefd59063a328d45a9c14c,483,480,99,0a7e5eec9df8b3569cc65eadf27f5091e0390b2477274c87aaba96f5ed11a00c
24,1,R3/57_right_loop,R3,right_loop,Pore ground truth/Fingerprint Images/R3/57_right_loop.jpg,Pore ground truth/Ground truth/R3/57_right_loop.tsv,92d070b886d55bea379ef271d5948eb8fe44af56b709a9a78be90275e376cd81,4cc4c6d6acd66b741dd65b4672e2feff5e88507749ec4c889812324058924a8c,210,354,193,00e61e8a0ac0e97b17826c954f65ab4adaf24784ebfb03e8a60a5a909d9078f7
24,2,R3/57_right_loop,R3,right_loop,Pore ground truth/Fingerprint Images/R3/57_right_loop.jpg,Pore ground truth/Ground truth/R3/57_right_loop.tsv,92d070b886d55bea379ef271d5948eb8fe44af56b709a9a78be90275e376cd81,4cc4c6d6acd66b741dd65b4672e2feff5e88507749ec4c889812324058924a8c,35,66,447,0164f5621d2db77c73a4f67472d09b31dc274f277a99307e01d7440d2439f9c0
24,3,R3/57_right_loop,R3,right_loop,Pore ground truth/Fingerprint Images/R3/57_right_loop.jpg,Pore ground truth/Ground truth/R3/57_right_loop.tsv,92d070b886d55bea379ef271d5948eb8fe44af56b709a9a78be90275e376cd81,4cc4c6d6acd66b741dd65b4672e2feff5e88507749ec4c889812324058924a8c,373,455,237,0174fd8ef48a4013c456a1396466b02dc4e8692f77afde3aa512442e1ee911bc
24,4,R3/57_right_loop,R3,right_loop,Pore ground truth/Fingerprint Images/R3/57_right_loop.jpg,Pore ground truth/Ground truth/R3/57_right_loop.tsv,92d070b886d55bea379ef271d5948eb8fe44af56b709a9a78be90275e376cd81,4cc4c6d6acd66b741dd65b4672e2feff5e88507749ec4c889812324058924a8c,278,245,49,01a2000d5f620ac7147c873baec4f38204e5beb41b88fedae6ea8d4bf3b46a3f
24,5,R3/57_right_loop,R3,right_loop,Pore ground truth/Fingerprint Images/R3/57_right_loop.jpg,Pore ground truth/Ground truth/R3/57_right_loop.tsv,92d070b886d55bea379ef271d5948eb8fe44af56b709a9a78be90275e376cd81,4cc4c6d6acd66b741dd65b4672e2feff5e88507749ec4c889812324058924a8c,130,297,79,01f8159d752bbcdab354e6b1bdfda36ed050bdc3209481167cbb360ac2da9ab5
24,6,R3/57_right_loop,R3,right_loop,Pore ground truth/Fingerprint Images/R3/57_right_loop.jpg,Pore ground truth/Ground truth/R3/57_right_loop.tsv,92d070b886d55bea379ef271d5948eb8fe44af56b709a9a78be90275e376cd81,4cc4c6d6acd66b741dd65b4672e2feff5e88507749ec4c889812324058924a8c,99,52,217,02753d4f1491aa931a05db04297977dfa5f79036bc76033cd89118e87ec142cf
24,7,R3/57_right_loop,R3,right_loop,Pore ground truth/Fingerprint Images/R3/57_right_loop.jpg,Pore ground truth/Ground truth/R3/57_right_loop.tsv,92d070b886d55bea379ef271d5948eb8fe44af56b709a9a78be90275e376cd81,4cc4c6d6acd66b741dd65b4672e2feff5e88507749ec4c889812324058924a8c,204,209,199,0384b08427f7a909f30c2f2adb741a629196006d579987f21cf13db10301bcc0
24,8,R3/57_right_loop,R3,right_loop,Pore ground truth/Fingerprint Images/R3/57_right_loop.jpg,Pore ground truth/Ground truth/R3/57_right_loop.tsv,92d070b886d55bea379ef271d5948eb8fe44af56b709a9a78be90275e376cd81,4cc4c6d6acd66b741dd65b4672e2feff5e88507749ec4c889812324058924a8c,73,64,94,03ff235b6e1685451514fcecef9afc5516f5d43f63af42479a02ddb419151080
24,9,R3/57_right_loop,R3,right_loop,Pore ground truth/Fingerprint Images/R3/57_right_loop.jpg,Pore ground truth/Ground truth/R3/57_right_loop.tsv,92d070b886d55bea379ef271d5948eb8fe44af56b709a9a78be90275e376cd81,4cc4c6d6acd66b741dd65b4672e2feff5e88507749ec4c889812324058924a8c,232,222,467,048183c100630f5edf509bb053a6beed3c1390895a1dc899cdbe982ac8a895bf
24,10,R3/57_right_loop,R3,right_loop,Pore ground truth/Fingerprint Images/R3/57_right_loop.jpg,Pore ground truth/Ground truth/R3/57_right_loop.tsv,92d070b886d55bea379ef271d5948eb8fe44af56b709a9a78be90275e376cd81,4cc4c6d6acd66b741dd65b4672e2feff5e88507749ec4c889812324058924a8c,307,349,502,07b08ea3301ef3a000f71ba9d412c5cc17af4ed362416432f03f5767cf538948
24,11,R3/57_right_loop,R3,right_loop,Pore ground truth/Fingerprint Images/R3/57_right_loop.jpg,Pore ground truth/Ground truth/R3/57_right_loop.tsv,92d070b886d55bea379ef271d5948eb8fe44af56b709a9a78be90275e376cd81,4cc4c6d6acd66b741dd65b4672e2feff5e88507749ec4c889812324058924a8c,56,147,307,07d4c7cd5847ccc883ce6a910feabdcb7f7b12b4c05008638f4c00ed1a03b7a0
24,12,R3/57_right_loop,R3,right_loop,Pore ground truth/Fingerprint Images/R3/57_right_loop.jpg,Pore ground truth/Ground truth/R3/57_right_loop.tsv,92d070b886d55bea379ef271d5948eb8fe44af56b709a9a78be90275e376cd81,4cc4c6d6acd66b741dd65b4672e2feff5e88507749ec4c889812324058924a8c,161,137,162,08171d1560f1f0312f7afc9baa65eb41e4c01051a821c5d90a2d519881e35da6
24,13,R3/57_right_loop,R3,right_loop,Pore ground truth/Fingerprint Images/R3/57_right_loop.jpg,Pore ground truth/Ground truth/R3/57_right_loop.tsv,92d070b886d55bea379ef271d5948eb8fe44af56b709a9a78be90275e376cd81,4cc4c6d6acd66b741dd65b4672e2feff5e88507749ec4c889812324058924a8c,47,70,471,08179d8224591d21428f44fb8cc72d047a807e6a7d593fd26871ee9df2334c80
24,14,R3/57_right_loop,R3,right_loop,Pore ground truth/Fingerprint Images/R3/57_right_loop.jpg,Pore ground truth/Ground truth/R3/57_right_loop.tsv,92d070b886d55bea379ef271d5948eb8fe44af56b709a9a78be90275e376cd81,4cc4c6d6acd66b741dd65b4672e2feff5e88507749ec4c889812324058924a8c,410,400,359,0839238c5a398cb0b3abf2cf235d8abca9b36d51559bba7fe2a8a47d438a952a
24,15,R3/57_right_loop,R3,right_loop,Pore ground truth/Fingerprint Images/R3/57_right_loop.jpg,Pore ground truth/Ground truth/R3/57_right_loop.tsv,92d070b886d55bea379ef271d5948eb8fe44af56b709a9a78be90275e376cd81,4cc4c6d6acd66b741dd65b4672e2feff5e88507749ec4c889812324058924a8c,412,431,422,0b1e5cf0b7a3c6db1e292a6c84ee828ec17f17f5c7c7a790444de62fb8fdaf43
24,16,R3/57_right_loop,R3,right_loop,Pore ground truth/Fingerprint Images/R3/57_right_loop.jpg,Pore ground truth/Ground truth/R3/57_right_loop.tsv,92d070b886d55bea379ef271d5948eb8fe44af56b709a9a78be90275e376cd81,4cc4c6d6acd66b741dd65b4672e2feff5e88507749ec4c889812324058924a8c,283,326,286,0c0bf5c9ac22c48f6e93935a860139b564a8e0987e19ccb1aae004b90213afc1
24,17,R3/57_right_loop,R3,right_loop,Pore ground truth/Fingerprint Images/R3/57_right_loop.jpg,Pore ground truth/Ground truth/R3/57_right_loop.tsv,92d070b886d55bea379ef271d5948eb8fe44af56b709a9a78be90275e376cd81,4cc4c6d6acd66b741dd65b4672e2feff5e88507749ec4c889812324058924a8c,296,438,468,0c0f07741f065a3d07f30ce49310eb124e8231d7c7625af432be98376ba9c410
24,18,R3/57_right_loop,R3,right_loop,Pore ground truth/Fingerprint Images/R3/57_right_loop.jpg,Pore ground truth/Ground truth/R3/57_right_loop.tsv,92d070b886d55bea379ef271d5948eb8fe44af56b709a9a78be90275e376cd81,4cc4c6d6acd66b741dd65b4672e2feff5e88507749ec4c889812324058924a8c,13,46,326,0c983cd4ffa62a400cd1de3b0f53bbd6820cdcf5738a6454cf7fd99ed8abc169
24,19,R3/57_right_loop,R3,right_loop,Pore ground truth/Fingerprint Images/R3/57_right_loop.jpg,Pore ground truth/Ground truth/R3/57_right_loop.tsv,92d070b886d55bea379ef271d5948eb8fe44af56b709a9a78be90275e376cd81,4cc4c6d6acd66b741dd65b4672e2feff5e88507749ec4c889812324058924a8c,39,92,369,0cbc8d4d62423ce81f3f07b5e7034632d3e407774c71c16d8cbb8462faf80574
24,20,R3/57_right_loop,R3,right_loop,Pore ground truth/Fingerprint Images/R3/57_right_loop.jpg,Pore ground truth/Ground truth/R3/57_right_loop.tsv,92d070b886d55bea379ef271d5948eb8fe44af56b709a9a78be90275e376cd81,4cc4c6d6acd66b741dd65b4672e2feff5e88507749ec4c889812324058924a8c,302,275,399,0ce7337b0a92e19effb8e8638d9767f1e913d2e4a73308c57ba9f47ad9c3180e
25,1,R3/2_right_loop,R3,right_loop,Pore ground truth/Fingerprint Images/R3/2_right_loop.jpg,Pore ground truth/Ground truth/R3/2_right_loop.tsv,55cbdcf13516a159b62bbd0f161a981f1dbcdcd62bae88ef501b9d49a96bbaaf,7da032e069b7eb80eaea83b3428ad24b26b5fb266b13f770603f6c4bb67fcbda,145,311,98,002f572747237eceda65cbab5dc97d98cecd53b7c815e7c53993b481e4bc5210
25,2,R3/2_right_loop,R3,right_loop,Pore ground truth/Fingerprint Images/R3/2_right_loop.jpg,Pore ground truth/Ground truth/R3/2_right_loop.tsv,55cbdcf13516a159b62bbd0f161a981f1dbcdcd62bae88ef501b9d49a96bbaaf,7da032e069b7eb80eaea83b3428ad24b26b5fb266b13f770603f6c4bb67fcbda,294,182,312,02c805541a8b1cb16a1340ad094d7fe70702bf14694ae693cbaed9a2b7a80497
25,3,R3/2_right_loop,R3,right_loop,Pore ground truth/Fingerprint Images/R3/2_right_loop.jpg,Pore ground truth/Ground truth/R3/2_right_loop.tsv,55cbdcf13516a159b62bbd0f161a981f1dbcdcd62bae88ef501b9d49a96bbaaf,7da032e069b7eb80eaea83b3428ad24b26b5fb266b13f770603f6c4bb67fcbda,146,322,111,02e23e792878b2b781c5d8d2db28fcab4462aeb78b717671fb283b7ecbd51dc0
25,4,R3/2_right_loop,R3,right_loop,Pore ground truth/Fingerprint Images/R3/2_right_loop.jpg,Pore ground truth/Ground truth/R3/2_right_loop.tsv,55cbdcf13516a159b62bbd0f161a981f1dbcdcd62bae88ef501b9d49a96bbaaf,7da032e069b7eb80eaea83b3428ad24b26b5fb266b13f770603f6c4bb67fcbda,196,114,467,0334dfaad2dfcc81f484afdaaa1b31457a54b92861fee64bbfe38cae5995ce71
25,5,R3/2_right_loop,R3,right_loop,Pore ground truth/Fingerprint Images/R3/2_right_loop.jpg,Pore ground truth/Ground truth/R3/2_right_loop.tsv,55cbdcf13516a159b62bbd0f161a981f1dbcdcd62bae88ef501b9d49a96bbaaf,7da032e069b7eb80eaea83b3428ad24b26b5fb266b13f770603f6c4bb67fcbda,17,25,70,036dd2b62def7cf9a056082faa74554db751a63417d3c5edd4e1196314f849de
25,6,R3/2_right_loop,R3,right_loop,Pore ground truth/Fingerprint Images/R3/2_right_loop.jpg,Pore ground truth/Ground truth/R3/2_right_loop.tsv,55cbdcf13516a159b62bbd0f161a981f1dbcdcd62bae88ef501b9d49a96bbaaf,7da032e069b7eb80eaea83b3428ad24b26b5fb266b13f770603f6c4bb67fcbda,315,229,350,041fe5235a86b429612d40a0781924ef1a9c1fe3b885c698ab723d5f35db300a
25,7,R3/2_right_loop,R3,right_loop,Pore ground truth/Fingerprint Images/R3/2_right_loop.jpg,Pore ground truth/Ground truth/R3/2_right_loop.tsv,55cbdcf13516a159b62bbd0f161a981f1dbcdcd62bae88ef501b9d49a96bbaaf,7da032e069b7eb80eaea83b3428ad24b26b5fb266b13f770603f6c4bb67fcbda,3,462,28,05110777f051fb279eaa352f19b486574bbced0a4ff5709b30192003df9c9ef4
25,8,R3/2_right_loop,R3,right_loop,Pore ground truth/Fingerprint Images/R3/2_right_loop.jpg,Pore ground truth/Ground truth/R3/2_right_loop.tsv,55cbdcf13516a159b62bbd0f161a981f1dbcdcd62bae88ef501b9d49a96bbaaf,7da032e069b7eb80eaea83b3428ad24b26b5fb266b13f770603f6c4bb67fcbda,346,310,396,05593440d4abf4bc9f00c65df9820ec01e1e6595e29a27343a00c627aed53423
25,9,R3/2_right_loop,R3,right_loop,Pore ground truth/Fingerprint Images/R3/2_right_loop.jpg,Pore ground truth/Ground truth/R3/2_right_loop.tsv,55cbdcf13516a159b62bbd0f161a981f1dbcdcd62bae88ef501b9d49a96bbaaf,7da032e069b7eb80eaea83b3428ad24b26b5fb266b13f770603f6c4bb67fcbda,99,454,350,05a7de660e3b7403c130d5fcc4cb6d5c75cd779f16dd5f43287d221355463ae8
25,10,R3/2_right_loop,R3,right_loop,Pore ground truth/Fingerprint Images/R3/2_right_loop.jpg,Pore ground truth/Ground truth/R3/2_right_loop.tsv,55cbdcf13516a159b62bbd0f161a981f1dbcdcd62bae88ef501b9d49a96bbaaf,7da032e069b7eb80eaea83b3428ad24b26b5fb266b13f770603f6c4bb67fcbda,144,289,73,0606b676554c21456b3c79cfcc2dd1093a5e3bb6833a2e23aa04ef187c379abe
25,11,R3/2_right_loop,R3,right_loop,Pore ground truth/Fingerprint Images/R3/2_right_loop.jpg,Pore ground truth/Ground truth/R3/2_right_loop.tsv,55cbdcf13516a159b62bbd0f161a981f1dbcdcd62bae88ef501b9d49a96bbaaf,7da032e069b7eb80eaea83b3428ad24b26b5fb266b13f770603f6c4bb67fcbda,45,148,5,06412f885a1abcfa6a0d0090b09c0c55a02e8bee9762bb0f79791e2f2c5e83b7
25,12,R3/2_right_loop,R3,right_loop,Pore ground truth/Fingerprint Images/R3/2_right_loop.jpg,Pore ground truth/Ground truth/R3/2_right_loop.tsv,55cbdcf13516a159b62bbd0f161a981f1dbcdcd62bae88ef501b9d49a96bbaaf,7da032e069b7eb80eaea83b3428ad24b26b5fb266b13f770603f6c4bb67fcbda,226,351,263,077e4c4f5cab17bc8bd75e5b45399f1e7a521f6dbb94e3594c1153e1806b1fe7
25,13,R3/2_right_loop,R3,right_loop,Pore ground truth/Fingerprint Images/R3/2_right_loop.jpg,Pore ground truth/Ground truth/R3/2_right_loop.tsv,55cbdcf13516a159b62bbd0f161a981f1dbcdcd62bae88ef501b9d49a96bbaaf,7da032e069b7eb80eaea83b3428ad24b26b5fb266b13f770603f6c4bb67fcbda,297,194,385,07cad4cd88a8c4d9df22fb4880aa6b6a72461dd19882555800257644c8b00545
25,14,R3/2_right_loop,R3,right_loop,Pore ground truth/Fingerprint Images/R3/2_right_loop.jpg,Pore ground truth/Ground truth/R3/2_right_loop.tsv,55cbdcf13516a159b62bbd0f161a981f1dbcdcd62bae88ef501b9d49a96bbaaf,7da032e069b7eb80eaea83b3428ad24b26b5fb266b13f770603f6c4bb67fcbda,361,244,314,084d3934436a5f5efbc5589e5d12c08c6157fe1f620ec209ea5e26c4007f6e44
25,15,R3/2_right_loop,R3,right_loop,Pore ground truth/Fingerprint Images/R3/2_right_loop.jpg,Pore ground truth/Ground truth/R3/2_right_loop.tsv,55cbdcf13516a159b62bbd0f161a981f1dbcdcd62bae88ef501b9d49a96bbaaf,7da032e069b7eb80eaea83b3428ad24b26b5fb266b13f770603f6c4bb67fcbda,100,460,363,0996046cefdf2ffb60bfa7e0a714accc60fef741e8fb062ce3704ebfa6c6570c
25,16,R3/2_right_loop,R3,right_loop,Pore ground truth/Fingerprint Images/R3/2_right_loop.jpg,Pore ground truth/Ground truth/R3/2_right_loop.tsv,55cbdcf13516a159b62bbd0f161a981f1dbcdcd62bae88ef501b9d49a96bbaaf,7da032e069b7eb80eaea83b3428ad24b26b5fb266b13f770603f6c4bb67fcbda,33,12,123,0a52666b11e1e4337dceaa1c007def6d649411b6c285723559286891cc8f115b
25,17,R3/2_right_loop,R3,right_loop,Pore ground truth/Fingerprint Images/R3/2_right_loop.jpg,Pore ground truth/Ground truth/R3/2_right_loop.tsv,55cbdcf13516a159b62bbd0f161a981f1dbcdcd62bae88ef501b9d49a96bbaaf,7da032e069b7eb80eaea83b3428ad24b26b5fb266b13f770603f6c4bb67fcbda,269,289,168,0a9423c72fc382e74b8e0a154d34330282b7937c5f90fde7e50899c3cd46fd5f
25,18,R3/2_right_loop,R3,right_loop,Pore ground truth/Fingerprint Images/R3/2_right_loop.jpg,Pore ground truth/Ground truth/R3/2_right_loop.tsv,55cbdcf13516a159b62bbd0f161a981f1dbcdcd62bae88ef501b9d49a96bbaaf,7da032e069b7eb80eaea83b3428ad24b26b5fb266b13f770603f6c4bb67fcbda,29,479,146,0bce263af577bb8a58aa25a30c049cd72e3b3405c06f1f0cbfbb980554fd7b14
25,19,R3/2_right_loop,R3,right_loop,Pore ground truth/Fingerprint Images/R3/2_right_loop.jpg,Pore ground truth/Ground truth/R3/2_right_loop.tsv,55cbdcf13516a159b62bbd0f161a981f1dbcdcd62bae88ef501b9d49a96bbaaf,7da032e069b7eb80eaea83b3428ad24b26b5fb266b13f770603f6c4bb67fcbda,71,69,124,0be87f0b03a0b62995407277d85fca3e718b93bf392dadd318a6b5f3010622dc
25,20,R3/2_right_loop,R3,right_loop,Pore ground truth/Fingerprint Images/R3/2_right_loop.jpg,Pore ground truth/Ground truth/R3/2_right_loop.tsv,55cbdcf13516a159b62bbd0f161a981f1dbcdcd62bae88ef501b9d49a96bbaaf,7da032e069b7eb80eaea83b3428ad24b26b5fb266b13f770603f6c4bb67fcbda,87,355,109,0c0efe1d74b870a8e05ddb77b44409d294d33c79156d9846fec13d633837ceb6
26,1,R3/5_right_loop,R3,right_loop,Pore ground truth/Fingerprint Images/R3/5_right_loop.jpg,Pore ground truth/Ground truth/R3/5_right_loop.tsv,8baed0b33ff3f79ab883ea9b71c7d7cf3c6b488c56148517f02ddc892db5ce96,6b1bae4b783493a636ced814b6bb67fd9219444a2f3a9e2a1327c015fe5ee416,325,239,319,006405daa14aa35bfa9cb2380f188405843090dc439400f7f93572f8713e42dd
26,2,R3/5_right_loop,R3,right_loop,Pore ground truth/Fingerprint Images/R3/5_right_loop.jpg,Pore ground truth/Ground truth/R3/5_right_loop.tsv,8baed0b33ff3f79ab883ea9b71c7d7cf3c6b488c56148517f02ddc892db5ce96,6b1bae4b783493a636ced814b6bb67fd9219444a2f3a9e2a1327c015fe5ee416,383,322,225,022bdedfe4cc0659e7b517410f9014bea3dad333ea606110b94fee59a7d520e6
26,3,R3/5_right_loop,R3,right_loop,Pore ground truth/Fingerprint Images/R3/5_right_loop.jpg,Pore ground truth/Ground truth/R3/5_right_loop.tsv,8baed0b33ff3f79ab883ea9b71c7d7cf3c6b488c56148517f02ddc892db5ce96,6b1bae4b783493a636ced814b6bb67fd9219444a2f3a9e2a1327c015fe5ee416,407,325,251,02f57ac311e44c7d67ae5eb885fd66fbfb77e14e2dff3f63e58ce882db5bad70
26,4,R3/5_right_loop,R3,right_loop,Pore ground truth/Fingerprint Images/R3/5_right_loop.jpg,Pore ground truth/Ground truth/R3/5_right_loop.tsv,8baed0b33ff3f79ab883ea9b71c7d7cf3c6b488c56148517f02ddc892db5ce96,6b1bae4b783493a636ced814b6bb67fd9219444a2f3a9e2a1327c015fe5ee416,350,333,178,03c1115b1dfd3d5d538bd9b4cf393953b0977be197ffa8046f5da6d2c3b8ac8f
26,5,R3/5_right_loop,R3,right_loop,Pore ground truth/Fingerprint Images/R3/5_right_loop.jpg,Pore ground truth/Ground truth/R3/5_right_loop.tsv,8baed0b33ff3f79ab883ea9b71c7d7cf3c6b488c56148517f02ddc892db5ce96,6b1bae4b783493a636ced814b6bb67fd9219444a2f3a9e2a1327c015fe5ee416,54,13,364,049f8cfbcbfefb048550a004316e974f452553bfc46f1279d43c47bf5456bc13
26,6,R3/5_right_loop,R3,right_loop,Pore ground truth/Fingerprint Images/R3/5_right_loop.jpg,Pore ground truth/Ground truth/R3/5_right_loop.tsv,8baed0b33ff3f79ab883ea9b71c7d7cf3c6b488c56148517f02ddc892db5ce96,6b1bae4b783493a636ced814b6bb67fd9219444a2f3a9e2a1327c015fe5ee416,184,381,32,05a62079ad6129dbc6ed2317053526f0c010e29fe14166278cde04e47c45ac26
26,7,R3/5_right_loop,R3,right_loop,Pore ground truth/Fingerprint Images/R3/5_right_loop.jpg,Pore ground truth/Ground truth/R3/5_right_loop.tsv,8baed0b33ff3f79ab883ea9b71c7d7cf3c6b488c56148517f02ddc892db5ce96,6b1bae4b783493a636ced814b6bb67fd9219444a2f3a9e2a1327c015fe5ee416,271,267,442,05f06c72ab5f1622d0bf30c9e29e05b85d5d99e387d0e588b1a1a8bd5a60c7d4
26,8,R3/5_right_loop,R3,right_loop,Pore ground truth/Fingerprint Images/R3/5_right_loop.jpg,Pore ground truth/Ground truth/R3/5_right_loop.tsv,8baed0b33ff3f79ab883ea9b71c7d7cf3c6b488c56148517f02ddc892db5ce96,6b1bae4b783493a636ced814b6bb67fd9219444a2f3a9e2a1327c015fe5ee416,482,457,65,068145f90b6ca6ce1a8cb674ecd4d465cbb818e5276abac79d95e7d94221d0c7
26,9,R3/5_right_loop,R3,right_loop,Pore ground truth/Fingerprint Images/R3/5_right_loop.jpg,Pore ground truth/Ground truth/R3/5_right_loop.tsv,8baed0b33ff3f79ab883ea9b71c7d7cf3c6b488c56148517f02ddc892db5ce96,6b1bae4b783493a636ced814b6bb67fd9219444a2f3a9e2a1327c015fe5ee416,264,196,349,06b93eff921ab864572d24b9db6b6fb0c378039bcc7156626f6a35b587f30a57
26,10,R3/5_right_loop,R3,right_loop,Pore ground truth/Fingerprint Images/R3/5_right_loop.jpg,Pore ground truth/Ground truth/R3/5_right_loop.tsv,8baed0b33ff3f79ab883ea9b71c7d7cf3c6b488c56148517f02ddc892db5ce96,6b1bae4b783493a636ced814b6bb67fd9219444a2f3a9e2a1327c015fe5ee416,99,106,425,06baaac6d204ed29d2bbb33087ec89e8123fed3bd16512ab6845c13e46ad450d
26,11,R3/5_right_loop,R3,right_loop,Pore ground truth/Fingerprint Images/R3/5_right_loop.jpg,Pore ground truth/Ground truth/R3/5_right_loop.tsv,8baed0b33ff3f79ab883ea9b71c7d7cf3c6b488c56148517f02ddc892db5ce96,6b1bae4b783493a636ced814b6bb67fd9219444a2f3a9e2a1327c015fe5ee416,403,403,479,07890847203447e6de77c381c6f12b45b791ab55fd58cd9d5e628d191bc552fd
26,12,R3/5_right_loop,R3,right_loop,Pore ground truth/Fingerprint Images/R3/5_right_loop.jpg,Pore ground truth/Ground truth/R3/5_right_loop.tsv,8baed0b33ff3f79ab883ea9b71c7d7cf3c6b488c56148517f02ddc892db5ce96,6b1bae4b783493a636ced814b6bb67fd9219444a2f3a9e2a1327c015fe5ee416,188,469,42,07d59dd8841a5a22a24a39bb843f95aa882379e045b557a9e80a6f94dc0503aa
26,13,R3/5_right_loop,R3,right_loop,Pore ground truth/Fingerprint Images/R3/5_right_loop.jpg,Pore ground truth/Ground truth/R3/5_right_loop.tsv,8baed0b33ff3f79ab883ea9b71c7d7cf3c6b488c56148517f02ddc892db5ce96,6b1bae4b783493a636ced814b6bb67fd9219444a2f3a9e2a1327c015fe5ee416,262,191,325,07d63467bfdbb035792d7b1e8b727067add7c0dbaff535cb1d39d15ab0216713
26,14,R3/5_right_loop,R3,right_loop,Pore ground truth/Fingerprint Images/R3/5_right_loop.jpg,Pore ground truth/Ground truth/R3/5_right_loop.tsv,8baed0b33ff3f79ab883ea9b71c7d7cf3c6b488c56148517f02ddc892db5ce96,6b1bae4b783493a636ced814b6bb67fd9219444a2f3a9e2a1327c015fe5ee416,169,131,206,07fbe921f7658276e3bdb4450d9b6f8a1006772abdaa8647370eacbe89ead479
26,15,R3/5_right_loop,R3,right_loop,Pore ground truth/Fingerprint Images/R3/5_right_loop.jpg,Pore ground truth/Ground truth/R3/5_right_loop.tsv,8baed0b33ff3f79ab883ea9b71c7d7cf3c6b488c56148517f02ddc892db5ce96,6b1bae4b783493a636ced814b6bb67fd9219444a2f3a9e2a1327c015fe5ee416,495,436,299,082181511940f4e82176e6654dac752f5427e4b4a4df150e73708a621c52bd1b
26,16,R3/5_right_loop,R3,right_loop,Pore ground truth/Fingerprint Images/R3/5_right_loop.jpg,Pore ground truth/Ground truth/R3/5_right_loop.tsv,8baed0b33ff3f79ab883ea9b71c7d7cf3c6b488c56148517f02ddc892db5ce96,6b1bae4b783493a636ced814b6bb67fd9219444a2f3a9e2a1327c015fe5ee416,470,399,154,0829f8859f344cbafc4d7e9c1ce9969a45e4bd04903b18838be6bf61953db9a0
26,17,R3/5_right_loop,R3,right_loop,Pore ground truth/Fingerprint Images/R3/5_right_loop.jpg,Pore ground truth/Ground truth/R3/5_right_loop.tsv,8baed0b33ff3f79ab883ea9b71c7d7cf3c6b488c56148517f02ddc892db5ce96,6b1bae4b783493a636ced814b6bb67fd9219444a2f3a9e2a1327c015fe5ee416,263,196,331,083f73190552165421fb1e530e333a56af0e888f9b79641c670a923631f1c540
26,18,R3/5_right_loop,R3,right_loop,Pore ground truth/Fingerprint Images/R3/5_right_loop.jpg,Pore ground truth/Ground truth/R3/5_right_loop.tsv,8baed0b33ff3f79ab883ea9b71c7d7cf3c6b488c56148517f02ddc892db5ce96,6b1bae4b783493a636ced814b6bb67fd9219444a2f3a9e2a1327c015fe5ee416,461,376,347,08e351431105c3d4398d145fce38fb410dd361ad07448dbdf6527f56749d5d6c
26,19,R3/5_right_loop,R3,right_loop,Pore ground truth/Fingerprint Images/R3/5_right_loop.jpg,Pore ground truth/Ground truth/R3/5_right_loop.tsv,8baed0b33ff3f79ab883ea9b71c7d7cf3c6b488c56148517f02ddc892db5ce96,6b1bae4b783493a636ced814b6bb67fd9219444a2f3a9e2a1327c015fe5ee416,273,305,467,08f24366be4e8caa8d26d73af8aeb75a16b307d3e7b01bc9671366b0e1f65372
26,20,R3/5_right_loop,R3,right_loop,Pore ground truth/Fingerprint Images/R3/5_right_loop.jpg,Pore ground truth/Ground truth/R3/5_right_loop.tsv,8baed0b33ff3f79ab883ea9b71c7d7cf3c6b488c56148517f02ddc892db5ce96,6b1bae4b783493a636ced814b6bb67fd9219444a2f3a9e2a1327c015fe5ee416,381,287,230,0a2531ab39b4e42409dfa83e2a43c066c0757189a4f04a94cad8f90136e0d37f
27,1,R3/3_tented_arch,R3,tented_arch,Pore ground truth/Fingerprint Images/R3/3_tented_arch.jpg,Pore ground truth/Ground truth/R3/3_tented_arch.tsv,7e8f44e610c0552acbc5f894d6a9422e1a2fefffd200019c0daf807b6affc66f,cc3dafd5ea08749991d28c58ca2f976efd51296c6d7ca14d3144094461bc84bd,463,490,44,002ff88c6c5a527c36475751e42823915515dcd0dfed96b46bdc0111645faf4c
27,2,R3/3_tented_arch,R3,tented_arch,Pore ground truth/Fingerprint Images/R3/3_tented_arch.jpg,Pore ground truth/Ground truth/R3/3_tented_arch.tsv,7e8f44e610c0552acbc5f894d6a9422e1a2fefffd200019c0daf807b6affc66f,cc3dafd5ea08749991d28c58ca2f976efd51296c6d7ca14d3144094461bc84bd,316,215,482,00a59cc6f9979aa766e2a5f8bf612335a63d8bb348f27688f5f3693f1ef0b1db
27,3,R3/3_tented_arch,R3,tented_arch,Pore ground truth/Fingerprint Images/R3/3_tented_arch.jpg,Pore ground truth/Ground truth/R3/3_tented_arch.tsv,7e8f44e610c0552acbc5f894d6a9422e1a2fefffd200019c0daf807b6affc66f,cc3dafd5ea08749991d28c58ca2f976efd51296c6d7ca14d3144094461bc84bd,272,298,393,00b78a9af678daac5c7658c2f95c6a08c23f7c542722cf71377483d925b28010
27,4,R3/3_tented_arch,R3,tented_arch,Pore ground truth/Fingerprint Images/R3/3_tented_arch.jpg,Pore ground truth/Ground truth/R3/3_tented_arch.tsv,7e8f44e610c0552acbc5f894d6a9422e1a2fefffd200019c0daf807b6affc66f,cc3dafd5ea08749991d28c58ca2f976efd51296c6d7ca14d3144094461bc84bd,391,452,503,027a7ec7c0760f7501dc7f8527d2e3b35dea6b482a947fb25f63c456e1f2609b
27,5,R3/3_tented_arch,R3,tented_arch,Pore ground truth/Fingerprint Images/R3/3_tented_arch.jpg,Pore ground truth/Ground truth/R3/3_tented_arch.tsv,7e8f44e610c0552acbc5f894d6a9422e1a2fefffd200019c0daf807b6affc66f,cc3dafd5ea08749991d28c58ca2f976efd51296c6d7ca14d3144094461bc84bd,105,168,127,032bfc7ec91a3701ca1dbe310539c96a334efb3cea40bf8a18dd675ae08f416c
27,6,R3/3_tented_arch,R3,tented_arch,Pore ground truth/Fingerprint Images/R3/3_tented_arch.jpg,Pore ground truth/Ground truth/R3/3_tented_arch.tsv,7e8f44e610c0552acbc5f894d6a9422e1a2fefffd200019c0daf807b6affc66f,cc3dafd5ea08749991d28c58ca2f976efd51296c6d7ca14d3144094461bc84bd,13,43,18,041cdc7e0266eb730547df77e00e7416c6aabf4e029cbbde5f5bcd85a6e8a17a
27,7,R3/3_tented_arch,R3,tented_arch,Pore ground truth/Fingerprint Images/R3/3_tented_arch.jpg,Pore ground truth/Ground truth/R3/3_tented_arch.tsv,7e8f44e610c0552acbc5f894d6a9422e1a2fefffd200019c0daf807b6affc66f,cc3dafd5ea08749991d28c58ca2f976efd51296c6d7ca14d3144094461bc84bd,214,363,289,04375215bbeafff4216e6cf50a80de79a57be8023a50636fd9af8050da2ece6f
27,8,R3/3_tented_arch,R3,tented_arch,Pore ground truth/Fingerprint Images/R3/3_tented_arch.jpg,Pore ground truth/Ground truth/R3/3_tented_arch.tsv,7e8f44e610c0552acbc5f894d6a9422e1a2fefffd200019c0daf807b6affc66f,cc3dafd5ea08749991d28c58ca2f976efd51296c6d7ca14d3144094461bc84bd,323,7,387,048641601581af88e83102feb849439d5a4e3db0d2c9f52ff3fc2df9edaa5d35
27,9,R3/3_tented_arch,R3,tented_arch,Pore ground truth/Fingerprint Images/R3/3_tented_arch.jpg,Pore ground truth/Ground truth/R3/3_tented_arch.tsv,7e8f44e610c0552acbc5f894d6a9422e1a2fefffd200019c0daf807b6affc66f,cc3dafd5ea08749991d28c58ca2f976efd51296c6d7ca14d3144094461bc84bd,242,209,272,049f209b8e3e7c8bb1acc2c5448786e78b1ed94864d8eb9fc3401c2691268420
27,10,R3/3_tented_arch,R3,tented_arch,Pore ground truth/Fingerprint Images/R3/3_tented_arch.jpg,Pore ground truth/Ground truth/R3/3_tented_arch.tsv,7e8f44e610c0552acbc5f894d6a9422e1a2fefffd200019c0daf807b6affc66f,cc3dafd5ea08749991d28c58ca2f976efd51296c6d7ca14d3144094461bc84bd,122,1,176,055e33d5f9020ce73a8ce1b2483adee485790be2a93ba4bc9fcc4706b8abe366
27,11,R3/3_tented_arch,R3,tented_arch,Pore ground truth/Fingerprint Images/R3/3_tented_arch.jpg,Pore ground truth/Ground truth/R3/3_tented_arch.tsv,7e8f44e610c0552acbc5f894d6a9422e1a2fefffd200019c0daf807b6affc66f,cc3dafd5ea08749991d28c58ca2f976efd51296c6d7ca14d3144094461bc84bd,184,37,251,056888613558b2d76f0e4226c3fa506d8a4eb6f89ff3009fcfdab3ad1f826c24
27,12,R3/3_tented_arch,R3,tented_arch,Pore ground truth/Fingerprint Images/R3/3_tented_arch.jpg,Pore ground truth/Ground truth/R3/3_tented_arch.tsv,7e8f44e610c0552acbc5f894d6a9422e1a2fefffd200019c0daf807b6affc66f,cc3dafd5ea08749991d28c58ca2f976efd51296c6d7ca14d3144094461bc84bd,407,395,170,05bc81929b2f5fecf368306d9064e8cddb79e98cea6514bdb9d586cb8e6f9471
27,13,R3/3_tented_arch,R3,tented_arch,Pore ground truth/Fingerprint Images/R3/3_tented_arch.jpg,Pore ground truth/Ground truth/R3/3_tented_arch.tsv,7e8f44e610c0552acbc5f894d6a9422e1a2fefffd200019c0daf807b6affc66f,cc3dafd5ea08749991d28c58ca2f976efd51296c6d7ca14d3144094461bc84bd,56,217,74,05f230c3593e36b9ab579199127dfecccbcbb453080290acdadddf82a10c721a
27,14,R3/3_tented_arch,R3,tented_arch,Pore ground truth/Fingerprint Images/R3/3_tented_arch.jpg,Pore ground truth/Ground truth/R3/3_tented_arch.tsv,7e8f44e610c0552acbc5f894d6a9422e1a2fefffd200019c0daf807b6affc66f,cc3dafd5ea08749991d28c58ca2f976efd51296c6d7ca14d3144094461bc84bd,138,343,183,0637c05300a2eb44e967c153633b8467ea8331782200cc93b5425fa654c4d87c
27,15,R3/3_tented_arch,R3,tented_arch,Pore ground truth/Fingerprint Images/R3/3_tented_arch.jpg,Pore ground truth/Ground truth/R3/3_tented_arch.tsv,7e8f44e610c0552acbc5f894d6a9422e1a2fefffd200019c0daf807b6affc66f,cc3dafd5ea08749991d28c58ca2f976efd51296c6d7ca14d3144094461bc84bd,409,445,190,064ba7689791e31682fe546eb2efb1d2fefa82b11c283869a69b37ba4884a335
27,16,R3/3_tented_arch,R3,tented_arch,Pore ground truth/Fingerprint Images/R3/3_tented_arch.jpg,Pore ground truth/Ground truth/R3/3_tented_arch.tsv,7e8f44e610c0552acbc5f894d6a9422e1a2fefffd200019c0daf807b6affc66f,cc3dafd5ea08749991d28c58ca2f976efd51296c6d7ca14d3144094461bc84bd,72,44,112,069f710b3f0fe3aa7b0db348b89ce7630ebc76eb238e8ac0aa369b7ac9888e12
27,17,R3/3_tented_arch,R3,tented_arch,Pore ground truth/Fingerprint Images/R3/3_tented_arch.jpg,Pore ground truth/Ground truth/R3/3_tented_arch.tsv,7e8f44e610c0552acbc5f894d6a9422e1a2fefffd200019c0daf807b6affc66f,cc3dafd5ea08749991d28c58ca2f976efd51296c6d7ca14d3144094461bc84bd,293,141,384,079647c96abe448aa7cfe948523d7c79edc97c884eeb334532cdf6564c1828d8
27,18,R3/3_tented_arch,R3,tented_arch,Pore ground truth/Fingerprint Images/R3/3_tented_arch.jpg,Pore ground truth/Ground truth/R3/3_tented_arch.tsv,7e8f44e610c0552acbc5f894d6a9422e1a2fefffd200019c0daf807b6affc66f,cc3dafd5ea08749991d28c58ca2f976efd51296c6d7ca14d3144094461bc84bd,257,104,381,080bac8324e4a5d0156984ae3ae7510e36c927668fa45092cca71f8e3a2092e4
27,19,R3/3_tented_arch,R3,tented_arch,Pore ground truth/Fingerprint Images/R3/3_tented_arch.jpg,Pore ground truth/Ground truth/R3/3_tented_arch.tsv,7e8f44e610c0552acbc5f894d6a9422e1a2fefffd200019c0daf807b6affc66f,cc3dafd5ea08749991d28c58ca2f976efd51296c6d7ca14d3144094461bc84bd,384,315,469,0833577fdb2969e166e2af6fedf24146a2d62356f864c01ac69058a3184b146a
27,20,R3/3_tented_arch,R3,tented_arch,Pore ground truth/Fingerprint Images/R3/3_tented_arch.jpg,Pore ground truth/Ground truth/R3/3_tented_arch.tsv,7e8f44e610c0552acbc5f894d6a9422e1a2fefffd200019c0daf807b6affc66f,cc3dafd5ea08749991d28c58ca2f976efd51296c6d7ca14d3144094461bc84bd,53,134,77,08c06d4367b738de8b357e54cec2c53b51641e6dadce969fadac55b02d669928
28,1,R3/19_whorl,R3,whorl,Pore ground truth/Fingerprint Images/R3/19_whorl.jpg,Pore ground truth/Ground truth/R3/19_whorl.tsv,8d2a5811c6d0619f8db6828c6e1c6553fb2127a4faf273bea1fb25df094bca68,37ee75a6412de3971902503bbecb158c8a13ee1ecd4eb179a3e8b80933210e73,160,192,44,00469f9366a568a1e73ab4dea85866e36f5a091b4c21841137cf0a132856b8d2
28,2,R3/19_whorl,R3,whorl,Pore ground truth/Fingerprint Images/R3/19_whorl.jpg,Pore ground truth/Ground truth/R3/19_whorl.tsv,8d2a5811c6d0619f8db6828c6e1c6553fb2127a4faf273bea1fb25df094bca68,37ee75a6412de3971902503bbecb158c8a13ee1ecd4eb179a3e8b80933210e73,46,5,36,007a9c1d6f71e7475c05ffaa708d50e881bf4c446df95050c42e632ce2ae7e4e
28,3,R3/19_whorl,R3,whorl,Pore ground truth/Fingerprint Images/R3/19_whorl.jpg,Pore ground truth/Ground truth/R3/19_whorl.tsv,8d2a5811c6d0619f8db6828c6e1c6553fb2127a4faf273bea1fb25df094bca68,37ee75a6412de3971902503bbecb158c8a13ee1ecd4eb179a3e8b80933210e73,328,323,345,0143c3291751c285aef2c18ec6633aae240e18be16f11af2b24ae4b1d260410f
28,4,R3/19_whorl,R3,whorl,Pore ground truth/Fingerprint Images/R3/19_whorl.jpg,Pore ground truth/Ground truth/R3/19_whorl.tsv,8d2a5811c6d0619f8db6828c6e1c6553fb2127a4faf273bea1fb25df094bca68,37ee75a6412de3971902503bbecb158c8a13ee1ecd4eb179a3e8b80933210e73,326,280,365,01d7c8583ca069b85b5c26a2f1f4c4556156a5414cd0f2cd65c6dbf5c7c2a6ee
28,5,R3/19_whorl,R3,whorl,Pore ground truth/Fingerprint Images/R3/19_whorl.jpg,Pore ground truth/Ground truth/R3/19_whorl.tsv,8d2a5811c6d0619f8db6828c6e1c6553fb2127a4faf273bea1fb25df094bca68,37ee75a6412de3971902503bbecb158c8a13ee1ecd4eb179a3e8b80933210e73,60,458,184,022cafb4cba817fd906f79245560e9094c40d95b73ab477d76393da0e77f1ecd
28,6,R3/19_whorl,R3,whorl,Pore ground truth/Fingerprint Images/R3/19_whorl.jpg,Pore ground truth/Ground truth/R3/19_whorl.tsv,8d2a5811c6d0619f8db6828c6e1c6553fb2127a4faf273bea1fb25df094bca68,37ee75a6412de3971902503bbecb158c8a13ee1ecd4eb179a3e8b80933210e73,149,228,198,0279bc2a47c73668f2db9b52e19f95d011eba45349286337f8bf5b20dc3ebb10
28,7,R3/19_whorl,R3,whorl,Pore ground truth/Fingerprint Images/R3/19_whorl.jpg,Pore ground truth/Ground truth/R3/19_whorl.tsv,8d2a5811c6d0619f8db6828c6e1c6553fb2127a4faf273bea1fb25df094bca68,37ee75a6412de3971902503bbecb158c8a13ee1ecd4eb179a3e8b80933210e73,170,9,163,028e225d7f77bd2d5b45bd06ca465d9d186dfc3060a8dcf593b2c9f297b77931
28,8,R3/19_whorl,R3,whorl,Pore ground truth/Fingerprint Images/R3/19_whorl.jpg,Pore ground truth/Ground truth/R3/19_whorl.tsv,8d2a5811c6d0619f8db6828c6e1c6553fb2127a4faf273bea1fb25df094bca68,37ee75a6412de3971902503bbecb158c8a13ee1ecd4eb179a3e8b80933210e73,269,222,325,02b71ba1f9b18acacec31a98228d32e86bdf3d89cbfa0ddaa5db02b2c05af1c6
28,9,R3/19_whorl,R3,whorl,Pore ground truth/Fingerprint Images/R3/19_whorl.jpg,Pore ground truth/Ground truth/R3/19_whorl.tsv,8d2a5811c6d0619f8db6828c6e1c6553fb2127a4faf273bea1fb25df094bca68,37ee75a6412de3971902503bbecb158c8a13ee1ecd4eb179a3e8b80933210e73,147,171,224,02c5073dc1f1a3a51025638899c3ac248a13713a743e0023095940229c92f6f0
28,10,R3/19_whorl,R3,whorl,Pore ground truth/Fingerprint Images/R3/19_whorl.jpg,Pore ground truth/Ground truth/R3/19_whorl.tsv,8d2a5811c6d0619f8db6828c6e1c6553fb2127a4faf273bea1fb25df094bca68,37ee75a6412de3971902503bbecb158c8a13ee1ecd4eb179a3e8b80933210e73,252,239,116,033ff6fc372e2a45aa704ec3f634e8dbe81e4907dc9d82ddfdad0cda6f59234c
28,11,R3/19_whorl,R3,whorl,Pore ground truth/Fingerprint Images/R3/19_whorl.jpg,Pore ground truth/Ground truth/R3/19_whorl.tsv,8d2a5811c6d0619f8db6828c6e1c6553fb2127a4faf273bea1fb25df094bca68,37ee75a6412de3971902503bbecb158c8a13ee1ecd4eb179a3e8b80933210e73,181,91,225,03611abfbb30e084641ba4005b125e9e8fa9956ce6c25e256cf66d12f6d63ca4
28,12,R3/19_whorl,R3,whorl,Pore ground truth/Fingerprint Images/R3/19_whorl.jpg,Pore ground truth/Ground truth/R3/19_whorl.tsv,8d2a5811c6d0619f8db6828c6e1c6553fb2127a4faf273bea1fb25df094bca68,37ee75a6412de3971902503bbecb158c8a13ee1ecd4eb179a3e8b80933210e73,98,141,9,045cc2e83b461e89dfba84ce1d787109127249627b40f3a1ace9427f835c962d
28,13,R3/19_whorl,R3,whorl,Pore ground truth/Fingerprint Images/R3/19_whorl.jpg,Pore ground truth/Ground truth/R3/19_whorl.tsv,8d2a5811c6d0619f8db6828c6e1c6553fb2127a4faf273bea1fb25df094bca68,37ee75a6412de3971902503bbecb158c8a13ee1ecd4eb179a3e8b80933210e73,241,12,288,04b3c8d42d71135be875ab51515ce7956ba1604b2263506fc6159479a0bd0cfd
28,14,R3/19_whorl,R3,whorl,Pore ground truth/Fingerprint Images/R3/19_whorl.jpg,Pore ground truth/Ground truth/R3/19_whorl.tsv,8d2a5811c6d0619f8db6828c6e1c6553fb2127a4faf273bea1fb25df094bca68,37ee75a6412de3971902503bbecb158c8a13ee1ecd4eb179a3e8b80933210e73,231,345,139,04babaf5c818a7b61745c5e43e7728d2b077429246b0da210d34c711ef5da81a
28,15,R3/19_whorl,R3,whorl,Pore ground truth/Fingerprint Images/R3/19_whorl.jpg,Pore ground truth/Ground truth/R3/19_whorl.tsv,8d2a5811c6d0619f8db6828c6e1c6553fb2127a4faf273bea1fb25df094bca68,37ee75a6412de3971902503bbecb158c8a13ee1ecd4eb179a3e8b80933210e73,47,33,24,04eb98b0770bc07022ad623ef8ec67aabe557d9abb5fd4a7ac94b22969137021
28,16,R3/19_whorl,R3,whorl,Pore ground truth/Fingerprint Images/R3/19_whorl.jpg,Pore ground truth/Ground truth/R3/19_whorl.tsv,8d2a5811c6d0619f8db6828c6e1c6553fb2127a4faf273bea1fb25df094bca68,37ee75a6412de3971902503bbecb158c8a13ee1ecd4eb179a3e8b80933210e73,356,479,6,065a988338c71f43611e2a4eae50fc60d6c67c2042eceb21f2e68277a84ee66f
28,17,R3/19_whorl,R3,whorl,Pore ground truth/Fingerprint Images/R3/19_whorl.jpg,Pore ground truth/Ground truth/R3/19_whorl.tsv,8d2a5811c6d0619f8db6828c6e1c6553fb2127a4faf273bea1fb25df094bca68,37ee75a6412de3971902503bbecb158c8a13ee1ecd4eb179a3e8b80933210e73,295,84,354,073389ed6e1d80856a289c6aec4233e3e73ebf0cd1e424c71377ebc4a760750f
28,18,R3/19_whorl,R3,whorl,Pore ground truth/Fingerprint Images/R3/19_whorl.jpg,Pore ground truth/Ground truth/R3/19_whorl.tsv,8d2a5811c6d0619f8db6828c6e1c6553fb2127a4faf273bea1fb25df094bca68,37ee75a6412de3971902503bbecb158c8a13ee1ecd4eb179a3e8b80933210e73,320,182,316,077376d3b5619126444d5b557e11803852aaf5bbb0eeb8de51dc94ff24332972
28,19,R3/19_whorl,R3,whorl,Pore ground truth/Fingerprint Images/R3/19_whorl.jpg,Pore ground truth/Ground truth/R3/19_whorl.tsv,8d2a5811c6d0619f8db6828c6e1c6553fb2127a4faf273bea1fb25df094bca68,37ee75a6412de3971902503bbecb158c8a13ee1ecd4eb179a3e8b80933210e73,122,429,285,08af6c81776df00c19bef15b65a6b7413de97f06e7e3f0f60fc10f9e6cc1a50e
28,20,R3/19_whorl,R3,whorl,Pore ground truth/Fingerprint Images/R3/19_whorl.jpg,Pore ground truth/Ground truth/R3/19_whorl.tsv,8d2a5811c6d0619f8db6828c6e1c6553fb2127a4faf273bea1fb25df094bca68,37ee75a6412de3971902503bbecb158c8a13ee1ecd4eb179a3e8b80933210e73,22,454,375,0a05186ce6a8596b7fb5c2ff82c09f4efa0a97ef99f5847919b51842a4d47c65
29,1,R3/16_whorl,R3,whorl,Pore ground truth/Fingerprint Images/R3/16_whorl.jpg,Pore ground truth/Ground truth/R3/16_whorl.tsv,8c27a0be3d92b5c5ac001945f64bbcc7ef5de38091125272541004669cb09896,2ed262179be9ef395386db65f469cb18b2b6cd9168270802e2870468f3ad0927,370,442,344,0087b483e45e93489cdb2042aeb386a6b7d6642f3927f41d33b35f11803b906e
29,2,R3/16_whorl,R3,whorl,Pore ground truth/Fingerprint Images/R3/16_whorl.jpg,Pore ground truth/Ground truth/R3/16_whorl.tsv,8c27a0be3d92b5c5ac001945f64bbcc7ef5de38091125272541004669cb09896,2ed262179be9ef395386db65f469cb18b2b6cd9168270802e2870468f3ad0927,142,102,134,02389acf53c8e7a7de81d255a0295fc74ce727139096d25da3a37bf1f4d904f8
29,3,R3/16_whorl,R3,whorl,Pore ground truth/Fingerprint Images/R3/16_whorl.jpg,Pore ground truth/Ground truth/R3/16_whorl.tsv,8c27a0be3d92b5c5ac001945f64bbcc7ef5de38091125272541004669cb09896,2ed262179be9ef395386db65f469cb18b2b6cd9168270802e2870468f3ad0927,272,134,476,0249c53c4691769581e32f4b036ee0089c5677f80af43e850f4522820312fbe7
29,4,R3/16_whorl,R3,whorl,Pore ground truth/Fingerprint Images/R3/16_whorl.jpg,Pore ground truth/Ground truth/R3/16_whorl.tsv,8c27a0be3d92b5c5ac001945f64bbcc7ef5de38091125272541004669cb09896,2ed262179be9ef395386db65f469cb18b2b6cd9168270802e2870468f3ad0927,119,169,81,026e9ef10fcedff874bb1f12a77dff4a8cb64b1a065b85d27b5f9b2051ed67f9
29,5,R3/16_whorl,R3,whorl,Pore ground truth/Fingerprint Images/R3/16_whorl.jpg,Pore ground truth/Ground truth/R3/16_whorl.tsv,8c27a0be3d92b5c5ac001945f64bbcc7ef5de38091125272541004669cb09896,2ed262179be9ef395386db65f469cb18b2b6cd9168270802e2870468f3ad0927,250,57,10,02fc0834046f14e16575c39fb7bce0d791e92692e35e6bfca4a6cd24902929d5
29,6,R3/16_whorl,R3,whorl,Pore ground truth/Fingerprint Images/R3/16_whorl.jpg,Pore ground truth/Ground truth/R3/16_whorl.tsv,8c27a0be3d92b5c5ac001945f64bbcc7ef5de38091125272541004669cb09896,2ed262179be9ef395386db65f469cb18b2b6cd9168270802e2870468f3ad0927,346,508,58,0515ad4c74e61e8ca7cd3d6d032c159f40ee614657e41a9059038cdd9225d469
29,7,R3/16_whorl,R3,whorl,Pore ground truth/Fingerprint Images/R3/16_whorl.jpg,Pore ground truth/Ground truth/R3/16_whorl.tsv,8c27a0be3d92b5c5ac001945f64bbcc7ef5de38091125272541004669cb09896,2ed262179be9ef395386db65f469cb18b2b6cd9168270802e2870468f3ad0927,273,146,478,05c9a98ed29b13fee991e8f72d5db0900e0bd783d7b8c98688f4e09d7bd4049d
29,8,R3/16_whorl,R3,whorl,Pore ground truth/Fingerprint Images/R3/16_whorl.jpg,Pore ground truth/Ground truth/R3/16_whorl.tsv,8c27a0be3d92b5c5ac001945f64bbcc7ef5de38091125272541004669cb09896,2ed262179be9ef395386db65f469cb18b2b6cd9168270802e2870468f3ad0927,246,41,441,0639dc1f68bc47c3c140f4e41b36da824800c60f8f889c0e8fee801845478a05
29,9,R3/16_whorl,R3,whorl,Pore ground truth/Fingerprint Images/R3/16_whorl.jpg,Pore ground truth/Ground truth/R3/16_whorl.tsv,8c27a0be3d92b5c5ac001945f64bbcc7ef5de38091125272541004669cb09896,2ed262179be9ef395386db65f469cb18b2b6cd9168270802e2870468f3ad0927,46,398,326,067e45bfad880b95308b1ba90e786c9c2a41aab674f348d3517a076ba1e0f215
29,10,R3/16_whorl,R3,whorl,Pore ground truth/Fingerprint Images/R3/16_whorl.jpg,Pore ground truth/Ground truth/R3/16_whorl.tsv,8c27a0be3d92b5c5ac001945f64bbcc7ef5de38091125272541004669cb09896,2ed262179be9ef395386db65f469cb18b2b6cd9168270802e2870468f3ad0927,255,314,12,07a880f6476e92bc793427c83daddd0837857b56cf506c449a370f5d678a603d
29,11,R3/16_whorl,R3,whorl,Pore ground truth/Fingerprint Images/R3/16_whorl.jpg,Pore ground truth/Ground truth/R3/16_whorl.tsv,8c27a0be3d92b5c5ac001945f64bbcc7ef5de38091125272541004669cb09896,2ed262179be9ef395386db65f469cb18b2b6cd9168270802e2870468f3ad0927,4,384,16,084700a1a8cd158ffca4e31141d40869cffbd99e6ec4c3a4969039c95003b105
29,12,R3/16_whorl,R3,whorl,Pore ground truth/Fingerprint Images/R3/16_whorl.jpg,Pore ground truth/Ground truth/R3/16_whorl.tsv,8c27a0be3d92b5c5ac001945f64bbcc7ef5de38091125272541004669cb09896,2ed262179be9ef395386db65f469cb18b2b6cd9168270802e2870468f3ad0927,74,49,98,09b3b37b5c9b05a741af25f470030fb722ae480a17fd2265cc2b5d4037168de9
29,13,R3/16_whorl,R3,whorl,Pore ground truth/Fingerprint Images/R3/16_whorl.jpg,Pore ground truth/Ground truth/R3/16_whorl.tsv,8c27a0be3d92b5c5ac001945f64bbcc7ef5de38091125272541004669cb09896,2ed262179be9ef395386db65f469cb18b2b6cd9168270802e2870468f3ad0927,236,218,147,0c8ad715fe8da9b3489f5e3d72e5a80b4f73edd3e8f0ea26751f38f0ab552f41
29,14,R3/16_whorl,R3,whorl,Pore ground truth/Fingerprint Images/R3/16_whorl.jpg,Pore ground truth/Ground truth/R3/16_whorl.tsv,8c27a0be3d92b5c5ac001945f64bbcc7ef5de38091125272541004669cb09896,2ed262179be9ef395386db65f469cb18b2b6cd9168270802e2870468f3ad0927,271,118,468,0e6240a8b535c082491772e68b633a9d1daebc5878b861f17f021b5831a93aaf
29,15,R3/16_whorl,R3,whorl,Pore ground truth/Fingerprint Images/R3/16_whorl.jpg,Pore ground truth/Ground truth/R3/16_whorl.tsv,8c27a0be3d92b5c5ac001945f64bbcc7ef5de38091125272541004669cb09896,2ed262179be9ef395386db65f469cb18b2b6cd9168270802e2870468f3ad0927,300,220,178,0f969073096adc769f20c920ba3a4550e6c09a767cb0b68768733bd98cd741b2
29,16,R3/16_whorl,R3,whorl,Pore ground truth/Fingerprint Images/R3/16_whorl.jpg,Pore ground truth/Ground truth/R3/16_whorl.tsv,8c27a0be3d92b5c5ac001945f64bbcc7ef5de38091125272541004669cb09896,2ed262179be9ef395386db65f469cb18b2b6cd9168270802e2870468f3ad0927,288,406,370,116c1e2357857f5e56022d71e8401463ea35a6582072c5d75471558811209379
29,17,R3/16_whorl,R3,whorl,Pore ground truth/Fingerprint Images/R3/16_whorl.jpg,Pore ground truth/Ground truth/R3/16_whorl.tsv,8c27a0be3d92b5c5ac001945f64bbcc7ef5de38091125272541004669cb09896,2ed262179be9ef395386db65f469cb18b2b6cd9168270802e2870468f3ad0927,200,91,499,12076cbb3c00d7474e211ea43d52f54a781688e34950891349c010bc76344ef2
29,18,R3/16_whorl,R3,whorl,Pore ground truth/Fingerprint Images/R3/16_whorl.jpg,Pore ground truth/Ground truth/R3/16_whorl.tsv,8c27a0be3d92b5c5ac001945f64bbcc7ef5de38091125272541004669cb09896,2ed262179be9ef395386db65f469cb18b2b6cd9168270802e2870468f3ad0927,49,338,398,12f592ab47dc5e2fcdd3ce7076fc26c21b05058b27a3d3260c69efb03992c230
29,19,R3/16_whorl,R3,whorl,Pore ground truth/Fingerprint Images/R3/16_whorl.jpg,Pore ground truth/Ground truth/R3/16_whorl.tsv,8c27a0be3d92b5c5ac001945f64bbcc7ef5de38091125272541004669cb09896,2ed262179be9ef395386db65f469cb18b2b6cd9168270802e2870468f3ad0927,314,96,417,12f6a6b76897d5e6060c0b2d2efe14bba758d70e01196fc9875c7d86b92a27ac
29,20,R3/16_whorl,R3,whorl,Pore ground truth/Fingerprint Images/R3/16_whorl.jpg,Pore ground truth/Ground truth/R3/16_whorl.tsv,8c27a0be3d92b5c5ac001945f64bbcc7ef5de38091125272541004669cb09896,2ed262179be9ef395386db65f469cb18b2b6cd9168270802e2870468f3ad0927,243,25,404,1308a204d1738361e924497a06dc33de83937f09cb96511c0ba49f410c4443e4
30,1,R3/21_whorl,R3,whorl,Pore ground truth/Fingerprint Images/R3/21_whorl.jpg,Pore ground truth/Ground truth/R3/21_whorl.tsv,718f1e92f674e4c9f200c1672c3e0b06a52e09fa2b0602fc241ba9437c711804,0cc948d9bcfa8a4ee63fab6f3134e1e57226df4790b42edff3fa58700e3b9af1,294,294,429,00662abcde2df4a7a50a63b447958c1dd601ae544e0aaa34d3661f9a85ab531d
30,2,R3/21_whorl,R3,whorl,Pore ground truth/Fingerprint Images/R3/21_whorl.jpg,Pore ground truth/Ground truth/R3/21_whorl.tsv,718f1e92f674e4c9f200c1672c3e0b06a52e09fa2b0602fc241ba9437c711804,0cc948d9bcfa8a4ee63fab6f3134e1e57226df4790b42edff3fa58700e3b9af1,286,106,422,00c74e1e8cbdaedf44646ac42eb60634dcdebcaec6efe41d7d19141ac58f0c13
30,3,R3/21_whorl,R3,whorl,Pore ground truth/Fingerprint Images/R3/21_whorl.jpg,Pore ground truth/Ground truth/R3/21_whorl.tsv,718f1e92f674e4c9f200c1672c3e0b06a52e09fa2b0602fc241ba9437c711804,0cc948d9bcfa8a4ee63fab6f3134e1e57226df4790b42edff3fa58700e3b9af1,376,497,508,00de003e258fff55439a0873d5db158d923a29bc967c6e18018a95fa9ba59630
30,4,R3/21_whorl,R3,whorl,Pore ground truth/Fingerprint Images/R3/21_whorl.jpg,Pore ground truth/Ground truth/R3/21_whorl.tsv,718f1e92f674e4c9f200c1672c3e0b06a52e09fa2b0602fc241ba9437c711804,0cc948d9bcfa8a4ee63fab6f3134e1e57226df4790b42edff3fa58700e3b9af1,192,435,206,015193b23ac69625020eabe8e2b22e6c67345b994625b37ffa5935cc41c6bbc2
30,5,R3/21_whorl,R3,whorl,Pore ground truth/Fingerprint Images/R3/21_whorl.jpg,Pore ground truth/Ground truth/R3/21_whorl.tsv,718f1e92f674e4c9f200c1672c3e0b06a52e09fa2b0602fc241ba9437c711804,0cc948d9bcfa8a4ee63fab6f3134e1e57226df4790b42edff3fa58700e3b9af1,247,303,91,01c21e4bb97105c63cf24cbd57d04350f739a96abcdd326cb447de3dba907548
30,6,R3/21_whorl,R3,whorl,Pore ground truth/Fingerprint Images/R3/21_whorl.jpg,Pore ground truth/Ground truth/R3/21_whorl.tsv,718f1e92f674e4c9f200c1672c3e0b06a52e09fa2b0602fc241ba9437c711804,0cc948d9bcfa8a4ee63fab6f3134e1e57226df4790b42edff3fa58700e3b9af1,295,320,416,01cbd78a59cf2888a8e2c80fd86c9a9bdbbe8cd3515fe2d945967ec1a7fae228
30,7,R3/21_whorl,R3,whorl,Pore ground truth/Fingerprint Images/R3/21_whorl.jpg,Pore ground truth/Ground truth/R3/21_whorl.tsv,718f1e92f674e4c9f200c1672c3e0b06a52e09fa2b0602fc241ba9437c711804,0cc948d9bcfa8a4ee63fab6f3134e1e57226df4790b42edff3fa58700e3b9af1,56,419,163,0227cd34b6594020315f730c1a8e051795c003e70fc7425bc09078e052d02a80
30,8,R3/21_whorl,R3,whorl,Pore ground truth/Fingerprint Images/R3/21_whorl.jpg,Pore ground truth/Ground truth/R3/21_whorl.tsv,718f1e92f674e4c9f200c1672c3e0b06a52e09fa2b0602fc241ba9437c711804,0cc948d9bcfa8a4ee63fab6f3134e1e57226df4790b42edff3fa58700e3b9af1,359,437,509,02294942f8f8d0b7b922d5b52e24768f41b9bb8e78b6f3d5cf706f0a15af5498
30,9,R3/21_whorl,R3,whorl,Pore ground truth/Fingerprint Images/R3/21_whorl.jpg,Pore ground truth/Ground truth/R3/21_whorl.tsv,718f1e92f674e4c9f200c1672c3e0b06a52e09fa2b0602fc241ba9437c711804,0cc948d9bcfa8a4ee63fab6f3134e1e57226df4790b42edff3fa58700e3b9af1,276,97,268,023dcaa17a111b52937a1e6fadfe78c571be8aa757984289ffeddc77908d5282
30,10,R3/21_whorl,R3,whorl,Pore ground truth/Fingerprint Images/R3/21_whorl.jpg,Pore ground truth/Ground truth/R3/21_whorl.tsv,718f1e92f674e4c9f200c1672c3e0b06a52e09fa2b0602fc241ba9437c711804,0cc948d9bcfa8a4ee63fab6f3134e1e57226df4790b42edff3fa58700e3b9af1,160,308,458,02830c255bb3fe27f7fa1f95755ff4874176d8cd80be219b50ef8b2a055f91d7
30,11,R3/21_whorl,R3,whorl,Pore ground truth/Fingerprint Images/R3/21_whorl.jpg,Pore ground truth/Ground truth/R3/21_whorl.tsv,718f1e92f674e4c9f200c1672c3e0b06a52e09fa2b0602fc241ba9437c711804,0cc948d9bcfa8a4ee63fab6f3134e1e57226df4790b42edff3fa58700e3b9af1,327,358,203,04933126c36b7e8363c5588b86ee1881377515d855331071e47d920066d397a5
30,12,R3/21_whorl,R3,whorl,Pore ground truth/Fingerprint Images/R3/21_whorl.jpg,Pore ground truth/Ground truth/R3/21_whorl.tsv,718f1e92f674e4c9f200c1672c3e0b06a52e09fa2b0602fc241ba9437c711804,0cc948d9bcfa8a4ee63fab6f3134e1e57226df4790b42edff3fa58700e3b9af1,280,148,322,04cb903d8c692615b31fbb14f15d7ae0ee732fddbb17a30ebd4a1dd3834557ed
30,13,R3/21_whorl,R3,whorl,Pore ground truth/Fingerprint Images/R3/21_whorl.jpg,Pore ground truth/Ground truth/R3/21_whorl.tsv,718f1e92f674e4c9f200c1672c3e0b06a52e09fa2b0602fc241ba9437c711804,0cc948d9bcfa8a4ee63fab6f3134e1e57226df4790b42edff3fa58700e3b9af1,125,142,13,064acc98918b8d4ca526a843fc1f1bcb052a51524364a9aac71a05d1bd2d2f78
30,14,R3/21_whorl,R3,whorl,Pore ground truth/Fingerprint Images/R3/21_whorl.jpg,Pore ground truth/Ground truth/R3/21_whorl.tsv,718f1e92f674e4c9f200c1672c3e0b06a52e09fa2b0602fc241ba9437c711804,0cc948d9bcfa8a4ee63fab6f3134e1e57226df4790b42edff3fa58700e3b9af1,79,336,73,06c160103615339e65375a44f9565ef428d39cf88556c1e74be657527920d2cc
30,15,R3/21_whorl,R3,whorl,Pore ground truth/Fingerprint Images/R3/21_whorl.jpg,Pore ground truth/Ground truth/R3/21_whorl.tsv,718f1e92f674e4c9f200c1672c3e0b06a52e09fa2b0602fc241ba9437c711804,0cc948d9bcfa8a4ee63fab6f3134e1e57226df4790b42edff3fa58700e3b9af1,210,58,231,06e9641298518e66d42adaa8ad93298195a2d7cc2f9f7434674e395dfe48a29d
30,16,R3/21_whorl,R3,whorl,Pore ground truth/Fingerprint Images/R3/21_whorl.jpg,Pore ground truth/Ground truth/R3/21_whorl.tsv,718f1e92f674e4c9f200c1672c3e0b06a52e09fa2b0602fc241ba9437c711804,0cc948d9bcfa8a4ee63fab6f3134e1e57226df4790b42edff3fa58700e3b9af1,49,365,2,081b34c912d2bb6d090795101f7c25f96b53190ffd31e8618cda026c071f4184
30,17,R3/21_whorl,R3,whorl,Pore ground truth/Fingerprint Images/R3/21_whorl.jpg,Pore ground truth/Ground truth/R3/21_whorl.tsv,718f1e92f674e4c9f200c1672c3e0b06a52e09fa2b0602fc241ba9437c711804,0cc948d9bcfa8a4ee63fab6f3134e1e57226df4790b42edff3fa58700e3b9af1,133,286,39,094329296f9d59e63dd612213c976ecc6a35c9362affd9f4eda757a8d19085db
30,18,R3/21_whorl,R3,whorl,Pore ground truth/Fingerprint Images/R3/21_whorl.jpg,Pore ground truth/Ground truth/R3/21_whorl.tsv,718f1e92f674e4c9f200c1672c3e0b06a52e09fa2b0602fc241ba9437c711804,0cc948d9bcfa8a4ee63fab6f3134e1e57226df4790b42edff3fa58700e3b9af1,100,143,116,0997cebe52fc3533628b743583ce2b34c3e52b21eacf1bd206e6a6aff02a71c1
30,19,R3/21_whorl,R3,whorl,Pore ground truth/Fingerprint Images/R3/21_whorl.jpg,Pore ground truth/Ground truth/R3/21_whorl.tsv,718f1e92f674e4c9f200c1672c3e0b06a52e09fa2b0602fc241ba9437c711804,0cc948d9bcfa8a4ee63fab6f3134e1e57226df4790b42edff3fa58700e3b9af1,299,384,372,09a0db33a108698e9c9d22e5c25c3eb7ded6e33233e302fafb0a8da1cfc37bc1
30,20,R3/21_whorl,R3,whorl,Pore ground truth/Fingerprint Images/R3/21_whorl.jpg,Pore ground truth/Ground truth/R3/21_whorl.tsv,718f1e92f674e4c9f200c1672c3e0b06a52e09fa2b0602fc241ba9437c711804,0cc948d9bcfa8a4ee63fab6f3134e1e57226df4790b42edff3fa58700e3b9af1,367,499,286,0a0b21b212a744b9e16f8173874c7b43fbb7322f312be976d030d8e1d83b9e5d
31,1,R4/5_left_loop,R4,left_loop,Pore ground truth/Fingerprint Images/R4/5_left_loop.jpg,Pore ground truth/Ground truth/R4/5_left_loop.tsv,1b17b2e6425aef4bda78f4b99abec404c35dcec49b18f762b3b6a7dc99fd20c9,c5eb57d36965758898f187859d1ed47f0b200b9d50c0c57777617b4a6264e246,323,284,120,0019f42568ab05813c9d59dc1814996c1165c79de4ccd93d72cfbd10ce9a1edd
31,2,R4/5_left_loop,R4,left_loop,Pore ground truth/Fingerprint Images/R4/5_left_loop.jpg,Pore ground truth/Ground truth/R4/5_left_loop.tsv,1b17b2e6425aef4bda78f4b99abec404c35dcec49b18f762b3b6a7dc99fd20c9,c5eb57d36965758898f187859d1ed47f0b200b9d50c0c57777617b4a6264e246,34,422,105,00912b4cbbd8e8ecf8e308d4cb2cf085de72cec07eb2d11bef6a1df095794a5e
31,3,R4/5_left_loop,R4,left_loop,Pore ground truth/Fingerprint Images/R4/5_left_loop.jpg,Pore ground truth/Ground truth/R4/5_left_loop.tsv,1b17b2e6425aef4bda78f4b99abec404c35dcec49b18f762b3b6a7dc99fd20c9,c5eb57d36965758898f187859d1ed47f0b200b9d50c0c57777617b4a6264e246,470,484,147,03b6ec9fc35815afead0e88749047506e0913811ae082814eaeee7d94916bb44
31,4,R4/5_left_loop,R4,left_loop,Pore ground truth/Fingerprint Images/R4/5_left_loop.jpg,Pore ground truth/Ground truth/R4/5_left_loop.tsv,1b17b2e6425aef4bda78f4b99abec404c35dcec49b18f762b3b6a7dc99fd20c9,c5eb57d36965758898f187859d1ed47f0b200b9d50c0c57777617b4a6264e246,357,237,503,03f5bfe8b3c180666565ca8570dfaa845ff580c9710e481ea1cf17e8f2ab7acb
31,5,R4/5_left_loop,R4,left_loop,Pore ground truth/Fingerprint Images/R4/5_left_loop.jpg,Pore ground truth/Ground truth/R4/5_left_loop.tsv,1b17b2e6425aef4bda78f4b99abec404c35dcec49b18f762b3b6a7dc99fd20c9,c5eb57d36965758898f187859d1ed47f0b200b9d50c0c57777617b4a6264e246,196,108,428,04932dc3954c5e8459b2f3d4fe46b71f4d28e189fabb2e56367e4b3a6988c47e
31,6,R4/5_left_loop,R4,left_loop,Pore ground truth/Fingerprint Images/R4/5_left_loop.jpg,Pore ground truth/Ground truth/R4/5_left_loop.tsv,1b17b2e6425aef4bda78f4b99abec404c35dcec49b18f762b3b6a7dc99fd20c9,c5eb57d36965758898f187859d1ed47f0b200b9d50c0c57777617b4a6264e246,326,327,459,04ba09c8a2404f8310690d8078f9063176dc91485c96b297126455c770e29e53
31,7,R4/5_left_loop,R4,left_loop,Pore ground truth/Fingerprint Images/R4/5_left_loop.jpg,Pore ground truth/Ground truth/R4/5_left_loop.tsv,1b17b2e6425aef4bda78f4b99abec404c35dcec49b18f762b3b6a7dc99fd20c9,c5eb57d36965758898f187859d1ed47f0b200b9d50c0c57777617b4a6264e246,387,413,283,069e3f6716d6ee1c7190f51216d28f53815bcf717218c87e49bc939a5ad093c0
31,8,R4/5_left_loop,R4,left_loop,Pore ground truth/Fingerprint Images/R4/5_left_loop.jpg,Pore ground truth/Ground truth/R4/5_left_loop.tsv,1b17b2e6425aef4bda78f4b99abec404c35dcec49b18f762b3b6a7dc99fd20c9,c5eb57d36965758898f187859d1ed47f0b200b9d50c0c57777617b4a6264e246,350,247,255,0715853b4eb268784536792c7efdbcf52014af67c67f21ca363a4d1bff19aa7c
31,9,R4/5_left_loop,R4,left_loop,Pore ground truth/Fingerprint Images/R4/5_left_loop.jpg,Pore ground truth/Ground truth/R4/5_left_loop.tsv,1b17b2e6425aef4bda78f4b99abec404c35dcec49b18f762b3b6a7dc99fd20c9,c5eb57d36965758898f187859d1ed47f0b200b9d50c0c57777617b4a6264e246,252,178,9,07408d090cb505ef840f007c21a7ae377d50632b63a024b1b99e44d584c9e68c
31,10,R4/5_left_loop,R4,left_loop,Pore ground truth/Fingerprint Images/R4/5_left_loop.jpg,Pore ground truth/Ground truth/R4/5_left_loop.tsv,1b17b2e6425aef4bda78f4b99abec404c35dcec49b18f762b3b6a7dc99fd20c9,c5eb57d36965758898f187859d1ed47f0b200b9d50c0c57777617b4a6264e246,2,474,26,0903bcb1c7e3fa981c6d0cab7a6accbef2e19efa6457da68ee2c1dcc6d8cd0a3
31,11,R4/5_left_loop,R4,left_loop,Pore ground truth/Fingerprint Images/R4/5_left_loop.jpg,Pore ground truth/Ground truth/R4/5_left_loop.tsv,1b17b2e6425aef4bda78f4b99abec404c35dcec49b18f762b3b6a7dc99fd20c9,c5eb57d36965758898f187859d1ed47f0b200b9d50c0c57777617b4a6264e246,379,371,162,0973f0f7f02a08d8fdfa47350a605174b66bd980d4a3d315150a5ea95b73e35b
31,12,R4/5_left_loop,R4,left_loop,Pore ground truth/Fingerprint Images/R4/5_left_loop.jpg,Pore ground truth/Ground truth/R4/5_left_loop.tsv,1b17b2e6425aef4bda78f4b99abec404c35dcec49b18f762b3b6a7dc99fd20c9,c5eb57d36965758898f187859d1ed47f0b200b9d50c0c57777617b4a6264e246,153,309,449,09ddac9e2f991a1bb317975c692496fe6f2e28733448540a66f41aad50bed580
31,13,R4/5_left_loop,R4,left_loop,Pore ground truth/Fingerprint Images/R4/5_left_loop.jpg,Pore ground truth/Ground truth/R4/5_left_loop.tsv,1b17b2e6425aef4bda78f4b99abec404c35dcec49b18f762b3b6a7dc99fd20c9,c5eb57d36965758898f187859d1ed47f0b200b9d50c0c57777617b4a6264e246,273,202,466,0a40dc71a4e6b8c68a05014268f68ddfac2ffd449ec104c2e0d43682bc1ee8e8
31,14,R4/5_left_loop,R4,left_loop,Pore ground truth/Fingerprint Images/R4/5_left_loop.jpg,Pore ground truth/Ground truth/R4/5_left_loop.tsv,1b17b2e6425aef4bda78f4b99abec404c35dcec49b18f762b3b6a7dc99fd20c9,c5eb57d36965758898f187859d1ed47f0b200b9d50c0c57777617b4a6264e246,125,87,309,0a79c41b82c721c60578bd8610ed414f95f100db7d989ada4f3b47fad933debd
31,15,R4/5_left_loop,R4,left_loop,Pore ground truth/Fingerprint Images/R4/5_left_loop.jpg,Pore ground truth/Ground truth/R4/5_left_loop.tsv,1b17b2e6425aef4bda78f4b99abec404c35dcec49b18f762b3b6a7dc99fd20c9,c5eb57d36965758898f187859d1ed47f0b200b9d50c0c57777617b4a6264e246,415,423,188,0b2e558f20907ed158d0a6008379458747df0b88d988bc8f0f5f0d13f26b02c6
31,16,R4/5_left_loop,R4,left_loop,Pore ground truth/Fingerprint Images/R4/5_left_loop.jpg,Pore ground truth/Ground truth/R4/5_left_loop.tsv,1b17b2e6425aef4bda78f4b99abec404c35dcec49b18f762b3b6a7dc99fd20c9,c5eb57d36965758898f187859d1ed47f0b200b9d50c0c57777617b4a6264e246,229,264,303,0b67ce5841924deae5a6c2160d3e04a8209e2caf09768635ad62b8a841027a5d
31,17,R4/5_left_loop,R4,left_loop,Pore ground truth/Fingerprint Images/R4/5_left_loop.jpg,Pore ground truth/Ground truth/R4/5_left_loop.tsv,1b17b2e6425aef4bda78f4b99abec404c35dcec49b18f762b3b6a7dc99fd20c9,c5eb57d36965758898f187859d1ed47f0b200b9d50c0c57777617b4a6264e246,126,95,290,0b71b4a35a60455899221abbba4282bcfcdd896e13911bb773c8dce5c1f7b7f4
31,18,R4/5_left_loop,R4,left_loop,Pore ground truth/Fingerprint Images/R4/5_left_loop.jpg,Pore ground truth/Ground truth/R4/5_left_loop.tsv,1b17b2e6425aef4bda78f4b99abec404c35dcec49b18f762b3b6a7dc99fd20c9,c5eb57d36965758898f187859d1ed47f0b200b9d50c0c57777617b4a6264e246,234,241,207,0c9b01f32a896a24fc6a7c169cbf68840eb064d723296affaf29ecb0378bb1b0
31,19,R4/5_left_loop,R4,left_loop,Pore ground truth/Fingerprint Images/R4/5_left_loop.jpg,Pore ground truth/Ground truth/R4/5_left_loop.tsv,1b17b2e6425aef4bda78f4b99abec404c35dcec49b18f762b3b6a7dc99fd20c9,c5eb57d36965758898f187859d1ed47f0b200b9d50c0c57777617b4a6264e246,127,104,267,0cf3cce1fb4c88b4c575cc8b0d26ecef5b0ad419a1dea11ed62873f765455f0e
31,20,R4/5_left_loop,R4,left_loop,Pore ground truth/Fingerprint Images/R4/5_left_loop.jpg,Pore ground truth/Ground truth/R4/5_left_loop.tsv,1b17b2e6425aef4bda78f4b99abec404c35dcec49b18f762b3b6a7dc99fd20c9,c5eb57d36965758898f187859d1ed47f0b200b9d50c0c57777617b4a6264e246,267,495,9,0ddb65dcaa3f3553311c9f8becebfbfe1f34d155f94fabb5ce4bd1d8470effb7
32,1,R4/4_plain_arch,R4,plain_arch,Pore ground truth/Fingerprint Images/R4/4_plain_arch.jpg,Pore ground truth/Ground truth/R4/4_plain_arch.tsv,d2a071092860c3fe24aba916cc1b16a4d4e179d486cf0fa238b227e3cec2ca7a,750e481ce778f7f8e10e479cb23690b95568841f922cd57b1f6739e334c9804d,200,476,396,009a89fddc70eb597db90eb85a709cb1cfffdd9e944217f02dc76832aebe96aa
32,2,R4/4_plain_arch,R4,plain_arch,Pore ground truth/Fingerprint Images/R4/4_plain_arch.jpg,Pore ground truth/Ground truth/R4/4_plain_arch.tsv,d2a071092860c3fe24aba916cc1b16a4d4e179d486cf0fa238b227e3cec2ca7a,750e481ce778f7f8e10e479cb23690b95568841f922cd57b1f6739e334c9804d,151,44,215,015ffdb36df8f2f75cc862f1c0f5f0d4752503f6df8542372dd94ea4d4e39f4c
32,3,R4/4_plain_arch,R4,plain_arch,Pore ground truth/Fingerprint Images/R4/4_plain_arch.jpg,Pore ground truth/Ground truth/R4/4_plain_arch.tsv,d2a071092860c3fe24aba916cc1b16a4d4e179d486cf0fa238b227e3cec2ca7a,750e481ce778f7f8e10e479cb23690b95568841f922cd57b1f6739e334c9804d,218,367,171,0272ca81198da0f0a259fbb6abe674e97cc3f24083ceb821a2b143c7ba0339f6
32,4,R4/4_plain_arch,R4,plain_arch,Pore ground truth/Fingerprint Images/R4/4_plain_arch.jpg,Pore ground truth/Ground truth/R4/4_plain_arch.tsv,d2a071092860c3fe24aba916cc1b16a4d4e179d486cf0fa238b227e3cec2ca7a,750e481ce778f7f8e10e479cb23690b95568841f922cd57b1f6739e334c9804d,236,306,483,02a28abf315bab9e20b6269b50f7b5d4a41033898f136e130ddff2c0c696856a
32,5,R4/4_plain_arch,R4,plain_arch,Pore ground truth/Fingerprint Images/R4/4_plain_arch.jpg,Pore ground truth/Ground truth/R4/4_plain_arch.tsv,d2a071092860c3fe24aba916cc1b16a4d4e179d486cf0fa238b227e3cec2ca7a,750e481ce778f7f8e10e479cb23690b95568841f922cd57b1f6739e334c9804d,348,327,99,02ff5fcc33497729c714dfe7d8ed88d1e6fffcf95347fd202f6ce0d016969948
32,6,R4/4_plain_arch,R4,plain_arch,Pore ground truth/Fingerprint Images/R4/4_plain_arch.jpg,Pore ground truth/Ground truth/R4/4_plain_arch.tsv,d2a071092860c3fe24aba916cc1b16a4d4e179d486cf0fa238b227e3cec2ca7a,750e481ce778f7f8e10e479cb23690b95568841f922cd57b1f6739e334c9804d,122,53,149,03994fc6d42b5a2dd78c21aac669d9ee410c2a9306f74c88b3a6f86d8a1e147d
32,7,R4/4_plain_arch,R4,plain_arch,Pore ground truth/Fingerprint Images/R4/4_plain_arch.jpg,Pore ground truth/Ground truth/R4/4_plain_arch.tsv,d2a071092860c3fe24aba916cc1b16a4d4e179d486cf0fa238b227e3cec2ca7a,750e481ce778f7f8e10e479cb23690b95568841f922cd57b1f6739e334c9804d,74,68,474,04509b9859095b00da4a6747779f7ea8f162a2539534a4e28cf2a7bcea687f47
32,8,R4/4_plain_arch,R4,plain_arch,Pore ground truth/Fingerprint Images/R4/4_plain_arch.jpg,Pore ground truth/Ground truth/R4/4_plain_arch.tsv,d2a071092860c3fe24aba916cc1b16a4d4e179d486cf0fa238b227e3cec2ca7a,750e481ce778f7f8e10e479cb23690b95568841f922cd57b1f6739e334c9804d,247,147,225,05579e8ca09d4b7ad0cb0359f060cf620c2c69694edebd05b4e6b3b696dcb757
32,9,R4/4_plain_arch,R4,plain_arch,Pore ground truth/Fingerprint Images/R4/4_plain_arch.jpg,Pore ground truth/Ground truth/R4/4_plain_arch.tsv,d2a071092860c3fe24aba916cc1b16a4d4e179d486cf0fa238b227e3cec2ca7a,750e481ce778f7f8e10e479cb23690b95568841f922cd57b1f6739e334c9804d,270,189,134,064932764dc9aa2abad08a7487d29819c8ef614791959f97242c6600b4be1cef
32,10,R4/4_plain_arch,R4,plain_arch,Pore ground truth/Fingerprint Images/R4/4_plain_arch.jpg,Pore ground truth/Ground truth/R4/4_plain_arch.tsv,d2a071092860c3fe24aba916cc1b16a4d4e179d486cf0fa238b227e3cec2ca7a,750e481ce778f7f8e10e479cb23690b95568841f922cd57b1f6739e334c9804d,301,222,222,069fb76de194e3e22999fc27d584bd4e14d90d690f53140d980594e50fb1f660
32,11,R4/4_plain_arch,R4,plain_arch,Pore ground truth/Fingerprint Images/R4/4_plain_arch.jpg,Pore ground truth/Ground truth/R4/4_plain_arch.tsv,d2a071092860c3fe24aba916cc1b16a4d4e179d486cf0fa238b227e3cec2ca7a,750e481ce778f7f8e10e479cb23690b95568841f922cd57b1f6739e334c9804d,256,347,197,06d016ef7848de598576f293ea66778bd918339e854369898f6d5b780b26f3d5
32,12,R4/4_plain_arch,R4,plain_arch,Pore ground truth/Fingerprint Images/R4/4_plain_arch.jpg,Pore ground truth/Ground truth/R4/4_plain_arch.tsv,d2a071092860c3fe24aba916cc1b16a4d4e179d486cf0fa238b227e3cec2ca7a,750e481ce778f7f8e10e479cb23690b95568841f922cd57b1f6739e334c9804d,133,224,6,07b78f7bf0c41baf723ecf6249f7526ccff716a65d33e1ffce4a99b0bbc7a1f9
32,13,R4/4_plain_arch,R4,plain_arch,Pore ground truth/Fingerprint Images/R4/4_plain_arch.jpg,Pore ground truth/Ground truth/R4/4_plain_arch.tsv,d2a071092860c3fe24aba916cc1b16a4d4e179d486cf0fa238b227e3cec2ca7a,750e481ce778f7f8e10e479cb23690b95568841f922cd57b1f6739e334c9804d,317,229,73,080da14ab159814ffec29550d47eb0695d2d442f4644add0c339e9a4e4721aea
32,14,R4/4_plain_arch,R4,plain_arch,Pore ground truth/Fingerprint Images/R4/4_plain_arch.jpg,Pore ground truth/Ground truth/R4/4_plain_arch.tsv,d2a071092860c3fe24aba916cc1b16a4d4e179d486cf0fa238b227e3cec2ca7a,750e481ce778f7f8e10e479cb23690b95568841f922cd57b1f6739e334c9804d,276,381,141,08d454d9d348c092e81e251d6b94f4eb1aca601648d9319176c3a9b043506149
32,15,R4/4_plain_arch,R4,plain_arch,Pore ground truth/Fingerprint Images/R4/4_plain_arch.jpg,Pore ground truth/Ground truth/R4/4_plain_arch.tsv,d2a071092860c3fe24aba916cc1b16a4d4e179d486cf0fa238b227e3cec2ca7a,750e481ce778f7f8e10e479cb23690b95568841f922cd57b1f6739e334c9804d,75,92,461,09065ca0e98b73abb37ff38c6abb22d7d5f5332e59caa3494f78a76ec47a9f73
32,16,R4/4_plain_arch,R4,plain_arch,Pore ground truth/Fingerprint Images/R4/4_plain_arch.jpg,Pore ground truth/Ground truth/R4/4_plain_arch.tsv,d2a071092860c3fe24aba916cc1b16a4d4e179d486cf0fa238b227e3cec2ca7a,750e481ce778f7f8e10e479cb23690b95568841f922cd57b1f6739e334c9804d,22,436,41,094f10559edea24466a0277455ef5769a4022c1bb992d22024f9f55409846465
32,17,R4/4_plain_arch,R4,plain_arch,Pore ground truth/Fingerprint Images/R4/4_plain_arch.jpg,Pore ground truth/Ground truth/R4/4_plain_arch.tsv,d2a071092860c3fe24aba916cc1b16a4d4e179d486cf0fa238b227e3cec2ca7a,750e481ce778f7f8e10e479cb23690b95568841f922cd57b1f6739e334c9804d,293,200,314,09ab489743b62e495ef2c02c46a521101041ae900724bc348333b88d1baef0f7
32,18,R4/4_plain_arch,R4,plain_arch,Pore ground truth/Fingerprint Images/R4/4_plain_arch.jpg,Pore ground truth/Ground truth/R4/4_plain_arch.tsv,d2a071092860c3fe24aba916cc1b16a4d4e179d486cf0fa238b227e3cec2ca7a,750e481ce778f7f8e10e479cb23690b95568841f922cd57b1f6739e334c9804d,125,106,81,09d65fa094d275a3bcc294ea6b6cced1fed5a8a94c4122932795a4546c4c2a86
32,19,R4/4_plain_arch,R4,plain_arch,Pore ground truth/Fingerprint Images/R4/4_plain_arch.jpg,Pore ground truth/Ground truth/R4/4_plain_arch.tsv,d2a071092860c3fe24aba916cc1b16a4d4e179d486cf0fa238b227e3cec2ca7a,750e481ce778f7f8e10e479cb23690b95568841f922cd57b1f6739e334c9804d,21,432,33,0bca66cb8608cf81bb6a7faa72e1991df810bc9f357832d450b11eadc15a31ac
32,20,R4/4_plain_arch,R4,plain_arch,Pore ground truth/Fingerprint Images/R4/4_plain_arch.jpg,Pore ground truth/Ground truth/R4/4_plain_arch.tsv,d2a071092860c3fe24aba916cc1b16a4d4e179d486cf0fa238b227e3cec2ca7a,750e481ce778f7f8e10e479cb23690b95568841f922cd57b1f6739e334c9804d,45,136,309,0bff0ffc130468d0e3d33542c498fd252b839481b211a4ea601f328a89e19485
33,1,R4/21_right_loop,R4,right_loop,Pore ground truth/Fingerprint Images/R4/21_right_loop.jpg,Pore ground truth/Ground truth/R4/21_right_loop.tsv,7c2aebda500db6eab7a16934547a4514ba8307dbe4a965e893bf2b4507dc4ede,e539166afac26ec2f5214756f8ac90191c38c9a55d117f6b98940ebe5fb24efd,302,446,429,00365c97b032e9ca069f4772abcd3b01d90985b631717c52ccd975f687763d95
33,2,R4/21_right_loop,R4,right_loop,Pore ground truth/Fingerprint Images/R4/21_right_loop.jpg,Pore ground truth/Ground truth/R4/21_right_loop.tsv,7c2aebda500db6eab7a16934547a4514ba8307dbe4a965e893bf2b4507dc4ede,e539166afac26ec2f5214756f8ac90191c38c9a55d117f6b98940ebe5fb24efd,129,148,454,00c5b8891dc3435a2e6c1a64d433be01a5876385bab376cbfb631ecf2db11ee3
33,3,R4/21_right_loop,R4,right_loop,Pore ground truth/Fingerprint Images/R4/21_right_loop.jpg,Pore ground truth/Ground truth/R4/21_right_loop.tsv,7c2aebda500db6eab7a16934547a4514ba8307dbe4a965e893bf2b4507dc4ede,e539166afac26ec2f5214756f8ac90191c38c9a55d117f6b98940ebe5fb24efd,175,186,175,01b86dd4ab8f1c91fde9255560b120e2ca33df929060c4b7a34cb8fef95104cd
33,4,R4/21_right_loop,R4,right_loop,Pore ground truth/Fingerprint Images/R4/21_right_loop.jpg,Pore ground truth/Ground truth/R4/21_right_loop.tsv,7c2aebda500db6eab7a16934547a4514ba8307dbe4a965e893bf2b4507dc4ede,e539166afac26ec2f5214756f8ac90191c38c9a55d117f6b98940ebe5fb24efd,354,391,406,02a26d4acc531bddcdd91ed94cd7167db4dae0c30ec45fd57e5bf5f2a3f0ba57
33,5,R4/21_right_loop,R4,right_loop,Pore ground truth/Fingerprint Images/R4/21_right_loop.jpg,Pore ground truth/Ground truth/R4/21_right_loop.tsv,7c2aebda500db6eab7a16934547a4514ba8307dbe4a965e893bf2b4507dc4ede,e539166afac26ec2f5214756f8ac90191c38c9a55d117f6b98940ebe5fb24efd,9,5,254,03123c58b53ccec0c5ef57c34b4fdc99d025db2b78305df7145e6588ddc0ba98
33,6,R4/21_right_loop,R4,right_loop,Pore ground truth/Fingerprint Images/R4/21_right_loop.jpg,Pore ground truth/Ground truth/R4/21_right_loop.tsv,7c2aebda500db6eab7a16934547a4514ba8307dbe4a965e893bf2b4507dc4ede,e539166afac26ec2f5214756f8ac90191c38c9a55d117f6b98940ebe5fb24efd,369,394,318,031b46bf58d4b25a9932ffb1674ebb4694f843495163b52097c69db1b5a23368
33,7,R4/21_right_loop,R4,right_loop,Pore ground truth/Fingerprint Images/R4/21_right_loop.jpg,Pore ground truth/Ground truth/R4/21_right_loop.tsv,7c2aebda500db6eab7a16934547a4514ba8307dbe4a965e893bf2b4507dc4ede,e539166afac26ec2f5214756f8ac90191c38c9a55d117f6b98940ebe5fb24efd,362,348,181,03ced917d03b2f3b7831ad23a4e554679c13e546558fb5cc46e156d6ec94f399
33,8,R4/21_right_loop,R4,right_loop,Pore ground truth/Fingerprint Images/R4/21_right_loop.jpg,Pore ground truth/Ground truth/R4/21_right_loop.tsv,7c2aebda500db6eab7a16934547a4514ba8307dbe4a965e893bf2b4507dc4ede,e539166afac26ec2f5214756f8ac90191c38c9a55d117f6b98940ebe5fb24efd,85,106,457,054090c6213484e53eb5896cc8808b13a779a3cfa873b91feb683b27d70de2fc
33,9,R4/21_right_loop,R4,right_loop,Pore ground truth/Fingerprint Images/R4/21_right_loop.jpg,Pore ground truth/Ground truth/R4/21_right_loop.tsv,7c2aebda500db6eab7a16934547a4514ba8307dbe4a965e893bf2b4507dc4ede,e539166afac26ec2f5214756f8ac90191c38c9a55d117f6b98940ebe5fb24efd,29,9,465,05ee17dd480ff491d0c05c49e8ec0de0cdb7f35f848d583fcacf0514890a3a87
33,10,R4/21_right_loop,R4,right_loop,Pore ground truth/Fingerprint Images/R4/21_right_loop.jpg,Pore ground truth/Ground truth/R4/21_right_loop.tsv,7c2aebda500db6eab7a16934547a4514ba8307dbe4a965e893bf2b4507dc4ede,e539166afac26ec2f5214756f8ac90191c38c9a55d117f6b98940ebe5fb24efd,33,3,89,05f547ca61c02e8844abb0d238c4660e72ce5dc75116a52582be061c38a9c550
33,11,R4/21_right_loop,R4,right_loop,Pore ground truth/Fingerprint Images/R4/21_right_loop.jpg,Pore ground truth/Ground truth/R4/21_right_loop.tsv,7c2aebda500db6eab7a16934547a4514ba8307dbe4a965e893bf2b4507dc4ede,e539166afac26ec2f5214756f8ac90191c38c9a55d117f6b98940ebe5fb24efd,403,399,261,0845524c4f1d97e6cc9885a0c46ae5de0a30dde6afbf506c13ddac6bc16b832d
33,12,R4/21_right_loop,R4,right_loop,Pore ground truth/Fingerprint Images/R4/21_right_loop.jpg,Pore ground truth/Ground truth/R4/21_right_loop.tsv,7c2aebda500db6eab7a16934547a4514ba8307dbe4a965e893bf2b4507dc4ede,e539166afac26ec2f5214756f8ac90191c38c9a55d117f6b98940ebe5fb24efd,324,361,441,090224d10657b59a5a17b7c0fb623fdd858394d7f6c3248bf42e4461404a0c95
33,13,R4/21_right_loop,R4,right_loop,Pore ground truth/Fingerprint Images/R4/21_right_loop.jpg,Pore ground truth/Ground truth/R4/21_right_loop.tsv,7c2aebda500db6eab7a16934547a4514ba8307dbe4a965e893bf2b4507dc4ede,e539166afac26ec2f5214756f8ac90191c38c9a55d117f6b98940ebe5fb24efd,130,157,470,09581fa440d056cd4695aee13215090a34875fcd8fdd289ef94160e6425fc421
33,14,R4/21_right_loop,R4,right_loop,Pore ground truth/Fingerprint Images/R4/21_right_loop.jpg,Pore ground truth/Ground truth/R4/21_right_loop.tsv,7c2aebda500db6eab7a16934547a4514ba8307dbe4a965e893bf2b4507dc4ede,e539166afac26ec2f5214756f8ac90191c38c9a55d117f6b98940ebe5fb24efd,415,489,402,097adee3e6d38a931d31f117efa276915dbeb0a446c7480942e7a62316e89354
33,15,R4/21_right_loop,R4,right_loop,Pore ground truth/Fingerprint Images/R4/21_right_loop.jpg,Pore ground truth/Ground truth/R4/21_right_loop.tsv,7c2aebda500db6eab7a16934547a4514ba8307dbe4a965e893bf2b4507dc4ede,e539166afac26ec2f5214756f8ac90191c38c9a55d117f6b98940ebe5fb24efd,414,481,389,099af26aac4c6ce138658b211cdbc3b2d43ab7e1a441e60ee04731ddf8762cbb
33,16,R4/21_right_loop,R4,right_loop,Pore ground truth/Fingerprint Images/R4/21_right_loop.jpg,Pore ground truth/Ground truth/R4/21_right_loop.tsv,7c2aebda500db6eab7a16934547a4514ba8307dbe4a965e893bf2b4507dc4ede,e539166afac26ec2f5214756f8ac90191c38c9a55d117f6b98940ebe5fb24efd,183,230,391,0a3d727761a852f9816c4f95a0384396f375b525f5533332a99c07ff965ccb8b
33,17,R4/21_right_loop,R4,right_loop,Pore ground truth/Fingerprint Images/R4/21_right_loop.jpg,Pore ground truth/Ground truth/R4/21_right_loop.tsv,7c2aebda500db6eab7a16934547a4514ba8307dbe4a965e893bf2b4507dc4ede,e539166afac26ec2f5214756f8ac90191c38c9a55d117f6b98940ebe5fb24efd,67,84,315,0b507416c7a66195e89feb2259afbbfe9ac317f37d35c1d2e11dfc72104d047e
33,18,R4/21_right_loop,R4,right_loop,Pore ground truth/Fingerprint Images/R4/21_right_loop.jpg,Pore ground truth/Ground truth/R4/21_right_loop.tsv,7c2aebda500db6eab7a16934547a4514ba8307dbe4a965e893bf2b4507dc4ede,e539166afac26ec2f5214756f8ac90191c38c9a55d117f6b98940ebe5fb24efd,43,55,320,0c6ada643c7d2208ec757af44b0c99a5318b4e0aaf0bd1fc01facfff84067b92
33,19,R4/21_right_loop,R4,right_loop,Pore ground truth/Fingerprint Images/R4/21_right_loop.jpg,Pore ground truth/Ground truth/R4/21_right_loop.tsv,7c2aebda500db6eab7a16934547a4514ba8307dbe4a965e893bf2b4507dc4ede,e539166afac26ec2f5214756f8ac90191c38c9a55d117f6b98940ebe5fb24efd,71,99,224,0d456b938653a69149f3e6034e3345d85a88b71f854ce8b99967fa929ab0a826
33,20,R4/21_right_loop,R4,right_loop,Pore ground truth/Fingerprint Images/R4/21_right_loop.jpg,Pore ground truth/Ground truth/R4/21_right_loop.tsv,7c2aebda500db6eab7a16934547a4514ba8307dbe4a965e893bf2b4507dc4ede,e539166afac26ec2f5214756f8ac90191c38c9a55d117f6b98940ebe5fb24efd,190,278,489,0d5d7e3827e9507e87e815ca44b082d6fa757386e0c7f6fb0d1001bc994e5ad3
34,1,R4/33_right_loop,R4,right_loop,Pore ground truth/Fingerprint Images/R4/33_right_loop.jpg,Pore ground truth/Ground truth/R4/33_right_loop.tsv,00d6a80a2b676cf252a1844a05ee622494782f1afd37b4e6c05d1aafe97405e3,647a18ae7a70b90b7178376e11da5222950caa43d290e56c59ce8c78c2e0b3be,358,447,373,01e3b1ddb7fc00a6eec07cc54f49406db1cadcc869ff199d770f3b28d25a88cb
34,2,R4/33_right_loop,R4,right_loop,Pore ground truth/Fingerprint Images/R4/33_right_loop.jpg,Pore ground truth/Ground truth/R4/33_right_loop.tsv,00d6a80a2b676cf252a1844a05ee622494782f1afd37b4e6c05d1aafe97405e3,647a18ae7a70b90b7178376e11da5222950caa43d290e56c59ce8c78c2e0b3be,215,234,135,0382eb0f587d7698e1c56da553eb8e8968d0458e5373440b292f9d0d8af38add
34,3,R4/33_right_loop,R4,right_loop,Pore ground truth/Fingerprint Images/R4/33_right_loop.jpg,Pore ground truth/Ground truth/R4/33_right_loop.tsv,00d6a80a2b676cf252a1844a05ee622494782f1afd37b4e6c05d1aafe97405e3,647a18ae7a70b90b7178376e11da5222950caa43d290e56c59ce8c78c2e0b3be,51,164,468,03c02fb5dd878c155c0369ce4fc554afdde5e0797a4bd71ad476d5efbf5ed1b8
34,4,R4/33_right_loop,R4,right_loop,Pore ground truth/Fingerprint Images/R4/33_right_loop.jpg,Pore ground truth/Ground truth/R4/33_right_loop.tsv,00d6a80a2b676cf252a1844a05ee622494782f1afd37b4e6c05d1aafe97405e3,647a18ae7a70b90b7178376e11da5222950caa43d290e56c59ce8c78c2e0b3be,87,214,462,042f870353148a015f4ac058b05b22616ecc156b8c3361b6a1f43a1200a623f5
34,5,R4/33_right_loop,R4,right_loop,Pore ground truth/Fingerprint Images/R4/33_right_loop.jpg,Pore ground truth/Ground truth/R4/33_right_loop.tsv,00d6a80a2b676cf252a1844a05ee622494782f1afd37b4e6c05d1aafe97405e3,647a18ae7a70b90b7178376e11da5222950caa43d290e56c59ce8c78c2e0b3be,316,389,226,051663fd8e8ab19d16f4a9abbca6b420ca0c47e0418b984086e5a8dc2608e84d
34,6,R4/33_right_loop,R4,right_loop,Pore ground truth/Fingerprint Images/R4/33_right_loop.jpg,Pore ground truth/Ground truth/R4/33_right_loop.tsv,00d6a80a2b676cf252a1844a05ee622494782f1afd37b4e6c05d1aafe97405e3,647a18ae7a70b90b7178376e11da5222950caa43d290e56c59ce8c78c2e0b3be,213,193,185,055780f9a811e6ecb98d068efeb70315b7e1eedc19b4a0a1ef20acf95430fa4f
34,7,R4/33_right_loop,R4,right_loop,Pore ground truth/Fingerprint Images/R4/33_right_loop.jpg,Pore ground truth/Ground truth/R4/33_right_loop.tsv,00d6a80a2b676cf252a1844a05ee622494782f1afd37b4e6c05d1aafe97405e3,647a18ae7a70b90b7178376e11da5222950caa43d290e56c59ce8c78c2e0b3be,293,286,94,05a0393d4902c8b9a1e5b3c8662f4b89dc990524eba6eed8b0d4b58869e6577d
34,8,R4/33_right_loop,R4,right_loop,Pore ground truth/Fingerprint Images/R4/33_right_loop.jpg,Pore ground truth/Ground truth/R4/33_right_loop.tsv,00d6a80a2b676cf252a1844a05ee622494782f1afd37b4e6c05d1aafe97405e3,647a18ae7a70b90b7178376e11da5222950caa43d290e56c59ce8c78c2e0b3be,327,356,237,05e55f5cd09eca3b7416c124236600c79e0dff026081ac36636bbac919f1f984
34,9,R4/33_right_loop,R4,right_loop,Pore ground truth/Fingerprint Images/R4/33_right_loop.jpg,Pore ground truth/Ground truth/R4/33_right_loop.tsv,00d6a80a2b676cf252a1844a05ee622494782f1afd37b4e6c05d1aafe97405e3,647a18ae7a70b90b7178376e11da5222950caa43d290e56c59ce8c78c2e0b3be,136,266,464,07167dd86acc1d9f75f9ccb349028fceeb810b5f985ceeafc6630a5482aac779
34,10,R4/33_right_loop,R4,right_loop,Pore ground truth/Fingerprint Images/R4/33_right_loop.jpg,Pore ground truth/Ground truth/R4/33_right_loop.tsv,00d6a80a2b676cf252a1844a05ee622494782f1afd37b4e6c05d1aafe97405e3,647a18ae7a70b90b7178376e11da5222950caa43d290e56c59ce8c78c2e0b3be,147,140,281,07e4dd74ec3fa6944b6f567446baf8ab38461d115aecd17a18e32a9063c693ac
34,11,R4/33_right_loop,R4,right_loop,Pore ground truth/Fingerprint Images/R4/33_right_loop.jpg,Pore ground truth/Ground truth/R4/33_right_loop.tsv,00d6a80a2b676cf252a1844a05ee622494782f1afd37b4e6c05d1aafe97405e3,647a18ae7a70b90b7178376e11da5222950caa43d290e56c59ce8c78c2e0b3be,111,283,9,084d3f1ad21e065a1d6125a8dfff669e05801a1f22b39043784155f1a3bb88cb
34,12,R4/33_right_loop,R4,right_loop,Pore ground truth/Fingerprint Images/R4/33_right_loop.jpg,Pore ground truth/Ground truth/R4/33_right_loop.tsv,00d6a80a2b676cf252a1844a05ee622494782f1afd37b4e6c05d1aafe97405e3,647a18ae7a70b90b7178376e11da5222950caa43d290e56c59ce8c78c2e0b3be,107,193,48,08be42d3ab0686254f12c9d20ceb9912dfe2f243ac4f735677ea3d2a2595498c
34,13,R4/33_right_loop,R4,right_loop,Pore ground truth/Fingerprint Images/R4/33_right_loop.jpg,Pore ground truth/Ground truth/R4/33_right_loop.tsv,00d6a80a2b676cf252a1844a05ee622494782f1afd37b4e6c05d1aafe97405e3,647a18ae7a70b90b7178376e11da5222950caa43d290e56c59ce8c78c2e0b3be,148,139,284,0909d4af1b51014903181a7d715f320d669e8201cfcb2ae6feb8ae8d6d6d2f3b
34,14,R4/33_right_loop,R4,right_loop,Pore ground truth/Fingerprint Images/R4/33_right_loop.jpg,Pore ground truth/Ground truth/R4/33_right_loop.tsv,00d6a80a2b676cf252a1844a05ee622494782f1afd37b4e6c05d1aafe97405e3,647a18ae7a70b90b7178376e11da5222950caa43d290e56c59ce8c78c2e0b3be,15,53,500,09521e7bbe68188f43af5fcd0b907640cbb97eb0562b0a6617b5c2cba643ad11
34,15,R4/33_right_loop,R4,right_loop,Pore ground truth/Fingerprint Images/R4/33_right_loop.jpg,Pore ground truth/Ground truth/R4/33_right_loop.tsv,00d6a80a2b676cf252a1844a05ee622494782f1afd37b4e6c05d1aafe97405e3,647a18ae7a70b90b7178376e11da5222950caa43d290e56c59ce8c78c2e0b3be,29,73,73,0b344c25e4ad871605fd1179903534b50c8bc89402f5ef1528285328daba8745
34,16,R4/33_right_loop,R4,right_loop,Pore ground truth/Fingerprint Images/R4/33_right_loop.jpg,Pore ground truth/Ground truth/R4/33_right_loop.tsv,00d6a80a2b676cf252a1844a05ee622494782f1afd37b4e6c05d1aafe97405e3,647a18ae7a70b90b7178376e11da5222950caa43d290e56c59ce8c78c2e0b3be,285,383,399,0bae5296bc3924eb4b4cb1989fbe586ea7ef0a13f9a9b290c4941e22166f216c
34,17,R4/33_right_loop,R4,right_loop,Pore ground truth/Fingerprint Images/R4/33_right_loop.jpg,Pore ground truth/Ground truth/R4/33_right_loop.tsv,00d6a80a2b676cf252a1844a05ee622494782f1afd37b4e6c05d1aafe97405e3,647a18ae7a70b90b7178376e11da5222950caa43d290e56c59ce8c78c2e0b3be,3,34,23,0c33fa461bd0164b177b5a6cfa77fdd2c1ccdbd96da3b602dd29b483f0caec28
34,18,R4/33_right_loop,R4,right_loop,Pore ground truth/Fingerprint Images/R4/33_right_loop.jpg,Pore ground truth/Ground truth/R4/33_right_loop.tsv,00d6a80a2b676cf252a1844a05ee622494782f1afd37b4e6c05d1aafe97405e3,647a18ae7a70b90b7178376e11da5222950caa43d290e56c59ce8c78c2e0b3be,251,369,425,0c5496d59e09b41b1f452301f58b919d24064076f9e924f8504af0a8491d38b9
34,19,R4/33_right_loop,R4,right_loop,Pore ground truth/Fingerprint Images/R4/33_right_loop.jpg,Pore ground truth/Ground truth/R4/33_right_loop.tsv,00d6a80a2b676cf252a1844a05ee622494782f1afd37b4e6c05d1aafe97405e3,647a18ae7a70b90b7178376e11da5222950caa43d290e56c59ce8c78c2e0b3be,304,488,201,0c5fe417d8a5515f7406642903711030e0c9ebec333cb6fff477e2ed1b5e63b6
34,20,R4/33_right_loop,R4,right_loop,Pore ground truth/Fingerprint Images/R4/33_right_loop.jpg,Pore ground truth/Ground truth/R4/33_right_loop.tsv,00d6a80a2b676cf252a1844a05ee622494782f1afd37b4e6c05d1aafe97405e3,647a18ae7a70b90b7178376e11da5222950caa43d290e56c59ce8c78c2e0b3be,124,105,276,0d18f1f2ae1e946477919f2977d11c9ab0cd6b1e12c10bc7c1e5ab75917d697c
35,1,R4/14_right_loop,R4,right_loop,Pore ground truth/Fingerprint Images/R4/14_right_loop.jpg,Pore ground truth/Ground truth/R4/14_right_loop.tsv,1a766c0f8dfc6f3476eee4774a384f75885f701069dfaaeab61771880e024055,571275db305569d2284f814390a90f1001bb0e8f4dd55f9aa46e53516fda50fd,449,445,188,0105195fa8a3c08caa1fc777e5db131766319309d40d91b258bab544fd6c7e2f
35,2,R4/14_right_loop,R4,right_loop,Pore ground truth/Fingerprint Images/R4/14_right_loop.jpg,Pore ground truth/Ground truth/R4/14_right_loop.tsv,1a766c0f8dfc6f3476eee4774a384f75885f701069dfaaeab61771880e024055,571275db305569d2284f814390a90f1001bb0e8f4dd55f9aa46e53516fda50fd,103,112,345,0182df38f4821d87d346c8acbf6f05c88ce1133c70e2e1d4cbba41f678cd3777
35,3,R4/14_right_loop,R4,right_loop,Pore ground truth/Fingerprint Images/R4/14_right_loop.jpg,Pore ground truth/Ground truth/R4/14_right_loop.tsv,1a766c0f8dfc6f3476eee4774a384f75885f701069dfaaeab61771880e024055,571275db305569d2284f814390a90f1001bb0e8f4dd55f9aa46e53516fda50fd,2,2,343,01859a81a8bbcd98da8eaef680641b465e89de32df764bb05af2e461c58ce613
35,4,R4/14_right_loop,R4,right_loop,Pore ground truth/Fingerprint Images/R4/14_right_loop.jpg,Pore ground truth/Ground truth/R4/14_right_loop.tsv,1a766c0f8dfc6f3476eee4774a384f75885f701069dfaaeab61771880e024055,571275db305569d2284f814390a90f1001bb0e8f4dd55f9aa46e53516fda50fd,94,72,83,022c5d0bdeaa5588ed93793521eabc427d6374981ebf3954907cd9c6853d361d
35,5,R4/14_right_loop,R4,right_loop,Pore ground truth/Fingerprint Images/R4/14_right_loop.jpg,Pore ground truth/Ground truth/R4/14_right_loop.tsv,1a766c0f8dfc6f3476eee4774a384f75885f701069dfaaeab61771880e024055,571275db305569d2284f814390a90f1001bb0e8f4dd55f9aa46e53516fda50fd,403,479,338,02d93a5c8a3cdcf0214d8680cd06d0a0a1358d9ea7192209615e4b06b8673fde
35,6,R4/14_right_loop,R4,right_loop,Pore ground truth/Fingerprint Images/R4/14_right_loop.jpg,Pore ground truth/Ground truth/R4/14_right_loop.tsv,1a766c0f8dfc6f3476eee4774a384f75885f701069dfaaeab61771880e024055,571275db305569d2284f814390a90f1001bb0e8f4dd55f9aa46e53516fda50fd,227,454,30,033e1deca3f921ba8bbadd7e4405fdcce6a8f9208054bb4371138cb734349deb
35,7,R4/14_right_loop,R4,right_loop,Pore ground truth/Fingerprint Images/R4/14_right_loop.jpg,Pore ground truth/Ground truth/R4/14_right_loop.tsv,1a766c0f8dfc6f3476eee4774a384f75885f701069dfaaeab61771880e024055,571275db305569d2284f814390a90f1001bb0e8f4dd55f9aa46e53516fda50fd,259,225,112,03b2dd7d47da22233e8b065ebe6076f319b0d7dfab1e29ea16a6dfe3bd157cf7
35,8,R4/14_right_loop,R4,right_loop,Pore ground truth/Fingerprint Images/R4/14_right_loop.jpg,Pore ground truth/Ground truth/R4/14_right_loop.tsv,1a766c0f8dfc6f3476eee4774a384f75885f701069dfaaeab61771880e024055,571275db305569d2284f814390a90f1001bb0e8f4dd55f9aa46e53516fda50fd,294,478,150,04881a243714f37718cbb8a4ef696cac3bc758a32bfc8eb1ba8eca9547412fb4
35,9,R4/14_right_loop,R4,right_loop,Pore ground truth/Fingerprint Images/R4/14_right_loop.jpg,Pore ground truth/Ground truth/R4/14_right_loop.tsv,1a766c0f8dfc6f3476eee4774a384f75885f701069dfaaeab61771880e024055,571275db305569d2284f814390a90f1001bb0e8f4dd55f9aa46e53516fda50fd,456,435,478,04c6139b079c5d7775bba139be5111786a647ce08993b945f8c74160b9942a4d
35,10,R4/14_right_loop,R4,right_loop,Pore ground truth/Fingerprint Images/R4/14_right_loop.jpg,Pore ground truth/Ground truth/R4/14_right_loop.tsv,1a766c0f8dfc6f3476eee4774a384f75885f701069dfaaeab61771880e024055,571275db305569d2284f814390a90f1001bb0e8f4dd55f9aa46e53516fda50fd,12,4,171,0703d0727f90f75af5badcd18094b814db123266500e629e4082dcc4f6721bd2
35,11,R4/14_right_loop,R4,right_loop,Pore ground truth/Fingerprint Images/R4/14_right_loop.jpg,Pore ground truth/Ground truth/R4/14_right_loop.tsv,1a766c0f8dfc6f3476eee4774a384f75885f701069dfaaeab61771880e024055,571275db305569d2284f814390a90f1001bb0e8f4dd55f9aa46e53516fda50fd,365,418,372,079c0daacae268d37395e1fa8b334cb94afd2bf49405f2b115c80d1d6c136b76
35,12,R4/14_right_loop,R4,right_loop,Pore ground truth/Fingerprint Images/R4/14_right_loop.jpg,Pore ground truth/Ground truth/R4/14_right_loop.tsv,1a766c0f8dfc6f3476eee4774a384f75885f701069dfaaeab61771880e024055,571275db305569d2284f814390a90f1001bb0e8f4dd55f9aa46e53516fda50fd,161,151,45,07db5555ca73e3bed98dda2ae6fcdc245d5146be6e6f1ce9e72cadc066c138fa
35,13,R4/14_right_loop,R4,right_loop,Pore ground truth/Fingerprint Images/R4/14_right_loop.jpg,Pore ground truth/Ground truth/R4/14_right_loop.tsv,1a766c0f8dfc6f3476eee4774a384f75885f701069dfaaeab61771880e024055,571275db305569d2284f814390a90f1001bb0e8f4dd55f9aa46e53516fda50fd,304,331,324,08566ce7e3e22b5efda3b8da6b46084eae662629bf1b05d14198d0ac433b939a
35,14,R4/14_right_loop,R4,right_loop,Pore ground truth/Fingerprint Images/R4/14_right_loop.jpg,Pore ground truth/Ground truth/R4/14_right_loop.tsv,1a766c0f8dfc6f3476eee4774a384f75885f701069dfaaeab61771880e024055,571275db305569d2284f814390a90f1001bb0e8f4dd55f9aa46e53516fda50fd,135,122,127,0969dfc778324bfdb9f2a7d94f7ed3bd87550313eafb206ae106ed294b6a7ddf
35,15,R4/14_right_loop,R4,right_loop,Pore ground truth/Fingerprint Images/R4/14_right_loop.jpg,Pore ground truth/Ground truth/R4/14_right_loop.tsv,1a766c0f8dfc6f3476eee4774a384f75885f701069dfaaeab61771880e024055,571275db305569d2284f814390a90f1001bb0e8f4dd55f9aa46e53516fda50fd,218,323,441,0a00b46b34723f285d2c1531597e831385891b29872b53ffbb153aa2a48ccc78
35,16,R4/14_right_loop,R4,right_loop,Pore ground truth/Fingerprint Images/R4/14_right_loop.jpg,Pore ground truth/Ground truth/R4/14_right_loop.tsv,1a766c0f8dfc6f3476eee4774a384f75885f701069dfaaeab61771880e024055,571275db305569d2284f814390a90f1001bb0e8f4dd55f9aa46e53516fda50fd,51,67,409,0a1916b17fa8fb527600fc2bc5798ca8f9c21460758597ac353d6b8c9367fed4
35,17,R4/14_right_loop,R4,right_loop,Pore ground truth/Fingerprint Images/R4/14_right_loop.jpg,Pore ground truth/Ground truth/R4/14_right_loop.tsv,1a766c0f8dfc6f3476eee4774a384f75885f701069dfaaeab61771880e024055,571275db305569d2284f814390a90f1001bb0e8f4dd55f9aa46e53516fda50fd,150,223,419,0c6cc4cbb1b8e7335b6be1561cab296aafaf5bf54e96124192a1c938ac2da141
35,18,R4/14_right_loop,R4,right_loop,Pore ground truth/Fingerprint Images/R4/14_right_loop.jpg,Pore ground truth/Ground truth/R4/14_right_loop.tsv,1a766c0f8dfc6f3476eee4774a384f75885f701069dfaaeab61771880e024055,571275db305569d2284f814390a90f1001bb0e8f4dd55f9aa46e53516fda50fd,228,470,51,0c7a7f1ab5742e11eeacdcd9e8ce477741adf7bb622aada1e4177378d90c88dc
35,19,R4/14_right_loop,R4,right_loop,Pore ground truth/Fingerprint Images/R4/14_right_loop.jpg,Pore ground truth/Ground truth/R4/14_right_loop.tsv,1a766c0f8dfc6f3476eee4774a384f75885f701069dfaaeab61771880e024055,571275db305569d2284f814390a90f1001bb0e8f4dd55f9aa46e53516fda50fd,352,281,511,0c8324f398cfe9646f2694978ec943ddac2939c711709580f7aadad968c7a89a
35,20,R4/14_right_loop,R4,right_loop,Pore ground truth/Fingerprint Images/R4/14_right_loop.jpg,Pore ground truth/Ground truth/R4/14_right_loop.tsv,1a766c0f8dfc6f3476eee4774a384f75885f701069dfaaeab61771880e024055,571275db305569d2284f814390a90f1001bb0e8f4dd55f9aa46e53516fda50fd,73,121,481,0caee96017a2a83f9d9d18639cfb69aa91215288a23dda76758df68e9768e39c
36,1,R4/44_right_loop,R4,right_loop,Pore ground truth/Fingerprint Images/R4/44_right_loop.jpg,Pore ground truth/Ground truth/R4/44_right_loop.tsv,c77c816986ae487619d5b3357022d2d6e520ffbf0d3a0a33b84c30775bf58c02,26d418807936d690fbe73f9b9e2806105fa37a06345edcb0a653bf4154606d8e,314,322,324,005b6cac9ea4dc2cbd6702ad3e379256b7392825fbda621989f412646dfa6d04
36,2,R4/44_right_loop,R4,right_loop,Pore ground truth/Fingerprint Images/R4/44_right_loop.jpg,Pore ground truth/Ground truth/R4/44_right_loop.tsv,c77c816986ae487619d5b3357022d2d6e520ffbf0d3a0a33b84c30775bf58c02,26d418807936d690fbe73f9b9e2806105fa37a06345edcb0a653bf4154606d8e,72,34,437,00b7c821ab3b65cdf2efaa71f82c2ca015c0d316446fc5a2e5a57749373cf6e9
36,3,R4/44_right_loop,R4,right_loop,Pore ground truth/Fingerprint Images/R4/44_right_loop.jpg,Pore ground truth/Ground truth/R4/44_right_loop.tsv,c77c816986ae487619d5b3357022d2d6e520ffbf0d3a0a33b84c30775bf58c02,26d418807936d690fbe73f9b9e2806105fa37a06345edcb0a653bf4154606d8e,24,114,10,00c9934b84099a508177adc729370ff0e384a0aefc7f3f1ae5179f34834c747d
36,4,R4/44_right_loop,R4,right_loop,Pore ground truth/Fingerprint Images/R4/44_right_loop.jpg,Pore ground truth/Ground truth/R4/44_right_loop.tsv,c77c816986ae487619d5b3357022d2d6e520ffbf0d3a0a33b84c30775bf58c02,26d418807936d690fbe73f9b9e2806105fa37a06345edcb0a653bf4154606d8e,403,458,403,01258f25e64c4ed47344745a19a7241609584f1f4561190ff997f4140b6ace58
36,5,R4/44_right_loop,R4,right_loop,Pore ground truth/Fingerprint Images/R4/44_right_loop.jpg,Pore ground truth/Ground truth/R4/44_right_loop.tsv,c77c816986ae487619d5b3357022d2d6e520ffbf0d3a0a33b84c30775bf58c02,26d418807936d690fbe73f9b9e2806105fa37a06345edcb0a653bf4154606d8e,152,177,474,01bcf0069955affe9e4f5228c159a140714051bf256695f03d368bb7e87061f0
36,6,R4/44_right_loop,R4,right_loop,Pore ground truth/Fingerprint Images/R4/44_right_loop.jpg,Pore ground truth/Ground truth/R4/44_right_loop.tsv,c77c816986ae487619d5b3357022d2d6e520ffbf0d3a0a33b84c30775bf58c02,26d418807936d690fbe73f9b9e2806105fa37a06345edcb0a653bf4154606d8e,162,206,85,022b418cf78d6cec377aea9c87281bebbcaa53c97c9269ad1b527a6b53889f92
36,7,R4/44_right_loop,R4,right_loop,Pore ground truth/Fingerprint Images/R4/44_right_loop.jpg,Pore ground truth/Ground truth/R4/44_right_loop.tsv,c77c816986ae487619d5b3357022d2d6e520ffbf0d3a0a33b84c30775bf58c02,26d418807936d690fbe73f9b9e2806105fa37a06345edcb0a653bf4154606d8e,332,353,247,02973d8cb18bf57db7d81ced80a7b133984c7e72c9642bc4e5de515f4fdfa893
36,8,R4/44_right_loop,R4,right_loop,Pore ground truth/Fingerprint Images/R4/44_right_loop.jpg,Pore ground truth/Ground truth/R4/44_right_loop.tsv,c77c816986ae487619d5b3357022d2d6e520ffbf0d3a0a33b84c30775bf58c02,26d418807936d690fbe73f9b9e2806105fa37a06345edcb0a653bf4154606d8e,228,202,297,02baf624fa2efc0cc43f69b53a3a16ce63c1322cbdfc869ee9b780e007c47cba
36,9,R4/44_right_loop,R4,right_loop,Pore ground truth/Fingerprint Images/R4/44_right_loop.jpg,Pore ground truth/Ground truth/R4/44_right_loop.tsv,c77c816986ae487619d5b3357022d2d6e520ffbf0d3a0a33b84c30775bf58c02,26d418807936d690fbe73f9b9e2806105fa37a06345edcb0a653bf4154606d8e,273,418,170,02fc0ce1258f3026f8b6abcf59d3a88063cef22051f8f21d63591d1f8bea1410
36,10,R4/44_right_loop,R4,right_loop,Pore ground truth/Fingerprint Images/R4/44_right_loop.jpg,Pore ground truth/Ground truth/R4/44_right_loop.tsv,c77c816986ae487619d5b3357022d2d6e520ffbf0d3a0a33b84c30775bf58c02,26d418807936d690fbe73f9b9e2806105fa37a06345edcb0a653bf4154606d8e,8,22,89,033293ad5b118181c5421657871a7abbc53fd45b6a0a56404bb475dab1590abf
36,11,R4/44_right_loop,R4,right_loop,Pore ground truth/Fingerprint Images/R4/44_right_loop.jpg,Pore ground truth/Ground truth/R4/44_right_loop.tsv,c77c816986ae487619d5b3357022d2d6e520ffbf0d3a0a33b84c30775bf58c02,26d418807936d690fbe73f9b9e2806105fa37a06345edcb0a653bf4154606d8e,86,121,138,03913a55e30befc5d56f5f300e3670d6cfe3d6fa8a4eb72e53f4febaf15167cc
36,12,R4/44_right_loop,R4,right_loop,Pore ground truth/Fingerprint Images/R4/44_right_loop.jpg,Pore ground truth/Ground truth/R4/44_right_loop.tsv,c77c816986ae487619d5b3357022d2d6e520ffbf0d3a0a33b84c30775bf58c02,26d418807936d690fbe73f9b9e2806105fa37a06345edcb0a653bf4154606d8e,109,95,329,03b2dcebf77706a088a3d629982a3f71999e39fe802518123402d77a087ab8a7
36,13,R4/44_right_loop,R4,right_loop,Pore ground truth/Fingerprint Images/R4/44_right_loop.jpg,Pore ground truth/Ground truth/R4/44_right_loop.tsv,c77c816986ae487619d5b3357022d2d6e520ffbf0d3a0a33b84c30775bf58c02,26d418807936d690fbe73f9b9e2806105fa37a06345edcb0a653bf4154606d8e,300,432,300,03eaf1231b4e692d62f0d697872ed6e54db2dad74e4bf0259ef220846b3d2e8f
36,14,R4/44_right_loop,R4,right_loop,Pore ground truth/Fingerprint Images/R4/44_right_loop.jpg,Pore ground truth/Ground truth/R4/44_right_loop.tsv,c77c816986ae487619d5b3357022d2d6e520ffbf0d3a0a33b84c30775bf58c02,26d418807936d690fbe73f9b9e2806105fa37a06345edcb0a653bf4154606d8e,168,287,7,050e13c90687f467dd2721d8672b4d10e534dafa5d631acb8148e6d70e219ac2
36,15,R4/44_right_loop,R4,right_loop,Pore ground truth/Fingerprint Images/R4/44_right_loop.jpg,Pore ground truth/Ground truth/R4/44_right_loop.tsv,c77c816986ae487619d5b3357022d2d6e520ffbf0d3a0a33b84c30775bf58c02,26d418807936d690fbe73f9b9e2806105fa37a06345edcb0a653bf4154606d8e,265,293,92,05663696135e877f4e7eee2c1e5c83af9702ed92f30e9e617a45410eae53fbba
36,16,R4/44_right_loop,R4,right_loop,Pore ground truth/Fingerprint Images/R4/44_right_loop.jpg,Pore ground truth/Ground truth/R4/44_right_loop.tsv,c77c816986ae487619d5b3357022d2d6e520ffbf0d3a0a33b84c30775bf58c02,26d418807936d690fbe73f9b9e2806105fa37a06345edcb0a653bf4154606d8e,378,360,342,0659e4a9d4640e40a413c19b45606d52a5c0c169de6b474f75bb96d169a2673e
36,17,R4/44_right_loop,R4,right_loop,Pore ground truth/Fingerprint Images/R4/44_right_loop.jpg,Pore ground truth/Ground truth/R4/44_right_loop.tsv,c77c816986ae487619d5b3357022d2d6e520ffbf0d3a0a33b84c30775bf58c02,26d418807936d690fbe73f9b9e2806105fa37a06345edcb0a653bf4154606d8e,387,357,157,07069c7d326e6f2a3c475b277febea630f3297241ffff54af7ff5f5d7c696f9e
36,18,R4/44_right_loop,R4,right_loop,Pore ground truth/Fingerprint Images/R4/44_right_loop.jpg,Pore ground truth/Ground truth/R4/44_right_loop.tsv,c77c816986ae487619d5b3357022d2d6e520ffbf0d3a0a33b84c30775bf58c02,26d418807936d690fbe73f9b9e2806105fa37a06345edcb0a653bf4154606d8e,310,281,262,072152edf4972b2f72b6b89d56642245c373180acbff423cf2d8209b480ce610
36,19,R4/44_right_loop,R4,right_loop,Pore ground truth/Fingerprint Images/R4/44_right_loop.jpg,Pore ground truth/Ground truth/R4/44_right_loop.tsv,c77c816986ae487619d5b3357022d2d6e520ffbf0d3a0a33b84c30775bf58c02,26d418807936d690fbe73f9b9e2806105fa37a06345edcb0a653bf4154606d8e,210,427,131,07d50170dd82e8692398b9b107deae91ab8ec79692796952484990419cd0b676
36,20,R4/44_right_loop,R4,right_loop,Pore ground truth/Fingerprint Images/R4/44_right_loop.jpg,Pore ground truth/Ground truth/R4/44_right_loop.tsv,c77c816986ae487619d5b3357022d2d6e520ffbf0d3a0a33b84c30775bf58c02,26d418807936d690fbe73f9b9e2806105fa37a06345edcb0a653bf4154606d8e,89,137,87,098f5a4b38879a67bd0ade0bd51e1188d6b14eb6a54cb5410c4b9962495d5aaf
37,1,R4/3_tented_arch,R4,tented_arch,Pore ground truth/Fingerprint Images/R4/3_tented_arch.jpg,Pore ground truth/Ground truth/R4/3_tented_arch.tsv,50d57403c25721ddf0370d49f7722980469d94dc59d130fe58c0753a9bfc9e2c,244b55dd5174d6e707303acc2cd6947f50fdaee1d9cbf25e60c530218df2d449,168,186,495,012f5a79bf7d4a398b8a4440eef98e2630ea47ce0ea97f23fed9e7a601c81d76
37,2,R4/3_tented_arch,R4,tented_arch,Pore ground truth/Fingerprint Images/R4/3_tented_arch.jpg,Pore ground truth/Ground truth/R4/3_tented_arch.tsv,50d57403c25721ddf0370d49f7722980469d94dc59d130fe58c0753a9bfc9e2c,244b55dd5174d6e707303acc2cd6947f50fdaee1d9cbf25e60c530218df2d449,325,409,295,04a38a9f2c9f177f4c478d9c9426d886252da1a83159f9bd062058f2bf6e92c4
37,3,R4/3_tented_arch,R4,tented_arch,Pore ground truth/Fingerprint Images/R4/3_tented_arch.jpg,Pore ground truth/Ground truth/R4/3_tented_arch.tsv,50d57403c25721ddf0370d49f7722980469d94dc59d130fe58c0753a9bfc9e2c,244b55dd5174d6e707303acc2cd6947f50fdaee1d9cbf25e60c530218df2d449,81,172,190,04df5fa435c8da2494f27ec94fc56e986b1bd176a64130a4dadb78ca7bee13c1
37,4,R4/3_tented_arch,R4,tented_arch,Pore ground truth/Fingerprint Images/R4/3_tented_arch.jpg,Pore ground truth/Ground truth/R4/3_tented_arch.tsv,50d57403c25721ddf0370d49f7722980469d94dc59d130fe58c0753a9bfc9e2c,244b55dd5174d6e707303acc2cd6947f50fdaee1d9cbf25e60c530218df2d449,317,350,285,05126451eea4436ad236801986e8fc40c0c4a6ec9921a54b918fffd9425e0950
37,5,R4/3_tented_arch,R4,tented_arch,Pore ground truth/Fingerprint Images/R4/3_tented_arch.jpg,Pore ground truth/Ground truth/R4/3_tented_arch.tsv,50d57403c25721ddf0370d49f7722980469d94dc59d130fe58c0753a9bfc9e2c,244b55dd5174d6e707303acc2cd6947f50fdaee1d9cbf25e60c530218df2d449,194,346,94,05577ae344661b403a0e272df913cbf6eb51c1ba7bd10d73295d055bca3f3d31
37,6,R4/3_tented_arch,R4,tented_arch,Pore ground truth/Fingerprint Images/R4/3_tented_arch.jpg,Pore ground truth/Ground truth/R4/3_tented_arch.tsv,50d57403c25721ddf0370d49f7722980469d94dc59d130fe58c0753a9bfc9e2c,244b55dd5174d6e707303acc2cd6947f50fdaee1d9cbf25e60c530218df2d449,222,120,375,058783bca1cfa0aada857c2c8caab38934b726b6d326e46d3d1ff1b314ab3d6e
37,7,R4/3_tented_arch,R4,tented_arch,Pore ground truth/Fingerprint Images/R4/3_tented_arch.jpg,Pore ground truth/Ground truth/R4/3_tented_arch.tsv,50d57403c25721ddf0370d49f7722980469d94dc59d130fe58c0753a9bfc9e2c,244b55dd5174d6e707303acc2cd6947f50fdaee1d9cbf25e60c530218df2d449,248,392,370,06958897859c9889fed712896d7bd22419b4b9939f62503f1af607ce708d2721
37,8,R4/3_tented_arch,R4,tented_arch,Pore ground truth/Fingerprint Images/R4/3_tented_arch.jpg,Pore ground truth/Ground truth/R4/3_tented_arch.tsv,50d57403c25721ddf0370d49f7722980469d94dc59d130fe58c0753a9bfc9e2c,244b55dd5174d6e707303acc2cd6947f50fdaee1d9cbf25e60c530218df2d449,158,48,507,0698b9421f948cbda65ffb90ec0a49e3e704c8de9219c636039367347ae3296f
37,9,R4/3_tented_arch,R4,tented_arch,Pore ground truth/Fingerprint Images/R4/3_tented_arch.jpg,Pore ground truth/Ground truth/R4/3_tented_arch.tsv,50d57403c25721ddf0370d49f7722980469d94dc59d130fe58c0753a9bfc9e2c,244b55dd5174d6e707303acc2cd6947f50fdaee1d9cbf25e60c530218df2d449,267,239,387,06f9ff2917e16662ff83c4c1fac966bec0fe780d12c7f459278693a66874b296
37,10,R4/3_tented_arch,R4,tented_arch,Pore ground truth/Fingerprint Images/R4/3_tented_arch.jpg,Pore ground truth/Ground truth/R4/3_tented_arch.tsv,50d57403c25721ddf0370d49f7722980469d94dc59d130fe58c0753a9bfc9e2c,244b55dd5174d6e707303acc2cd6947f50fdaee1d9cbf25e60c530218df2d449,79,131,205,07ed590f9d399fa638d77b55904deb55f459beb0305eaf05a5648f6a46f93c16
37,11,R4/3_tented_arch,R4,tented_arch,Pore ground truth/Fingerprint Images/R4/3_tented_arch.jpg,Pore ground truth/Ground truth/R4/3_tented_arch.tsv,50d57403c25721ddf0370d49f7722980469d94dc59d130fe58c0753a9bfc9e2c,244b55dd5174d6e707303acc2cd6947f50fdaee1d9cbf25e60c530218df2d449,288,416,114,08718c1fbbdc723e574791e2c947ee262021507a9d2d02fce15fb43f8ec28e7c
37,12,R4/3_tented_arch,R4,tented_arch,Pore ground truth/Fingerprint Images/R4/3_tented_arch.jpg,Pore ground truth/Ground truth/R4/3_tented_arch.tsv,50d57403c25721ddf0370d49f7722980469d94dc59d130fe58c0753a9bfc9e2c,244b55dd5174d6e707303acc2cd6947f50fdaee1d9cbf25e60c530218df2d449,165,140,496,0886683feab89b121047e6a1733dfc30cae5452c33a26c81ad7aa20f9adc22f0
37,13,R4/3_tented_arch,R4,tented_arch,Pore ground truth/Fingerprint Images/R4/3_tented_arch.jpg,Pore ground truth/Ground truth/R4/3_tented_arch.tsv,50d57403c25721ddf0370d49f7722980469d94dc59d130fe58c0753a9bfc9e2c,244b55dd5174d6e707303acc2cd6947f50fdaee1d9cbf25e60c530218df2d449,16,287,55,0943afc21d7a69c70a27a3398b828ca265a3a7effe74019c15f8426f010a4e19
37,14,R4/3_tented_arch,R4,tented_arch,Pore ground truth/Fingerprint Images/R4/3_tented_arch.jpg,Pore ground truth/Ground truth/R4/3_tented_arch.tsv,50d57403c25721ddf0370d49f7722980469d94dc59d130fe58c0753a9bfc9e2c,244b55dd5174d6e707303acc2cd6947f50fdaee1d9cbf25e60c530218df2d449,86,291,193,099ea295ca344386897de8db0096591b59b163a5412a5e82afba01f7a07ba1fc
37,15,R4/3_tented_arch,R4,tented_arch,Pore ground truth/Fingerprint Images/R4/3_tented_arch.jpg,Pore ground truth/Ground truth/R4/3_tented_arch.tsv,50d57403c25721ddf0370d49f7722980469d94dc59d130fe58c0753a9bfc9e2c,244b55dd5174d6e707303acc2cd6947f50fdaee1d9cbf25e60c530218df2d449,321,461,10,0a3e89a5967598b2d029d2825169da10ca8345d89caa414833ffc8ae5f8d9c8a
37,16,R4/3_tented_arch,R4,tented_arch,Pore ground truth/Fingerprint Images/R4/3_tented_arch.jpg,Pore ground truth/Ground truth/R4/3_tented_arch.tsv,50d57403c25721ddf0370d49f7722980469d94dc59d130fe58c0753a9bfc9e2c,244b55dd5174d6e707303acc2cd6947f50fdaee1d9cbf25e60c530218df2d449,189,244,104,0a571e16f0346f50951ddb6f2ad29396133c72511a8923144c507bf50eef5341
37,17,R4/3_tented_arch,R4,tented_arch,Pore ground truth/Fingerprint Images/R4/3_tented_arch.jpg,Pore ground truth/Ground truth/R4/3_tented_arch.tsv,50d57403c25721ddf0370d49f7722980469d94dc59d130fe58c0753a9bfc9e2c,244b55dd5174d6e707303acc2cd6947f50fdaee1d9cbf25e60c530218df2d449,315,342,329,0c0a9bfb502a2bf892507797786944eeebe90f9978f8a4a45df6503b029bf325
37,18,R4/3_tented_arch,R4,tented_arch,Pore ground truth/Fingerprint Images/R4/3_tented_arch.jpg,Pore ground truth/Ground truth/R4/3_tented_arch.tsv,50d57403c25721ddf0370d49f7722980469d94dc59d130fe58c0753a9bfc9e2c,244b55dd5174d6e707303acc2cd6947f50fdaee1d9cbf25e60c530218df2d449,296,333,25,0f50d7790a925a885d0c60234e1e284848316dbe0e1fea3e53e95d3bf0f93567
37,19,R4/3_tented_arch,R4,tented_arch,Pore ground truth/Fingerprint Images/R4/3_tented_arch.jpg,Pore ground truth/Ground truth/R4/3_tented_arch.tsv,50d57403c25721ddf0370d49f7722980469d94dc59d130fe58c0753a9bfc9e2c,244b55dd5174d6e707303acc2cd6947f50fdaee1d9cbf25e60c530218df2d449,51,110,167,103fd648326e74cdc8cd68aeda58eab1b7fa755cfbbdf3596da91e65640d886f
37,20,R4/3_tented_arch,R4,tented_arch,Pore ground truth/Fingerprint Images/R4/3_tented_arch.jpg,Pore ground truth/Ground truth/R4/3_tented_arch.tsv,50d57403c25721ddf0370d49f7722980469d94dc59d130fe58c0753a9bfc9e2c,244b55dd5174d6e707303acc2cd6947f50fdaee1d9cbf25e60c530218df2d449,218,120,383,10e29ed29c416bc6cc448ac4ded7a3da7ebce75270d0ef80e26cd5570e342055
38,1,R4/59_whorl,R4,whorl,Pore ground truth/Fingerprint Images/R4/59_whorl.jpg,Pore ground truth/Ground truth/R4/59_whorl.tsv,2013506acf3b1569f81fb38409a8ac1d34de4fc1abcdb66b68ab071e419294bf,9a97a45df835757a4ae9d24acd6c39ea63baefc65c1f1d928b83f3c4eb071578,220,57,423,0006d5d38d7724bf805d042e175cd4f3c7e25a51fa47d3ded4674bd23bcbc10f
38,2,R4/59_whorl,R4,whorl,Pore ground truth/Fingerprint Images/R4/59_whorl.jpg,Pore ground truth/Ground truth/R4/59_whorl.tsv,2013506acf3b1569f81fb38409a8ac1d34de4fc1abcdb66b68ab071e419294bf,9a97a45df835757a4ae9d24acd6c39ea63baefc65c1f1d928b83f3c4eb071578,84,381,1,006b4055b43dc23ecf25f3531f4b84d5c623c99cd44063dcbcddbe68e41d183c
38,3,R4/59_whorl,R4,whorl,Pore ground truth/Fingerprint Images/R4/59_whorl.jpg,Pore ground truth/Ground truth/R4/59_whorl.tsv,2013506acf3b1569f81fb38409a8ac1d34de4fc1abcdb66b68ab071e419294bf,9a97a45df835757a4ae9d24acd6c39ea63baefc65c1f1d928b83f3c4eb071578,181,34,451,011a11792975b7a6c918bb0c9cf03463934130112dd4492c91b5f77bf37eb628
38,4,R4/59_whorl,R4,whorl,Pore ground truth/Fingerprint Images/R4/59_whorl.jpg,Pore ground truth/Ground truth/R4/59_whorl.tsv,2013506acf3b1569f81fb38409a8ac1d34de4fc1abcdb66b68ab071e419294bf,9a97a45df835757a4ae9d24acd6c39ea63baefc65c1f1d928b83f3c4eb071578,174,170,11,01337bed01fe851b8e7bb04dcaca615a2a490b3fde9130b4e9ebfbcbf66735ad
38,5,R4/59_whorl,R4,whorl,Pore ground truth/Fingerprint Images/R4/59_whorl.jpg,Pore ground truth/Ground truth/R4/59_whorl.tsv,2013506acf3b1569f81fb38409a8ac1d34de4fc1abcdb66b68ab071e419294bf,9a97a45df835757a4ae9d24acd6c39ea63baefc65c1f1d928b83f3c4eb071578,210,29,186,0210b48cdaa901daa4bdc1144a441f01aa94dde22a30c30441f6e18ee5b6e6a4
38,6,R4/59_whorl,R4,whorl,Pore ground truth/Fingerprint Images/R4/59_whorl.jpg,Pore ground truth/Ground truth/R4/59_whorl.tsv,2013506acf3b1569f81fb38409a8ac1d34de4fc1abcdb66b68ab071e419294bf,9a97a45df835757a4ae9d24acd6c39ea63baefc65c1f1d928b83f3c4eb071578,271,250,239,036d181b4d46d71d4c681927f2d4498f8212e29a68426f797322a33dfc0f7e20
38,7,R4/59_whorl,R4,whorl,Pore ground truth/Fingerprint Images/R4/59_whorl.jpg,Pore ground truth/Ground truth/R4/59_whorl.tsv,2013506acf3b1569f81fb38409a8ac1d34de4fc1abcdb66b68ab071e419294bf,9a97a45df835757a4ae9d24acd6c39ea63baefc65c1f1d928b83f3c4eb071578,119,156,137,03bd8a6bea42eb432e7b47e1de3e260d3ed50b065990252a5f188af58ea75b15
38,8,R4/59_whorl,R4,whorl,Pore ground truth/Fingerprint Images/R4/59_whorl.jpg,Pore ground truth/Ground truth/R4/59_whorl.tsv,2013506acf3b1569f81fb38409a8ac1d34de4fc1abcdb66b68ab071e419294bf,9a97a45df835757a4ae9d24acd6c39ea63baefc65c1f1d928b83f3c4eb071578,309,368,112,03bdba9c4041dc6f0a610d0cd668e921b1f882cc7ac977b0973644b5ca14707d
38,9,R4/59_whorl,R4,whorl,Pore ground truth/Fingerprint Images/R4/59_whorl.jpg,Pore ground truth/Ground truth/R4/59_whorl.tsv,2013506acf3b1569f81fb38409a8ac1d34de4fc1abcdb66b68ab071e419294bf,9a97a45df835757a4ae9d24acd6c39ea63baefc65c1f1d928b83f3c4eb071578,414,374,385,03d9bf2a408ac1520c89ce3d164b2de089e89d38e7422f18891031cc92ea7589
38,10,R4/59_whorl,R4,whorl,Pore ground truth/Fingerprint Images/R4/59_whorl.jpg,Pore ground truth/Ground truth/R4/59_whorl.tsv,2013506acf3b1569f81fb38409a8ac1d34de4fc1abcdb66b68ab071e419294bf,9a97a45df835757a4ae9d24acd6c39ea63baefc65c1f1d928b83f3c4eb071578,115,118,208,041b22a8ea5e8522ccd502f8a0751ae7cb488aaa2cb8949ba093b6c987dc5c3f
38,11,R4/59_whorl,R4,whorl,Pore ground truth/Fingerprint Images/R4/59_whorl.jpg,Pore ground truth/Ground truth/R4/59_whorl.tsv,2013506acf3b1569f81fb38409a8ac1d34de4fc1abcdb66b68ab071e419294bf,9a97a45df835757a4ae9d24acd6c39ea63baefc65c1f1d928b83f3c4eb071578,333,233,446,049631988bd24258f777d67ed3eb9ae068fc2ef4ad4cddbc82cc4d6b5c9407d9
38,12,R4/59_whorl,R4,whorl,Pore ground truth/Fingerprint Images/R4/59_whorl.jpg,Pore ground truth/Ground truth/R4/59_whorl.tsv,2013506acf3b1569f81fb38409a8ac1d34de4fc1abcdb66b68ab071e419294bf,9a97a45df835757a4ae9d24acd6c39ea63baefc65c1f1d928b83f3c4eb071578,389,242,269,0509a39fe13de82c17ee60bdd4b94a3f2e74adb52caaa01b45466a9161fd308c
38,13,R4/59_whorl,R4,whorl,Pore ground truth/Fingerprint Images/R4/59_whorl.jpg,Pore ground truth/Ground truth/R4/59_whorl.tsv,2013506acf3b1569f81fb38409a8ac1d34de4fc1abcdb66b68ab071e419294bf,9a97a45df835757a4ae9d24acd6c39ea63baefc65c1f1d928b83f3c4eb071578,394,191,227,0548a192fe6e24ed87eb953d5481b5841b1363fff19d5d86374567118b4443c2
38,14,R4/59_whorl,R4,whorl,Pore ground truth/Fingerprint Images/R4/59_whorl.jpg,Pore ground truth/Ground truth/R4/59_whorl.tsv,2013506acf3b1569f81fb38409a8ac1d34de4fc1abcdb66b68ab071e419294bf,9a97a45df835757a4ae9d24acd6c39ea63baefc65c1f1d928b83f3c4eb071578,350,94,493,05b3dee230d1bf78868572c8e823921a7f008913831c1bf842279ff36777cf74
38,15,R4/59_whorl,R4,whorl,Pore ground truth/Fingerprint Images/R4/59_whorl.jpg,Pore ground truth/Ground truth/R4/59_whorl.tsv,2013506acf3b1569f81fb38409a8ac1d34de4fc1abcdb66b68ab071e419294bf,9a97a45df835757a4ae9d24acd6c39ea63baefc65c1f1d928b83f3c4eb071578,258,168,247,05cf98596f7db336a82a2bdfd338c2a5720a0d11ee61a281a6729ec9bed76149
38,16,R4/59_whorl,R4,whorl,Pore ground truth/Fingerprint Images/R4/59_whorl.jpg,Pore ground truth/Ground truth/R4/59_whorl.tsv,2013506acf3b1569f81fb38409a8ac1d34de4fc1abcdb66b68ab071e419294bf,9a97a45df835757a4ae9d24acd6c39ea63baefc65c1f1d928b83f3c4eb071578,229,70,133,062579b6b624efefb76a680d832f1241c1d0de03b2c395eae16ae9b25d4701e2
38,17,R4/59_whorl,R4,whorl,Pore ground truth/Fingerprint Images/R4/59_whorl.jpg,Pore ground truth/Ground truth/R4/59_whorl.tsv,2013506acf3b1569f81fb38409a8ac1d34de4fc1abcdb66b68ab071e419294bf,9a97a45df835757a4ae9d24acd6c39ea63baefc65c1f1d928b83f3c4eb071578,107,217,354,065c53207a8a2fd30c422885aa0abe8d49309e2259de8e4983aa4509983b28c2
38,18,R4/59_whorl,R4,whorl,Pore ground truth/Fingerprint Images/R4/59_whorl.jpg,Pore ground truth/Ground truth/R4/59_whorl.tsv,2013506acf3b1569f81fb38409a8ac1d34de4fc1abcdb66b68ab071e419294bf,9a97a45df835757a4ae9d24acd6c39ea63baefc65c1f1d928b83f3c4eb071578,509,304,13,0665a47b8a4f673aaee1cbad7edc51a8eaf3b5f507165fe79d27c71d5329e2f3
38,19,R4/59_whorl,R4,whorl,Pore ground truth/Fingerprint Images/R4/59_whorl.jpg,Pore ground truth/Ground truth/R4/59_whorl.tsv,2013506acf3b1569f81fb38409a8ac1d34de4fc1abcdb66b68ab071e419294bf,9a97a45df835757a4ae9d24acd6c39ea63baefc65c1f1d928b83f3c4eb071578,7,383,508,07577a653d8a23c78cd4407c1be620f84a4e8fc8e82ec842d4adc8037d9f1f59
38,20,R4/59_whorl,R4,whorl,Pore ground truth/Fingerprint Images/R4/59_whorl.jpg,Pore ground truth/Ground truth/R4/59_whorl.tsv,2013506acf3b1569f81fb38409a8ac1d34de4fc1abcdb66b68ab071e419294bf,9a97a45df835757a4ae9d24acd6c39ea63baefc65c1f1d928b83f3c4eb071578,454,174,148,07b3afef24c062a356b39c682e310431c7be0659fc424cf417d3f4d6200107be
39,1,R4/9_whorl,R4,whorl,Pore ground truth/Fingerprint Images/R4/9_whorl.jpg,Pore ground truth/Ground truth/R4/9_whorl.tsv,a99b84130ccbd98a8bdf04921bbb0b0306a9272fa06feab8e3bb7d532b7adb93,5ac088d4ae937ba2c86bda6c06200d5052f66da67ab43dd08dbaff03babad747,393,298,385,001000d9b9fe9e7ea6248dc6a015a56679a0ba70f1c392b9288b2f8941728e5b
39,2,R4/9_whorl,R4,whorl,Pore ground truth/Fingerprint Images/R4/9_whorl.jpg,Pore ground truth/Ground truth/R4/9_whorl.tsv,a99b84130ccbd98a8bdf04921bbb0b0306a9272fa06feab8e3bb7d532b7adb93,5ac088d4ae937ba2c86bda6c06200d5052f66da67ab43dd08dbaff03babad747,59,330,454,001c5f532e6520e07db40d01f1bf309f6d829c45b8da8ada54e1425c99fd5b9c
39,3,R4/9_whorl,R4,whorl,Pore ground truth/Fingerprint Images/R4/9_whorl.jpg,Pore ground truth/Ground truth/R4/9_whorl.tsv,a99b84130ccbd98a8bdf04921bbb0b0306a9272fa06feab8e3bb7d532b7adb93,5ac088d4ae937ba2c86bda6c06200d5052f66da67ab43dd08dbaff03babad747,230,92,142,008e95f5052d6682b24543c5061954881185fa073ccfceea861f331657686ad9
39,4,R4/9_whorl,R4,whorl,Pore ground truth/Fingerprint Images/R4/9_whorl.jpg,Pore ground truth/Ground truth/R4/9_whorl.tsv,a99b84130ccbd98a8bdf04921bbb0b0306a9272fa06feab8e3bb7d532b7adb93,5ac088d4ae937ba2c86bda6c06200d5052f66da67ab43dd08dbaff03babad747,422,253,349,00d5cb0ec44efefa1b0575b165a854735b9f072f4bb60b73f92a77520824b9c4
39,5,R4/9_whorl,R4,whorl,Pore ground truth/Fingerprint Images/R4/9_whorl.jpg,Pore ground truth/Ground truth/R4/9_whorl.tsv,a99b84130ccbd98a8bdf04921bbb0b0306a9272fa06feab8e3bb7d532b7adb93,5ac088d4ae937ba2c86bda6c06200d5052f66da67ab43dd08dbaff03babad747,247,241,291,00d88ff099f142411a6642f869d0b5cd1eae0f9f4b6bc03c36578539fff64fac
39,6,R4/9_whorl,R4,whorl,Pore ground truth/Fingerprint Images/R4/9_whorl.jpg,Pore ground truth/Ground truth/R4/9_whorl.tsv,a99b84130ccbd98a8bdf04921bbb0b0306a9272fa06feab8e3bb7d532b7adb93,5ac088d4ae937ba2c86bda6c06200d5052f66da67ab43dd08dbaff03babad747,327,167,457,0122f8027e90e1371a4c3d8e7f1b62dee555f2a7cff9b0035b5cf5b1a085f8df
39,7,R4/9_whorl,R4,whorl,Pore ground truth/Fingerprint Images/R4/9_whorl.jpg,Pore ground truth/Ground truth/R4/9_whorl.tsv,a99b84130ccbd98a8bdf04921bbb0b0306a9272fa06feab8e3bb7d532b7adb93,5ac088d4ae937ba2c86bda6c06200d5052f66da67ab43dd08dbaff03babad747,364,441,220,0133fd147ae168318ccd7ba01da29e4db6947d77f970629071b026322b594e84
39,8,R4/9_whorl,R4,whorl,Pore ground truth/Fingerprint Images/R4/9_whorl.jpg,Pore ground truth/Ground truth/R4/9_whorl.tsv,a99b84130ccbd98a8bdf04921bbb0b0306a9272fa06feab8e3bb7d532b7adb93,5ac088d4ae937ba2c86bda6c06200d5052f66da67ab43dd08dbaff03babad747,39,448,63,021d6374d21dfa75fc290ea2ece7ba2fdafdeeb1320be671c7d79c9fdb4c7d38
39,9,R4/9_whorl,R4,whorl,Pore ground truth/Fingerprint Images/R4/9_whorl.jpg,Pore ground truth/Ground truth/R4/9_whorl.tsv,a99b84130ccbd98a8bdf04921bbb0b0306a9272fa06feab8e3bb7d532b7adb93,5ac088d4ae937ba2c86bda6c06200d5052f66da67ab43dd08dbaff03babad747,286,70,388,02946cf455cd2ada0d9e4aa6e50395adf8f6a18ed761ab297811eb40a06d4698
39,10,R4/9_whorl,R4,whorl,Pore ground truth/Fingerprint Images/R4/9_whorl.jpg,Pore ground truth/Ground truth/R4/9_whorl.tsv,a99b84130ccbd98a8bdf04921bbb0b0306a9272fa06feab8e3bb7d532b7adb93,5ac088d4ae937ba2c86bda6c06200d5052f66da67ab43dd08dbaff03babad747,43,472,124,02cdf66d9f885c8c05a01e68d8bb2800df9fa000a819e6b3c2faf7ccc4903deb
39,11,R4/9_whorl,R4,whorl,Pore ground truth/Fingerprint Images/R4/9_whorl.jpg,Pore ground truth/Ground truth/R4/9_whorl.tsv,a99b84130ccbd98a8bdf04921bbb0b0306a9272fa06feab8e3bb7d532b7adb93,5ac088d4ae937ba2c86bda6c06200d5052f66da67ab43dd08dbaff03babad747,380,121,185,02fc2628637d5449eecea562fdbf6763a90e3f7978e78b9224fdc99ac8e51b4c
39,12,R4/9_whorl,R4,whorl,Pore ground truth/Fingerprint Images/R4/9_whorl.jpg,Pore ground truth/Ground truth/R4/9_whorl.tsv,a99b84130ccbd98a8bdf04921bbb0b0306a9272fa06feab8e3bb7d532b7adb93,5ac088d4ae937ba2c86bda6c06200d5052f66da67ab43dd08dbaff03babad747,33,162,485,033f117f869cb16a0ae5249525aae320aff75cf7fa0ed32c4cb0dffabb933d0c
39,13,R4/9_whorl,R4,whorl,Pore ground truth/Fingerprint Images/R4/9_whorl.jpg,Pore ground truth/Ground truth/R4/9_whorl.tsv,a99b84130ccbd98a8bdf04921bbb0b0306a9272fa06feab8e3bb7d532b7adb93,5ac088d4ae937ba2c86bda6c06200d5052f66da67ab43dd08dbaff03babad747,15,482,319,0340622668db7a9b68b435f801ef6c9d1285bd995c29af2170033364b503b869
39,14,R4/9_whorl,R4,whorl,Pore ground truth/Fingerprint Images/R4/9_whorl.jpg,Pore ground truth/Ground truth/R4/9_whorl.tsv,a99b84130ccbd98a8bdf04921bbb0b0306a9272fa06feab8e3bb7d532b7adb93,5ac088d4ae937ba2c86bda6c06200d5052f66da67ab43dd08dbaff03babad747,288,73,431,03565500398a4cf224ee05977285adeb1c1888f5775322f8eed3f0f9f3d2d0ec
39,15,R4/9_whorl,R4,whorl,Pore ground truth/Fingerprint Images/R4/9_whorl.jpg,Pore ground truth/Ground truth/R4/9_whorl.tsv,a99b84130ccbd98a8bdf04921bbb0b0306a9272fa06feab8e3bb7d532b7adb93,5ac088d4ae937ba2c86bda6c06200d5052f66da67ab43dd08dbaff03babad747,193,273,150,035b8bc0fef510fac70dacaf3693eee093d7d72d2ff84c35ab75897d94f69616
39,16,R4/9_whorl,R4,whorl,Pore ground truth/Fingerprint Images/R4/9_whorl.jpg,Pore ground truth/Ground truth/R4/9_whorl.tsv,a99b84130ccbd98a8bdf04921bbb0b0306a9272fa06feab8e3bb7d532b7adb93,5ac088d4ae937ba2c86bda6c06200d5052f66da67ab43dd08dbaff03babad747,326,158,456,04017ed4bc030d86c0fe2e9f8b4303a2cf165aff318733b0b61fa976afd2c4a7
39,17,R4/9_whorl,R4,whorl,Pore ground truth/Fingerprint Images/R4/9_whorl.jpg,Pore ground truth/Ground truth/R4/9_whorl.tsv,a99b84130ccbd98a8bdf04921bbb0b0306a9272fa06feab8e3bb7d532b7adb93,5ac088d4ae937ba2c86bda6c06200d5052f66da67ab43dd08dbaff03babad747,182,69,103,041fdb277a3e3b029a03dfa0edb63228f2cdb1f9c965baefb3615929290a05b6
39,18,R4/9_whorl,R4,whorl,Pore ground truth/Fingerprint Images/R4/9_whorl.jpg,Pore ground truth/Ground truth/R4/9_whorl.tsv,a99b84130ccbd98a8bdf04921bbb0b0306a9272fa06feab8e3bb7d532b7adb93,5ac088d4ae937ba2c86bda6c06200d5052f66da67ab43dd08dbaff03babad747,164,233,74,0465be33a0ccd18c13a41dc95e106e462268b36bf1883b461a93ff65a72a6fd0
39,19,R4/9_whorl,R4,whorl,Pore ground truth/Fingerprint Images/R4/9_whorl.jpg,Pore ground truth/Ground truth/R4/9_whorl.tsv,a99b84130ccbd98a8bdf04921bbb0b0306a9272fa06feab8e3bb7d532b7adb93,5ac088d4ae937ba2c86bda6c06200d5052f66da67ab43dd08dbaff03babad747,76,456,184,04a44f6cb0e41527fb47bdd47e459c40bae78ea38606c5253d1cf4bf24c4425e
39,20,R4/9_whorl,R4,whorl,Pore ground truth/Fingerprint Images/R4/9_whorl.jpg,Pore ground truth/Ground truth/R4/9_whorl.tsv,a99b84130ccbd98a8bdf04921bbb0b0306a9272fa06feab8e3bb7d532b7adb93,5ac088d4ae937ba2c86bda6c06200d5052f66da67ab43dd08dbaff03babad747,420,211,358,05cb893d53a76df19e2e252987bb5576d9e5eb6e6f8199f97206849ac90043df
40,1,R4/54_whorl,R4,whorl,Pore ground truth/Fingerprint Images/R4/54_whorl.jpg,Pore ground truth/Ground truth/R4/54_whorl.tsv,dba5338db74f894b2d4f6d97085a926c5444fa8b25a148408e2ce8bf70562a6b,ba0c6a7071f79068471765bbbeacac4b11ecd16b267abd71bf9961c5ee73f260,126,340,175,0031f0165ce4d5b3bcd3eead4fd70b726939014badd84ac0f59d846c6941cbef
40,2,R4/54_whorl,R4,whorl,Pore ground truth/Fingerprint Images/R4/54_whorl.jpg,Pore ground truth/Ground truth/R4/54_whorl.tsv,dba5338db74f894b2d4f6d97085a926c5444fa8b25a148408e2ce8bf70562a6b,ba0c6a7071f79068471765bbbeacac4b11ecd16b267abd71bf9961c5ee73f260,204,492,279,0084954c6957f0068c2bd1c246e06ffc8f8c98064ba1e421c2050d5e7eba3be7
40,3,R4/54_whorl,R4,whorl,Pore ground truth/Fingerprint Images/R4/54_whorl.jpg,Pore ground truth/Ground truth/R4/54_whorl.tsv,dba5338db74f894b2d4f6d97085a926c5444fa8b25a148408e2ce8bf70562a6b,ba0c6a7071f79068471765bbbeacac4b11ecd16b267abd71bf9961c5ee73f260,225,444,375,017ccc4893facc2e4c773c46ad52a1b32d066b1240d264fbf4e37aa936892b0a
40,4,R4/54_whorl,R4,whorl,Pore ground truth/Fingerprint Images/R4/54_whorl.jpg,Pore ground truth/Ground truth/R4/54_whorl.tsv,dba5338db74f894b2d4f6d97085a926c5444fa8b25a148408e2ce8bf70562a6b,ba0c6a7071f79068471765bbbeacac4b11ecd16b267abd71bf9961c5ee73f260,433,371,56,01891b0bbcc8634ec5aa8c60f8c4213d20e9c323cbd122549945e833a0863213
40,5,R4/54_whorl,R4,whorl,Pore ground truth/Fingerprint Images/R4/54_whorl.jpg,Pore ground truth/Ground truth/R4/54_whorl.tsv,dba5338db74f894b2d4f6d97085a926c5444fa8b25a148408e2ce8bf70562a6b,ba0c6a7071f79068471765bbbeacac4b11ecd16b267abd71bf9961c5ee73f260,379,230,301,029a0b19af9dd08ba23ba198d002412e56e023917d9a9c9ac3193e0c27ae4542
40,6,R4/54_whorl,R4,whorl,Pore ground truth/Fingerprint Images/R4/54_whorl.jpg,Pore ground truth/Ground truth/R4/54_whorl.tsv,dba5338db74f894b2d4f6d97085a926c5444fa8b25a148408e2ce8bf70562a6b,ba0c6a7071f79068471765bbbeacac4b11ecd16b267abd71bf9961c5ee73f260,298,42,303,03574fd47d006ee8a41f6b1039e6d427fb65530a101b4640eab25463663e485e
40,7,R4/54_whorl,R4,whorl,Pore ground truth/Fingerprint Images/R4/54_whorl.jpg,Pore ground truth/Ground truth/R4/54_whorl.tsv,dba5338db74f894b2d4f6d97085a926c5444fa8b25a148408e2ce8bf70562a6b,ba0c6a7071f79068471765bbbeacac4b11ecd16b267abd71bf9961c5ee73f260,132,331,302,039df88fccc669596e8341bae4211b1610cd550dfdc8b1ae7490d6ebaf7494fc
40,8,R4/54_whorl,R4,whorl,Pore ground truth/Fingerprint Images/R4/54_whorl.jpg,Pore ground truth/Ground truth/R4/54_whorl.tsv,dba5338db74f894b2d4f6d97085a926c5444fa8b25a148408e2ce8bf70562a6b,ba0c6a7071f79068471765bbbeacac4b11ecd16b267abd71bf9961c5ee73f260,175,19,288,040c7b2ffcb279ec12ba3ec00a6f0d5aebd5c169af494548382304296160e3e6
40,9,R4/54_whorl,R4,whorl,Pore ground truth/Fingerprint Images/R4/54_whorl.jpg,Pore ground truth/Ground truth/R4/54_whorl.tsv,dba5338db74f894b2d4f6d97085a926c5444fa8b25a148408e2ce8bf70562a6b,ba0c6a7071f79068471765bbbeacac4b11ecd16b267abd71bf9961c5ee73f260,51,206,9,04172d827559de5ecdf00d0d94d08feece861741ae52def1c5f2cbba2813cb97
40,10,R4/54_whorl,R4,whorl,Pore ground truth/Fingerprint Images/R4/54_whorl.jpg,Pore ground truth/Ground truth/R4/54_whorl.tsv,dba5338db74f894b2d4f6d97085a926c5444fa8b25a148408e2ce8bf70562a6b,ba0c6a7071f79068471765bbbeacac4b11ecd16b267abd71bf9961c5ee73f260,195,480,446,05b7106c5518ca0138d0be8144aec05c50e2b7758c0da7d35b6121d711d93bf6
40,11,R4/54_whorl,R4,whorl,Pore ground truth/Fingerprint Images/R4/54_whorl.jpg,Pore ground truth/Ground truth/R4/54_whorl.tsv,dba5338db74f894b2d4f6d97085a926c5444fa8b25a148408e2ce8bf70562a6b,ba0c6a7071f79068471765bbbeacac4b11ecd16b267abd71bf9961c5ee73f260,372,242,193,060281cd58d61d1b4d8aa5c69be5731c3f64dcf30444e253973adebb46e83a98
40,12,R4/54_whorl,R4,whorl,Pore ground truth/Fingerprint Images/R4/54_whorl.jpg,Pore ground truth/Ground truth/R4/54_whorl.tsv,dba5338db74f894b2d4f6d97085a926c5444fa8b25a148408e2ce8bf70562a6b,ba0c6a7071f79068471765bbbeacac4b11ecd16b267abd71bf9961c5ee73f260,144,145,419,07ba8d6943dab0c1daccae86de448a4dacb84c7d26382d22397900c1613bd8f7
40,13,R4/54_whorl,R4,whorl,Pore ground truth/Fingerprint Images/R4/54_whorl.jpg,Pore ground truth/Ground truth/R4/54_whorl.tsv,dba5338db74f894b2d4f6d97085a926c5444fa8b25a148408e2ce8bf70562a6b,ba0c6a7071f79068471765bbbeacac4b11ecd16b267abd71bf9961c5ee73f260,337,95,204,082c764a2e439976f7190fde1e09d6a943488a9746ea670ffe2bcf48226c5c57
40,14,R4/54_whorl,R4,whorl,Pore ground truth/Fingerprint Images/R4/54_whorl.jpg,Pore ground truth/Ground truth/R4/54_whorl.tsv,dba5338db74f894b2d4f6d97085a926c5444fa8b25a148408e2ce8bf70562a6b,ba0c6a7071f79068471765bbbeacac4b11ecd16b267abd71bf9961c5ee73f260,164,64,162,08d56e2691b654a2c97d8a68ae042013fb4ee9f5ef5755df938e2253df410da1
40,15,R4/54_whorl,R4,whorl,Pore ground truth/Fingerprint Images/R4/54_whorl.jpg,Pore ground truth/Ground truth/R4/54_whorl.tsv,dba5338db74f894b2d4f6d97085a926c5444fa8b25a148408e2ce8bf70562a6b,ba0c6a7071f79068471765bbbeacac4b11ecd16b267abd71bf9961c5ee73f260,11,437,175,08f2efa32b33f45143b5831f46a19443b3617065c9788fc375aab9c58459a181
40,16,R4/54_whorl,R4,whorl,Pore ground truth/Fingerprint Images/R4/54_whorl.jpg,Pore ground truth/Ground truth/R4/54_whorl.tsv,dba5338db74f894b2d4f6d97085a926c5444fa8b25a148408e2ce8bf70562a6b,ba0c6a7071f79068471765bbbeacac4b11ecd16b267abd71bf9961c5ee73f260,386,159,382,0958fbd61b731e8e46505a4f72350a303033319e156c41dff3ab7eb68cb7541b
40,17,R4/54_whorl,R4,whorl,Pore ground truth/Fingerprint Images/R4/54_whorl.jpg,Pore ground truth/Ground truth/R4/54_whorl.tsv,dba5338db74f894b2d4f6d97085a926c5444fa8b25a148408e2ce8bf70562a6b,ba0c6a7071f79068471765bbbeacac4b11ecd16b267abd71bf9961c5ee73f260,403,277,124,09868e1aba97054621f4bfcfb65ef19e36e7672810c86d92cf5dff5c9c33d213
40,18,R4/54_whorl,R4,whorl,Pore ground truth/Fingerprint Images/R4/54_whorl.jpg,Pore ground truth/Ground truth/R4/54_whorl.tsv,dba5338db74f894b2d4f6d97085a926c5444fa8b25a148408e2ce8bf70562a6b,ba0c6a7071f79068471765bbbeacac4b11ecd16b267abd71bf9961c5ee73f260,32,306,14,0a1d07ecb79c399aa05bd65276d460434d36d980e3c457997ce38f2588b617a8
40,19,R4/54_whorl,R4,whorl,Pore ground truth/Fingerprint Images/R4/54_whorl.jpg,Pore ground truth/Ground truth/R4/54_whorl.tsv,dba5338db74f894b2d4f6d97085a926c5444fa8b25a148408e2ce8bf70562a6b,ba0c6a7071f79068471765bbbeacac4b11ecd16b267abd71bf9961c5ee73f260,101,151,467,0a8f87f4c1da456f2daa8b6461f6f3431acd55e883ab5b61dceddd7eb2b8ceea
40,20,R4/54_whorl,R4,whorl,Pore ground truth/Fingerprint Images/R4/54_whorl.jpg,Pore ground truth/Ground truth/R4/54_whorl.tsv,dba5338db74f894b2d4f6d97085a926c5444fa8b25a148408e2ce8bf70562a6b,ba0c6a7071f79068471765bbbeacac4b11ecd16b267abd71bf9961c5ee73f260,242,412,32,0a905d0e95fb7cb4e809939a228771a464a73d2dc3b9dfb776658a13e92d5bb8
41,1,R5/4_left_loop,R5,left_loop,Pore ground truth/Fingerprint Images/R5/4_left_loop.jpg,Pore ground truth/Ground truth/R5/4_left_loop.tsv,7170d7fe88d1cde1701350eec5af0106af72a5062df9c18d298594b5be909d5e,a18b8e219ff4e7c4b247af38a0693b0bbfe439a1f93138bb63c92f57e058ee0e,272,151,486,012ffd79929e69f9d13f1c543acc43ff9cc628f844dcc0f3d36698b509d2ed1a
41,2,R5/4_left_loop,R5,left_loop,Pore ground truth/Fingerprint Images/R5/4_left_loop.jpg,Pore ground truth/Ground truth/R5/4_left_loop.tsv,7170d7fe88d1cde1701350eec5af0106af72a5062df9c18d298594b5be909d5e,a18b8e219ff4e7c4b247af38a0693b0bbfe439a1f93138bb63c92f57e058ee0e,88,496,489,0204615cb2419a39676e2f21044a53ec29b991c564fa95b7b64bd6f81b6c26d4
41,3,R5/4_left_loop,R5,left_loop,Pore ground truth/Fingerprint Images/R5/4_left_loop.jpg,Pore ground truth/Ground truth/R5/4_left_loop.tsv,7170d7fe88d1cde1701350eec5af0106af72a5062df9c18d298594b5be909d5e,a18b8e219ff4e7c4b247af38a0693b0bbfe439a1f93138bb63c92f57e058ee0e,455,324,471,02484bf8ffc5573261ad2f6f4f33f517e8c7d8ab88d491e003dca9f4164b01f5
41,4,R5/4_left_loop,R5,left_loop,Pore ground truth/Fingerprint Images/R5/4_left_loop.jpg,Pore ground truth/Ground truth/R5/4_left_loop.tsv,7170d7fe88d1cde1701350eec5af0106af72a5062df9c18d298594b5be909d5e,a18b8e219ff4e7c4b247af38a0693b0bbfe439a1f93138bb63c92f57e058ee0e,256,7,270,03086dd09a46a134a0422ca6016b8387a0c0933df3bd6c6a91e2c8c4a00fc0bb
41,5,R5/4_left_loop,R5,left_loop,Pore ground truth/Fingerprint Images/R5/4_left_loop.jpg,Pore ground truth/Ground truth/R5/4_left_loop.tsv,7170d7fe88d1cde1701350eec5af0106af72a5062df9c18d298594b5be909d5e,a18b8e219ff4e7c4b247af38a0693b0bbfe439a1f93138bb63c92f57e058ee0e,474,503,208,031f2f4c8e10a073c5845fffab2eafa131c3441dba0fd60d4b5ea2a4bcd1fb44
41,6,R5/4_left_loop,R5,left_loop,Pore ground truth/Fingerprint Images/R5/4_left_loop.jpg,Pore ground truth/Ground truth/R5/4_left_loop.tsv,7170d7fe88d1cde1701350eec5af0106af72a5062df9c18d298594b5be909d5e,a18b8e219ff4e7c4b247af38a0693b0bbfe439a1f93138bb63c92f57e058ee0e,242,312,293,036f08ef6aabc90b41a487eeefecd5f5af5bdd308c7c8c349e96bf8972769b35
41,7,R5/4_left_loop,R5,left_loop,Pore ground truth/Fingerprint Images/R5/4_left_loop.jpg,Pore ground truth/Ground truth/R5/4_left_loop.tsv,7170d7fe88d1cde1701350eec5af0106af72a5062df9c18d298594b5be909d5e,a18b8e219ff4e7c4b247af38a0693b0bbfe439a1f93138bb63c92f57e058ee0e,285,208,241,042bde3ba99dbe8dd78d6e034419be31313f345b628556a86611060702311162
41,8,R5/4_left_loop,R5,left_loop,Pore ground truth/Fingerprint Images/R5/4_left_loop.jpg,Pore ground truth/Ground truth/R5/4_left_loop.tsv,7170d7fe88d1cde1701350eec5af0106af72a5062df9c18d298594b5be909d5e,a18b8e219ff4e7c4b247af38a0693b0bbfe439a1f93138bb63c92f57e058ee0e,383,207,123,0546e926edbaac3fe596cb11e3ce83f27e847ea3a8621b3d2d7dbe28e9a8aeda
41,9,R5/4_left_loop,R5,left_loop,Pore ground truth/Fingerprint Images/R5/4_left_loop.jpg,Pore ground truth/Ground truth/R5/4_left_loop.tsv,7170d7fe88d1cde1701350eec5af0106af72a5062df9c18d298594b5be909d5e,a18b8e219ff4e7c4b247af38a0693b0bbfe439a1f93138bb63c92f57e058ee0e,277,182,391,058576657511ebc7b58ae8717f87c16117ca9939d6f449b69760bd1891b68347
41,10,R5/4_left_loop,R5,left_loop,Pore ground truth/Fingerprint Images/R5/4_left_loop.jpg,Pore ground truth/Ground truth/R5/4_left_loop.tsv,7170d7fe88d1cde1701350eec5af0106af72a5062df9c18d298594b5be909d5e,a18b8e219ff4e7c4b247af38a0693b0bbfe439a1f93138bb63c92f57e058ee0e,329,98,434,05985ef6749900c87836de6a64a344f9bd651f8dbae8f93569382e8842c00a8a
41,11,R5/4_left_loop,R5,left_loop,Pore ground truth/Fingerprint Images/R5/4_left_loop.jpg,Pore ground truth/Ground truth/R5/4_left_loop.tsv,7170d7fe88d1cde1701350eec5af0106af72a5062df9c18d298594b5be909d5e,a18b8e219ff4e7c4b247af38a0693b0bbfe439a1f93138bb63c92f57e058ee0e,324,316,439,05a0f02aadc01bb4dbbeae3c6e67494e0d6e56de3b9818f20729ad90a570e144
41,12,R5/4_left_loop,R5,left_loop,Pore ground truth/Fingerprint Images/R5/4_left_loop.jpg,Pore ground truth/Ground truth/R5/4_left_loop.tsv,7170d7fe88d1cde1701350eec5af0106af72a5062df9c18d298594b5be909d5e,a18b8e219ff4e7c4b247af38a0693b0bbfe439a1f93138bb63c92f57e058ee0e,403,385,357,05ae780a2b6c95349295e643c1f593c42dbb645e86f1ac192c06a8a953d7a0d8
41,13,R5/4_left_loop,R5,left_loop,Pore ground truth/Fingerprint Images/R5/4_left_loop.jpg,Pore ground truth/Ground truth/R5/4_left_loop.tsv,7170d7fe88d1cde1701350eec5af0106af72a5062df9c18d298594b5be909d5e,a18b8e219ff4e7c4b247af38a0693b0bbfe439a1f93138bb63c92f57e058ee0e,458,308,504,05b692c5a80e7e062aa6c4cc9456eca63c486ff0133ece5b2a48a96a553ca516
41,14,R5/4_left_loop,R5,left_loop,Pore ground truth/Fingerprint Images/R5/4_left_loop.jpg,Pore ground truth/Ground truth/R5/4_left_loop.tsv,7170d7fe88d1cde1701350eec5af0106af72a5062df9c18d298594b5be909d5e,a18b8e219ff4e7c4b247af38a0693b0bbfe439a1f93138bb63c92f57e058ee0e,72,475,183,067ed6ef57c0f3a1437051e571ece23ca9ef7d9dc887a6b4dbeb92798a74342f
41,15,R5/4_left_loop,R5,left_loop,Pore ground truth/Fingerprint Images/R5/4_left_loop.jpg,Pore ground truth/Ground truth/R5/4_left_loop.tsv,7170d7fe88d1cde1701350eec5af0106af72a5062df9c18d298594b5be909d5e,a18b8e219ff4e7c4b247af38a0693b0bbfe439a1f93138bb63c92f57e058ee0e,125,416,79,06c867b6ac1dc8ed11bbc39befb5168e3466b6cc77b528977685fe8e2f49fa5f
41,16,R5/4_left_loop,R5,left_loop,Pore ground truth/Fingerprint Images/R5/4_left_loop.jpg,Pore ground truth/Ground truth/R5/4_left_loop.tsv,7170d7fe88d1cde1701350eec5af0106af72a5062df9c18d298594b5be909d5e,a18b8e219ff4e7c4b247af38a0693b0bbfe439a1f93138bb63c92f57e058ee0e,441,352,128,06fce38864c906af5c7727e7f13d76123402ce7db4c9604b1d9f3d6b0b702a49
41,17,R5/4_left_loop,R5,left_loop,Pore ground truth/Fingerprint Images/R5/4_left_loop.jpg,Pore ground truth/Ground truth/R5/4_left_loop.tsv,7170d7fe88d1cde1701350eec5af0106af72a5062df9c18d298594b5be909d5e,a18b8e219ff4e7c4b247af38a0693b0bbfe439a1f93138bb63c92f57e058ee0e,76,476,241,0766fa38f04ea28d1e4f25d454471c57789b3b9b3456277f0c62cab39968ea94
41,18,R5/4_left_loop,R5,left_loop,Pore ground truth/Fingerprint Images/R5/4_left_loop.jpg,Pore ground truth/Ground truth/R5/4_left_loop.tsv,7170d7fe88d1cde1701350eec5af0106af72a5062df9c18d298594b5be909d5e,a18b8e219ff4e7c4b247af38a0693b0bbfe439a1f93138bb63c92f57e058ee0e,326,51,508,08b753ea0bd2c2fe8e29ee5e40e4d70f49593a8294cbb95837a0ac3a28880d92
41,19,R5/4_left_loop,R5,left_loop,Pore ground truth/Fingerprint Images/R5/4_left_loop.jpg,Pore ground truth/Ground truth/R5/4_left_loop.tsv,7170d7fe88d1cde1701350eec5af0106af72a5062df9c18d298594b5be909d5e,a18b8e219ff4e7c4b247af38a0693b0bbfe439a1f93138bb63c92f57e058ee0e,309,96,189,093ca0854d7f4490920e04774ea4c3a850073f3196170f72da23e5cf3313ca55
41,20,R5/4_left_loop,R5,left_loop,Pore ground truth/Fingerprint Images/R5/4_left_loop.jpg,Pore ground truth/Ground truth/R5/4_left_loop.tsv,7170d7fe88d1cde1701350eec5af0106af72a5062df9c18d298594b5be909d5e,a18b8e219ff4e7c4b247af38a0693b0bbfe439a1f93138bb63c92f57e058ee0e,64,402,8,09b83c7b3f4bf14555a2a60f4415dad86ad5607b658742713f97b816d7f97d76
42,1,R5/1_plain_arch,R5,plain_arch,Pore ground truth/Fingerprint Images/R5/1_plain_arch.jpg,Pore ground truth/Ground truth/R5/1_plain_arch.tsv,893d0d794fb500a946fb32e83ee715bd0c5a8630032bc75f28bfc6a326c54859,7d779f3ff89cfa2f68d56dd044d86f4ba33ca77be6dd7c6353cd449ef2188abd,240,295,411,00215018e7ef7ef70b8d11463b48517780530f4b1185ffd7a791b74920bfedb0
42,2,R5/1_plain_arch,R5,plain_arch,Pore ground truth/Fingerprint Images/R5/1_plain_arch.jpg,Pore ground truth/Ground truth/R5/1_plain_arch.tsv,893d0d794fb500a946fb32e83ee715bd0c5a8630032bc75f28bfc6a326c54859,7d779f3ff89cfa2f68d56dd044d86f4ba33ca77be6dd7c6353cd449ef2188abd,436,504,267,0061609536d91f89e7e8841b221d7fbdb0b486da3ad570a714b43960aa93bbfc
42,3,R5/1_plain_arch,R5,plain_arch,Pore ground truth/Fingerprint Images/R5/1_plain_arch.jpg,Pore ground truth/Ground truth/R5/1_plain_arch.tsv,893d0d794fb500a946fb32e83ee715bd0c5a8630032bc75f28bfc6a326c54859,7d779f3ff89cfa2f68d56dd044d86f4ba33ca77be6dd7c6353cd449ef2188abd,434,467,255,006f418146906889bfd285fd8269a5f5cde70183532c8fa93bf5c90706ede801
42,4,R5/1_plain_arch,R5,plain_arch,Pore ground truth/Fingerprint Images/R5/1_plain_arch.jpg,Pore ground truth/Ground truth/R5/1_plain_arch.tsv,893d0d794fb500a946fb32e83ee715bd0c5a8630032bc75f28bfc6a326c54859,7d779f3ff89cfa2f68d56dd044d86f4ba33ca77be6dd7c6353cd449ef2188abd,49,87,167,01c4d36536e4e8310e24ddc9f0bf5fa2b72e8f5ad26086bec7e8c32369a59b09
42,5,R5/1_plain_arch,R5,plain_arch,Pore ground truth/Fingerprint Images/R5/1_plain_arch.jpg,Pore ground truth/Ground truth/R5/1_plain_arch.tsv,893d0d794fb500a946fb32e83ee715bd0c5a8630032bc75f28bfc6a326c54859,7d779f3ff89cfa2f68d56dd044d86f4ba33ca77be6dd7c6353cd449ef2188abd,342,271,325,022788fe30fda4249828e9142fc478e1fce5501b69f01425e0b7719615a264f5
42,6,R5/1_plain_arch,R5,plain_arch,Pore ground truth/Fingerprint Images/R5/1_plain_arch.jpg,Pore ground truth/Ground truth/R5/1_plain_arch.tsv,893d0d794fb500a946fb32e83ee715bd0c5a8630032bc75f28bfc6a326c54859,7d779f3ff89cfa2f68d56dd044d86f4ba33ca77be6dd7c6353cd449ef2188abd,328,163,51,029b838fe61f55b4a97787e1a411b1155bf6c7f9e2a7ef78d86133e7bfb282a2
42,7,R5/1_plain_arch,R5,plain_arch,Pore ground truth/Fingerprint Images/R5/1_plain_arch.jpg,Pore ground truth/Ground truth/R5/1_plain_arch.tsv,893d0d794fb500a946fb32e83ee715bd0c5a8630032bc75f28bfc6a326c54859,7d779f3ff89cfa2f68d56dd044d86f4ba33ca77be6dd7c6353cd449ef2188abd,95,315,147,03a86c7bff1327609c66de81a7b8d2bbc4007203df599cc2a2f75e00ebd8f019
42,8,R5/1_plain_arch,R5,plain_arch,Pore ground truth/Fingerprint Images/R5/1_plain_arch.jpg,Pore ground truth/Ground truth/R5/1_plain_arch.tsv,893d0d794fb500a946fb32e83ee715bd0c5a8630032bc75f28bfc6a326c54859,7d779f3ff89cfa2f68d56dd044d86f4ba33ca77be6dd7c6353cd449ef2188abd,453,458,281,042245b2f1873cabb7e869d52e4e18addca67cb412de53274de73330e3ea44a1
42,9,R5/1_plain_arch,R5,plain_arch,Pore ground truth/Fingerprint Images/R5/1_plain_arch.jpg,Pore ground truth/Ground truth/R5/1_plain_arch.tsv,893d0d794fb500a946fb32e83ee715bd0c5a8630032bc75f28bfc6a326c54859,7d779f3ff89cfa2f68d56dd044d86f4ba33ca77be6dd7c6353cd449ef2188abd,228,41,427,0449fa0024c9378a7d64780307e5cd42886d935d77cb3d3737b7d1b38a0e6eb5
42,10,R5/1_plain_arch,R5,plain_arch,Pore ground truth/Fingerprint Images/R5/1_plain_arch.jpg,Pore ground truth/Ground truth/R5/1_plain_arch.tsv,893d0d794fb500a946fb32e83ee715bd0c5a8630032bc75f28bfc6a326c54859,7d779f3ff89cfa2f68d56dd044d86f4ba33ca77be6dd7c6353cd449ef2188abd,135,426,196,0534c3a7f8c0a151f6bfdbb230713799afc6a3b4201bb647dfd53697852573dc
42,11,R5/1_plain_arch,R5,plain_arch,Pore ground truth/Fingerprint Images/R5/1_plain_arch.jpg,Pore ground truth/Ground truth/R5/1_plain_arch.tsv,893d0d794fb500a946fb32e83ee715bd0c5a8630032bc75f28bfc6a326c54859,7d779f3ff89cfa2f68d56dd044d86f4ba33ca77be6dd7c6353cd449ef2188abd,207,55,407,058944df8918ea1d44c8b141fab0f2377cbd9b98c6e7f6502b678c26738998c0
42,12,R5/1_plain_arch,R5,plain_arch,Pore ground truth/Fingerprint Images/R5/1_plain_arch.jpg,Pore ground truth/Ground truth/R5/1_plain_arch.tsv,893d0d794fb500a946fb32e83ee715bd0c5a8630032bc75f28bfc6a326c54859,7d779f3ff89cfa2f68d56dd044d86f4ba33ca77be6dd7c6353cd449ef2188abd,129,319,195,0612d9ba31a7e472a82f587958bdba2b817ae1626261cfdaafc5487108d7fb27
42,13,R5/1_plain_arch,R5,plain_arch,Pore ground truth/Fingerprint Images/R5/1_plain_arch.jpg,Pore ground truth/Ground truth/R5/1_plain_arch.tsv,893d0d794fb500a946fb32e83ee715bd0c5a8630032bc75f28bfc6a326c54859,7d779f3ff89cfa2f68d56dd044d86f4ba33ca77be6dd7c6353cd449ef2188abd,415,326,15,06696d7ca78438fb13977b936595494836aca0dfe2e257315f12b051c4bb3ee1
42,14,R5/1_plain_arch,R5,plain_arch,Pore ground truth/Fingerprint Images/R5/1_plain_arch.jpg,Pore ground truth/Ground truth/R5/1_plain_arch.tsv,893d0d794fb500a946fb32e83ee715bd0c5a8630032bc75f28bfc6a326c54859,7d779f3ff89cfa2f68d56dd044d86f4ba33ca77be6dd7c6353cd449ef2188abd,123,164,227,078cf484bde8d955ea1c688de42fae32d458ca08af77937e7b050aa41f97792b
42,15,R5/1_plain_arch,R5,plain_arch,Pore ground truth/Fingerprint Images/R5/1_plain_arch.jpg,Pore ground truth/Ground truth/R5/1_plain_arch.tsv,893d0d794fb500a946fb32e83ee715bd0c5a8630032bc75f28bfc6a326c54859,7d779f3ff89cfa2f68d56dd044d86f4ba33ca77be6dd7c6353cd449ef2188abd,317,60,255,081c21fae963418ed9a665b09856862c875ff7335916b933f410b0c76678749d
42,16,R5/1_plain_arch,R5,plain_arch,Pore ground truth/Fingerprint Images/R5/1_plain_arch.jpg,Pore ground truth/Ground truth/R5/1_plain_arch.tsv,893d0d794fb500a946fb32e83ee715bd0c5a8630032bc75f28bfc6a326c54859,7d779f3ff89cfa2f68d56dd044d86f4ba33ca77be6dd7c6353cd449ef2188abd,213,185,392,082f29b45c7f6bb70129ebdfa8fca8ddb92b7caeacc3b8d4c403ac0148858e03
42,17,R5/1_plain_arch,R5,plain_arch,Pore ground truth/Fingerprint Images/R5/1_plain_arch.jpg,Pore ground truth/Ground truth/R5/1_plain_arch.tsv,893d0d794fb500a946fb32e83ee715bd0c5a8630032bc75f28bfc6a326c54859,7d779f3ff89cfa2f68d56dd044d86f4ba33ca77be6dd7c6353cd449ef2188abd,115,318,169,091a8d935e2da6944f8545dbd304272a250716dc1bb96982be8033b9267f3ad0
42,18,R5/1_plain_arch,R5,plain_arch,Pore ground truth/Fingerprint Images/R5/1_plain_arch.jpg,Pore ground truth/Ground truth/R5/1_plain_arch.tsv,893d0d794fb500a946fb32e83ee715bd0c5a8630032bc75f28bfc6a326c54859,7d779f3ff89cfa2f68d56dd044d86f4ba33ca77be6dd7c6353cd449ef2188abd,350,455,328,09a773c2548e39ce2e562fe5bb4b0bbdeab40d984c62cd0f4d7567b223fcc2b4
42,19,R5/1_plain_arch,R5,plain_arch,Pore ground truth/Fingerprint Images/R5/1_plain_arch.jpg,Pore ground truth/Ground truth/R5/1_plain_arch.tsv,893d0d794fb500a946fb32e83ee715bd0c5a8630032bc75f28bfc6a326c54859,7d779f3ff89cfa2f68d56dd044d86f4ba33ca77be6dd7c6353cd449ef2188abd,48,76,176,09bc385f835c19705e3a3f3a79693a463ec7de598c5687732231c27028377c15
42,20,R5/1_plain_arch,R5,plain_arch,Pore ground truth/Fingerprint Images/R5/1_plain_arch.jpg,Pore ground truth/Ground truth/R5/1_plain_arch.tsv,893d0d794fb500a946fb32e83ee715bd0c5a8630032bc75f28bfc6a326c54859,7d779f3ff89cfa2f68d56dd044d86f4ba33ca77be6dd7c6353cd449ef2188abd,3,20,9,0a90b9e5d8ccbfa812fa4219c663157e837daaef4490af310547ee306c64389d
43,1,R5/28_right_loop,R5,right_loop,Pore ground truth/Fingerprint Images/R5/28_right_loop.jpg,Pore ground truth/Ground truth/R5/28_right_loop.tsv,cb3222a194702ea18a08face46346f1c704fe8a9fe3240b95d3f0a85549c5783,0fc4d15b03c4869b0236a01bfe1d986baa0d3171e2a9b20015d695c44d123db0,70,121,157,002bce03b9522153003e38d7660b56004eba82f29dffad32bf874e47bc2856b8
43,2,R5/28_right_loop,R5,right_loop,Pore ground truth/Fingerprint Images/R5/28_right_loop.jpg,Pore ground truth/Ground truth/R5/28_right_loop.tsv,cb3222a194702ea18a08face46346f1c704fe8a9fe3240b95d3f0a85549c5783,0fc4d15b03c4869b0236a01bfe1d986baa0d3171e2a9b20015d695c44d123db0,308,503,417,007469e83caf0943e79dc5dd4635fb843c2727cc54f2b0c9981e70ffc38d8feb
43,3,R5/28_right_loop,R5,right_loop,Pore ground truth/Fingerprint Images/R5/28_right_loop.jpg,Pore ground truth/Ground truth/R5/28_right_loop.tsv,cb3222a194702ea18a08face46346f1c704fe8a9fe3240b95d3f0a85549c5783,0fc4d15b03c4869b0236a01bfe1d986baa0d3171e2a9b20015d695c44d123db0,96,483,297,00cd856a343a617e6bd44a652aa091cca1d83bc66551e902e9ca118891811d9e
43,4,R5/28_right_loop,R5,right_loop,Pore ground truth/Fingerprint Images/R5/28_right_loop.jpg,Pore ground truth/Ground truth/R5/28_right_loop.tsv,cb3222a194702ea18a08face46346f1c704fe8a9fe3240b95d3f0a85549c5783,0fc4d15b03c4869b0236a01bfe1d986baa0d3171e2a9b20015d695c44d123db0,24,10,39,00e3fae0a93868ddd233ef564a020e9fc854db7c2f129c0b7b907ea8ad46b1c9
43,5,R5/28_right_loop,R5,right_loop,Pore ground truth/Fingerprint Images/R5/28_right_loop.jpg,Pore ground truth/Ground truth/R5/28_right_loop.tsv,cb3222a194702ea18a08face46346f1c704fe8a9fe3240b95d3f0a85549c5783,0fc4d15b03c4869b0236a01bfe1d986baa0d3171e2a9b20015d695c44d123db0,45,91,133,00ff4e928a59548a456a963c08c0fae819bc1631a91c4cf4787974c5a26ca927
43,6,R5/28_right_loop,R5,right_loop,Pore ground truth/Fingerprint Images/R5/28_right_loop.jpg,Pore ground truth/Ground truth/R5/28_right_loop.tsv,cb3222a194702ea18a08face46346f1c704fe8a9fe3240b95d3f0a85549c5783,0fc4d15b03c4869b0236a01bfe1d986baa0d3171e2a9b20015d695c44d123db0,270,393,301,01a1006ecc19b2291089877972c1496e84c06007cb110855a2e111b1d2b3fc7f
43,7,R5/28_right_loop,R5,right_loop,Pore ground truth/Fingerprint Images/R5/28_right_loop.jpg,Pore ground truth/Ground truth/R5/28_right_loop.tsv,cb3222a194702ea18a08face46346f1c704fe8a9fe3240b95d3f0a85549c5783,0fc4d15b03c4869b0236a01bfe1d986baa0d3171e2a9b20015d695c44d123db0,261,392,463,01b6e9da4360d184f432531bf459314782d32adde151c88bdd5293cdbde19911
43,8,R5/28_right_loop,R5,right_loop,Pore ground truth/Fingerprint Images/R5/28_right_loop.jpg,Pore ground truth/Ground truth/R5/28_right_loop.tsv,cb3222a194702ea18a08face46346f1c704fe8a9fe3240b95d3f0a85549c5783,0fc4d15b03c4869b0236a01bfe1d986baa0d3171e2a9b20015d695c44d123db0,65,69,26,01cc1968013a267632ffb143181020cb88b64bb9cecb2ec98b4e63baf50e253c
43,9,R5/28_right_loop,R5,right_loop,Pore ground truth/Fingerprint Images/R5/28_right_loop.jpg,Pore ground truth/Ground truth/R5/28_right_loop.tsv,cb3222a194702ea18a08face46346f1c704fe8a9fe3240b95d3f0a85549c5783,0fc4d15b03c4869b0236a01bfe1d986baa0d3171e2a9b20015d695c44d123db0,48,118,76,0390315a892c21d5fdbeb136aac9ed5c751a7e3a76b887e09fb30b5947d8af32
43,10,R5/28_right_loop,R5,right_loop,Pore ground truth/Fingerprint Images/R5/28_right_loop.jpg,Pore ground truth/Ground truth/R5/28_right_loop.tsv,cb3222a194702ea18a08face46346f1c704fe8a9fe3240b95d3f0a85549c5783,0fc4d15b03c4869b0236a01bfe1d986baa0d3171e2a9b20015d695c44d123db0,117,128,252,03af46f90de618f9b86a9778ca652663adba50273a0ffef38897e6105d81e3a4
43,11,R5/28_right_loop,R5,right_loop,Pore ground truth/Fingerprint Images/R5/28_right_loop.jpg,Pore ground truth/Ground truth/R5/28_right_loop.tsv,cb3222a194702ea18a08face46346f1c704fe8a9fe3240b95d3f0a85549c5783,0fc4d15b03c4869b0236a01bfe1d986baa0d3171e2a9b20015d695c44d123db0,197,243,358,04ac4d2732459b6d81cc1604d48b4382b89824265a5250bdc8ee95abcb231543
43,12,R5/28_right_loop,R5,right_loop,Pore ground truth/Fingerprint Images/R5/28_right_loop.jpg,Pore ground truth/Ground truth/R5/28_right_loop.tsv,cb3222a194702ea18a08face46346f1c704fe8a9fe3240b95d3f0a85549c5783,0fc4d15b03c4869b0236a01bfe1d986baa0d3171e2a9b20015d695c44d123db0,241,323,411,05b3741948d68fd62c1689cb500dbd3d4b879e484a062aea832aea44b996a0af
43,13,R5/28_right_loop,R5,right_loop,Pore ground truth/Fingerprint Images/R5/28_right_loop.jpg,Pore ground truth/Ground truth/R5/28_right_loop.tsv,cb3222a194702ea18a08face46346f1c704fe8a9fe3240b95d3f0a85549c5783,0fc4d15b03c4869b0236a01bfe1d986baa0d3171e2a9b20015d695c44d123db0,225,316,462,07611e61f37bec93a2275b55f6c4779a8a09743a05183ad88dbc14b7283bfadf
43,14,R5/28_right_loop,R5,right_loop,Pore ground truth/Fingerprint Images/R5/28_right_loop.jpg,Pore ground truth/Ground truth/R5/28_right_loop.tsv,cb3222a194702ea18a08face46346f1c704fe8a9fe3240b95d3f0a85549c5783,0fc4d15b03c4869b0236a01bfe1d986baa0d3171e2a9b20015d695c44d123db0,213,278,331,080b5f27baf0ebab15b19d97c6f659e9ffc3aa9dc009576201d62b2f3fc039d2
43,15,R5/28_right_loop,R5,right_loop,Pore ground truth/Fingerprint Images/R5/28_right_loop.jpg,Pore ground truth/Ground truth/R5/28_right_loop.tsv,cb3222a194702ea18a08face46346f1c704fe8a9fe3240b95d3f0a85549c5783,0fc4d15b03c4869b0236a01bfe1d986baa0d3171e2a9b20015d695c44d123db0,222,290,436,091282f17b736e299f607fa252d315201b9e175e1e510db0796aa064257e175c
43,16,R5/28_right_loop,R5,right_loop,Pore ground truth/Fingerprint Images/R5/28_right_loop.jpg,Pore ground truth/Ground truth/R5/28_right_loop.tsv,cb3222a194702ea18a08face46346f1c704fe8a9fe3240b95d3f0a85549c5783,0fc4d15b03c4869b0236a01bfe1d986baa0d3171e2a9b20015d695c44d123db0,228,293,172,0915923d0a56d8f13bc2e02802bce2456f8264eebf12c6491f73b19e87d0d854
43,17,R5/28_right_loop,R5,right_loop,Pore ground truth/Fingerprint Images/R5/28_right_loop.jpg,Pore ground truth/Ground truth/R5/28_right_loop.tsv,cb3222a194702ea18a08face46346f1c704fe8a9fe3240b95d3f0a85549c5783,0fc4d15b03c4869b0236a01bfe1d986baa0d3171e2a9b20015d695c44d123db0,226,285,150,09c7d0e08088531c1894367973dfeca81107514147f8864b69e6720f61911160
43,18,R5/28_right_loop,R5,right_loop,Pore ground truth/Fingerprint Images/R5/28_right_loop.jpg,Pore ground truth/Ground truth/R5/28_right_loop.tsv,cb3222a194702ea18a08face46346f1c704fe8a9fe3240b95d3f0a85549c5783,0fc4d15b03c4869b0236a01bfe1d986baa0d3171e2a9b20015d695c44d123db0,307,489,389,0b1297b6cb5705b75efbfe6ad5683ff98e77041f3edba09f39a2b00ac909bcd6
43,19,R5/28_right_loop,R5,right_loop,Pore ground truth/Fingerprint Images/R5/28_right_loop.jpg,Pore ground truth/Ground truth/R5/28_right_loop.tsv,cb3222a194702ea18a08face46346f1c704fe8a9fe3240b95d3f0a85549c5783,0fc4d15b03c4869b0236a01bfe1d986baa0d3171e2a9b20015d695c44d123db0,109,490,32,0b271bcd72b9db790a53bd33c0aaf7648eedbe56f352e1dd6954578f39d3455c
43,20,R5/28_right_loop,R5,right_loop,Pore ground truth/Fingerprint Images/R5/28_right_loop.jpg,Pore ground truth/Ground truth/R5/28_right_loop.tsv,cb3222a194702ea18a08face46346f1c704fe8a9fe3240b95d3f0a85549c5783,0fc4d15b03c4869b0236a01bfe1d986baa0d3171e2a9b20015d695c44d123db0,256,345,380,0ca948ba8849226cf711ed4c765288c0e88f21a20118fecd8ad7fded82930ca4
44,1,R5/40_right_loop,R5,right_loop,Pore ground truth/Fingerprint Images/R5/40_right_loop.jpg,Pore ground truth/Ground truth/R5/40_right_loop.tsv,ebe073353eb90107bc38363456ec3d19bd6c00f5fc4826628af736ed703f9555,a2b3f94e31d43d23ae5335645eca49016cf991d1ed251728fc6351d7a4ad13e5,292,237,510,00a7f9a6d2705f9368adbe8cfa8d471befe5ff190a1673459f4bb40030fce5e4
44,2,R5/40_right_loop,R5,right_loop,Pore ground truth/Fingerprint Images/R5/40_right_loop.jpg,Pore ground truth/Ground truth/R5/40_right_loop.tsv,ebe073353eb90107bc38363456ec3d19bd6c00f5fc4826628af736ed703f9555,a2b3f94e31d43d23ae5335645eca49016cf991d1ed251728fc6351d7a4ad13e5,260,181,175,01762537a289583eeea6cfa483472069dd6140a987081145d787c298f45ac933
44,3,R5/40_right_loop,R5,right_loop,Pore ground truth/Fingerprint Images/R5/40_right_loop.jpg,Pore ground truth/Ground truth/R5/40_right_loop.tsv,ebe073353eb90107bc38363456ec3d19bd6c00f5fc4826628af736ed703f9555,a2b3f94e31d43d23ae5335645eca49016cf991d1ed251728fc6351d7a4ad13e5,124,60,252,017a9fffbb333313e77fbad7f103b37aeb3ba2543cbfd040eb6375826e4b160a
44,4,R5/40_right_loop,R5,right_loop,Pore ground truth/Fingerprint Images/R5/40_right_loop.jpg,Pore ground truth/Ground truth/R5/40_right_loop.tsv,ebe073353eb90107bc38363456ec3d19bd6c00f5fc4826628af736ed703f9555,a2b3f94e31d43d23ae5335645eca49016cf991d1ed251728fc6351d7a4ad13e5,86,184,57,01d5d47cb0ba2fd5a00c2aef52fa03c458f2e1b1fb84ba8574b66a5dfef49e44
44,5,R5/40_right_loop,R5,right_loop,Pore ground truth/Fingerprint Images/R5/40_right_loop.jpg,Pore ground truth/Ground truth/R5/40_right_loop.tsv,ebe073353eb90107bc38363456ec3d19bd6c00f5fc4826628af736ed703f9555,a2b3f94e31d43d23ae5335645eca49016cf991d1ed251728fc6351d7a4ad13e5,439,350,431,021c1b202cc519c22e28795c62022e668a385071e40319670bfb8235ea2f2afc
44,6,R5/40_right_loop,R5,right_loop,Pore ground truth/Fingerprint Images/R5/40_right_loop.jpg,Pore ground truth/Ground truth/R5/40_right_loop.tsv,ebe073353eb90107bc38363456ec3d19bd6c00f5fc4826628af736ed703f9555,a2b3f94e31d43d23ae5335645eca49016cf991d1ed251728fc6351d7a4ad13e5,361,429,431,023d3d5e77a1a5bd647415bc61f3184a2661e8b114928a00d99d5e41ecb90cee
44,7,R5/40_right_loop,R5,right_loop,Pore ground truth/Fingerprint Images/R5/40_right_loop.jpg,Pore ground truth/Ground truth/R5/40_right_loop.tsv,ebe073353eb90107bc38363456ec3d19bd6c00f5fc4826628af736ed703f9555,a2b3f94e31d43d23ae5335645eca49016cf991d1ed251728fc6351d7a4ad13e5,215,222,124,0267c18a40bcb4236d28b2aa5befcbcc9442cded1875fadb9faaee901860eb05
44,8,R5/40_right_loop,R5,right_loop,Pore ground truth/Fingerprint Images/R5/40_right_loop.jpg,Pore ground truth/Ground truth/R5/40_right_loop.tsv,ebe073353eb90107bc38363456ec3d19bd6c00f5fc4826628af736ed703f9555,a2b3f94e31d43d23ae5335645eca49016cf991d1ed251728fc6351d7a4ad13e5,380,278,478,02fb91d5c834e13682c9f8a2f48289cdce1819ae904ae2c8f4d65a132929329c
44,9,R5/40_right_loop,R5,right_loop,Pore ground truth/Fingerprint Images/R5/40_right_loop.jpg,Pore ground truth/Ground truth/R5/40_right_loop.tsv,ebe073353eb90107bc38363456ec3d19bd6c00f5fc4826628af736ed703f9555,a2b3f94e31d43d23ae5335645eca49016cf991d1ed251728fc6351d7a4ad13e5,54,315,6,03056c64b151ab464908c64f95529ca50a3aa9ee3f464cfceb712aaac8a9b543
44,10,R5/40_right_loop,R5,right_loop,Pore ground truth/Fingerprint Images/R5/40_right_loop.jpg,Pore ground truth/Ground truth/R5/40_right_loop.tsv,ebe073353eb90107bc38363456ec3d19bd6c00f5fc4826628af736ed703f9555,a2b3f94e31d43d23ae5335645eca49016cf991d1ed251728fc6351d7a4ad13e5,166,86,233,03c074646110abf7f80650a7b4660fb762efe3e07935b2d2c24a1a683267237d
44,11,R5/40_right_loop,R5,right_loop,Pore ground truth/Fingerprint Images/R5/40_right_loop.jpg,Pore ground truth/Ground truth/R5/40_right_loop.tsv,ebe073353eb90107bc38363456ec3d19bd6c00f5fc4826628af736ed703f9555,a2b3f94e31d43d23ae5335645eca49016cf991d1ed251728fc6351d7a4ad13e5,72,25,244,04869db493034091dbd2da9fff267163d6c78154f67d46882baa56472e742a6f
44,12,R5/40_right_loop,R5,right_loop,Pore ground truth/Fingerprint Images/R5/40_right_loop.jpg,Pore ground truth/Ground truth/R5/40_right_loop.tsv,ebe073353eb90107bc38363456ec3d19bd6c00f5fc4826628af736ed703f9555,a2b3f94e31d43d23ae5335645eca49016cf991d1ed251728fc6351d7a4ad13e5,120,55,347,04939f72a5736516b083a47aca16845ca5d7a0088c1a47f349776bbb044a87d9
44,13,R5/40_right_loop,R5,right_loop,Pore ground truth/Fingerprint Images/R5/40_right_loop.jpg,Pore ground truth/Ground truth/R5/40_right_loop.tsv,ebe073353eb90107bc38363456ec3d19bd6c00f5fc4826628af736ed703f9555,a2b3f94e31d43d23ae5335645eca49016cf991d1ed251728fc6351d7a4ad13e5,145,405,86,04d49c04850be418f70639019b0cf0212fefccb4675b457f7f0e4940fde6fa73
44,14,R5/40_right_loop,R5,right_loop,Pore ground truth/Fingerprint Images/R5/40_right_loop.jpg,Pore ground truth/Ground truth/R5/40_right_loop.tsv,ebe073353eb90107bc38363456ec3d19bd6c00f5fc4826628af736ed703f9555,a2b3f94e31d43d23ae5335645eca49016cf991d1ed251728fc6351d7a4ad13e5,92,323,34,05042e05de42751853a3150dfe3384eef021c8a16c2aa38f972a1aa21a039a6c
44,15,R5/40_right_loop,R5,right_loop,Pore ground truth/Fingerprint Images/R5/40_right_loop.jpg,Pore ground truth/Ground truth/R5/40_right_loop.tsv,ebe073353eb90107bc38363456ec3d19bd6c00f5fc4826628af736ed703f9555,a2b3f94e31d43d23ae5335645eca49016cf991d1ed251728fc6351d7a4ad13e5,17,52,83,05862e9a41cbf050515788779e0bd1c71ab7d3c00c569ce3deb2299e56516106
44,16,R5/40_right_loop,R5,right_loop,Pore ground truth/Fingerprint Images/R5/40_right_loop.jpg,Pore ground truth/Ground truth/R5/40_right_loop.tsv,ebe073353eb90107bc38363456ec3d19bd6c00f5fc4826628af736ed703f9555,a2b3f94e31d43d23ae5335645eca49016cf991d1ed251728fc6351d7a4ad13e5,441,388,495,05a79e4f985d1b72c31b47a21ac4e8440b4e6f66a375aab512b321628ce03ea3
44,17,R5/40_right_loop,R5,right_loop,Pore ground truth/Fingerprint Images/R5/40_right_loop.jpg,Pore ground truth/Ground truth/R5/40_right_loop.tsv,ebe073353eb90107bc38363456ec3d19bd6c00f5fc4826628af736ed703f9555,a2b3f94e31d43d23ae5335645eca49016cf991d1ed251728fc6351d7a4ad13e5,338,257,191,05b4ce9bbddc7b900f667d70ded745a99f616c13e9045d1f30358ddd0c809981
44,18,R5/40_right_loop,R5,right_loop,Pore ground truth/Fingerprint Images/R5/40_right_loop.jpg,Pore ground truth/Ground truth/R5/40_right_loop.tsv,ebe073353eb90107bc38363456ec3d19bd6c00f5fc4826628af736ed703f9555,a2b3f94e31d43d23ae5335645eca49016cf991d1ed251728fc6351d7a4ad13e5,172,138,148,06289a1ecfe526d94363b096b040c8bb2018ca48fac889b5e6ec96710a0341da
44,19,R5/40_right_loop,R5,right_loop,Pore ground truth/Fingerprint Images/R5/40_right_loop.jpg,Pore ground truth/Ground truth/R5/40_right_loop.tsv,ebe073353eb90107bc38363456ec3d19bd6c00f5fc4826628af736ed703f9555,a2b3f94e31d43d23ae5335645eca49016cf991d1ed251728fc6351d7a4ad13e5,427,429,471,0629f24d616cc6f4371b00843e5cde2b1fb879e39db82d3420fe086999d9cddf
44,20,R5/40_right_loop,R5,right_loop,Pore ground truth/Fingerprint Images/R5/40_right_loop.jpg,Pore ground truth/Ground truth/R5/40_right_loop.tsv,ebe073353eb90107bc38363456ec3d19bd6c00f5fc4826628af736ed703f9555,a2b3f94e31d43d23ae5335645eca49016cf991d1ed251728fc6351d7a4ad13e5,430,291,298,06e75580f18ee12bb89c90353adf78e491c960ea9b9156edff0d159791e2625b
45,1,R5/16_right_loop,R5,right_loop,Pore ground truth/Fingerprint Images/R5/16_right_loop.jpg,Pore ground truth/Ground truth/R5/16_right_loop.tsv,f1413fc61b5fc69aed504c8a82762272ad83449bd4335aedd5c5a4472ba3d392,116523e58eb98e6074c468e368eba4a2356690f1a91c822c5e7afdb877a0b1f5,220,443,200,003ed8004c2ff9a4d3d59e7ec0255abc58dbc1da693cebb7e3991757201ac36b
45,2,R5/16_right_loop,R5,right_loop,Pore ground truth/Fingerprint Images/R5/16_right_loop.jpg,Pore ground truth/Ground truth/R5/16_right_loop.tsv,f1413fc61b5fc69aed504c8a82762272ad83449bd4335aedd5c5a4472ba3d392,116523e58eb98e6074c468e368eba4a2356690f1a91c822c5e7afdb877a0b1f5,303,400,175,0048000d4db407f4d446d25f908898035516fce65291344aad2391216eeee0bf
45,3,R5/16_right_loop,R5,right_loop,Pore ground truth/Fingerprint Images/R5/16_right_loop.jpg,Pore ground truth/Ground truth/R5/16_right_loop.tsv,f1413fc61b5fc69aed504c8a82762272ad83449bd4335aedd5c5a4472ba3d392,116523e58eb98e6074c468e368eba4a2356690f1a91c822c5e7afdb877a0b1f5,46,47,183,009ba5b9e1a29a6d40adc7eccc13e94a157b165a3d766631a70bd1dbaf4f003c
45,4,R5/16_right_loop,R5,right_loop,Pore ground truth/Fingerprint Images/R5/16_right_loop.jpg,Pore ground truth/Ground truth/R5/16_right_loop.tsv,f1413fc61b5fc69aed504c8a82762272ad83449bd4335aedd5c5a4472ba3d392,116523e58eb98e6074c468e368eba4a2356690f1a91c822c5e7afdb877a0b1f5,359,289,194,00abcb18f1357a97843f79e7d84a785580602cc0010b61c9b2da9e776f2af41a
45,5,R5/16_right_loop,R5,right_loop,Pore ground truth/Fingerprint Images/R5/16_right_loop.jpg,Pore ground truth/Ground truth/R5/16_right_loop.tsv,f1413fc61b5fc69aed504c8a82762272ad83449bd4335aedd5c5a4472ba3d392,116523e58eb98e6074c468e368eba4a2356690f1a91c822c5e7afdb877a0b1f5,403,451,334,00e9bf637a5cd03a83561e796af0fd27953fd2b58ca829b2bdef3d75d90d5491
45,6,R5/16_right_loop,R5,right_loop,Pore ground truth/Fingerprint Images/R5/16_right_loop.jpg,Pore ground truth/Ground truth/R5/16_right_loop.tsv,f1413fc61b5fc69aed504c8a82762272ad83449bd4335aedd5c5a4472ba3d392,116523e58eb98e6074c468e368eba4a2356690f1a91c822c5e7afdb877a0b1f5,418,404,320,00ea79ee8d609b3023d250c127b60e803854b1a3d0318dcc1229c92ffd950d25
45,7,R5/16_right_loop,R5,right_loop,Pore ground truth/Fingerprint Images/R5/16_right_loop.jpg,Pore ground truth/Ground truth/R5/16_right_loop.tsv,f1413fc61b5fc69aed504c8a82762272ad83449bd4335aedd5c5a4472ba3d392,116523e58eb98e6074c468e368eba4a2356690f1a91c822c5e7afdb877a0b1f5,173,149,383,00feb3160160dba2b8f6c5717224406f610d81e34f4a05b103ad04eb65765516
45,8,R5/16_right_loop,R5,right_loop,Pore ground truth/Fingerprint Images/R5/16_right_loop.jpg,Pore ground truth/Ground truth/R5/16_right_loop.tsv,f1413fc61b5fc69aed504c8a82762272ad83449bd4335aedd5c5a4472ba3d392,116523e58eb98e6074c468e368eba4a2356690f1a91c822c5e7afdb877a0b1f5,349,378,333,0100f16863d63c4e45573fca3f018da9680bc0c87682ce7e903b14ae9e0ea959
45,9,R5/16_right_loop,R5,right_loop,Pore ground truth/Fingerprint Images/R5/16_right_loop.jpg,Pore ground truth/Ground truth/R5/16_right_loop.tsv,f1413fc61b5fc69aed504c8a82762272ad83449bd4335aedd5c5a4472ba3d392,116523e58eb98e6074c468e368eba4a2356690f1a91c822c5e7afdb877a0b1f5,299,362,107,01275fa9d74c9afc45ac0cc461db4cca927df7c1140befff785837b272b6b899
45,10,R5/16_right_loop,R5,right_loop,Pore ground truth/Fingerprint Images/R5/16_right_loop.jpg,Pore ground truth/Ground truth/R5/16_right_loop.tsv,f1413fc61b5fc69aed504c8a82762272ad83449bd4335aedd5c5a4472ba3d392,116523e58eb98e6074c468e368eba4a2356690f1a91c822c5e7afdb877a0b1f5,61,500,62,01bf588624b828d0e781caf59f07742a03c1d2f2bcb0075c36919625d5ebb73f
45,11,R5/16_right_loop,R5,right_loop,Pore ground truth/Fingerprint Images/R5/16_right_loop.jpg,Pore ground truth/Ground truth/R5/16_right_loop.tsv,f1413fc61b5fc69aed504c8a82762272ad83449bd4335aedd5c5a4472ba3d392,116523e58eb98e6074c468e368eba4a2356690f1a91c822c5e7afdb877a0b1f5,394,343,129,0315b271bed50ac04c83ed1296835a3b9b0ed4c7b83846fa7933435b21f38679
45,12,R5/16_right_loop,R5,right_loop,Pore ground truth/Fingerprint Images/R5/16_right_loop.jpg,Pore ground truth/Ground truth/R5/16_right_loop.tsv,f1413fc61b5fc69aed504c8a82762272ad83449bd4335aedd5c5a4472ba3d392,116523e58eb98e6074c468e368eba4a2356690f1a91c822c5e7afdb877a0b1f5,379,307,366,03535c44638555492fca96f91ebb07a6ddc645bfbf19fbd2f87fc74d52205108
45,13,R5/16_right_loop,R5,right_loop,Pore ground truth/Fingerprint Images/R5/16_right_loop.jpg,Pore ground truth/Ground truth/R5/16_right_loop.tsv,f1413fc61b5fc69aed504c8a82762272ad83449bd4335aedd5c5a4472ba3d392,116523e58eb98e6074c468e368eba4a2356690f1a91c822c5e7afdb877a0b1f5,146,317,10,03bfacbf0a8365022530a30812c74bb4d9ccd818d32d33aed56fd7fb112c91c4
45,14,R5/16_right_loop,R5,right_loop,Pore ground truth/Fingerprint Images/R5/16_right_loop.jpg,Pore ground truth/Ground truth/R5/16_right_loop.tsv,f1413fc61b5fc69aed504c8a82762272ad83449bd4335aedd5c5a4472ba3d392,116523e58eb98e6074c468e368eba4a2356690f1a91c822c5e7afdb877a0b1f5,155,444,137,047e1cde3fd9a4408e3264fa9f9cbbb3eb6ced6e158b1507cc9640df7306941a
45,15,R5/16_right_loop,R5,right_loop,Pore ground truth/Fingerprint Images/R5/16_right_loop.jpg,Pore ground truth/Ground truth/R5/16_right_loop.tsv,f1413fc61b5fc69aed504c8a82762272ad83449bd4335aedd5c5a4472ba3d392,116523e58eb98e6074c468e368eba4a2356690f1a91c822c5e7afdb877a0b1f5,291,250,69,0565a9d253274e026f4df5f68e6e5e82863b42ec8fed52e8b20d787cf01dd21e
45,16,R5/16_right_loop,R5,right_loop,Pore ground truth/Fingerprint Images/R5/16_right_loop.jpg,Pore ground truth/Ground truth/R5/16_right_loop.tsv,f1413fc61b5fc69aed504c8a82762272ad83449bd4335aedd5c5a4472ba3d392,116523e58eb98e6074c468e368eba4a2356690f1a91c822c5e7afdb877a0b1f5,148,335,18,05cb90cd54e95bd5eab008eaedfd65ed9119258beb5d935eaa26d92a43938b27
45,17,R5/16_right_loop,R5,right_loop,Pore ground truth/Fingerprint Images/R5/16_right_loop.jpg,Pore ground truth/Ground truth/R5/16_right_loop.tsv,f1413fc61b5fc69aed504c8a82762272ad83449bd4335aedd5c5a4472ba3d392,116523e58eb98e6074c468e368eba4a2356690f1a91c822c5e7afdb877a0b1f5,395,350,143,060c2101b2995b8f0fe4bff0e60c5d0676cb5c4b362b8b11044f4fecd9840022
45,18,R5/16_right_loop,R5,right_loop,Pore ground truth/Fingerprint Images/R5/16_right_loop.jpg,Pore ground truth/Ground truth/R5/16_right_loop.tsv,f1413fc61b5fc69aed504c8a82762272ad83449bd4335aedd5c5a4472ba3d392,116523e58eb98e6074c468e368eba4a2356690f1a91c822c5e7afdb877a0b1f5,101,129,73,084a369222ef3e0fac170459ca65f5164d27d40bf488b30c9c35adb0b9c21fed
45,19,R5/16_right_loop,R5,right_loop,Pore ground truth/Fingerprint Images/R5/16_right_loop.jpg,Pore ground truth/Ground truth/R5/16_right_loop.tsv,f1413fc61b5fc69aed504c8a82762272ad83449bd4335aedd5c5a4472ba3d392,116523e58eb98e6074c468e368eba4a2356690f1a91c822c5e7afdb877a0b1f5,383,338,420,088576c6d599a22e608597b95f6eeed20e4c69f57247d1523e544f6ae4d2a97c
45,20,R5/16_right_loop,R5,right_loop,Pore ground truth/Fingerprint Images/R5/16_right_loop.jpg,Pore ground truth/Ground truth/R5/16_right_loop.tsv,f1413fc61b5fc69aed504c8a82762272ad83449bd4335aedd5c5a4472ba3d392,116523e58eb98e6074c468e368eba4a2356690f1a91c822c5e7afdb877a0b1f5,120,89,256,09b969eb2596a260a29d99ab7de60714f3c929bfedee9aa72cfde718b1cec354
46,1,R5/64_right_loop,R5,right_loop,Pore ground truth/Fingerprint Images/R5/64_right_loop.jpg,Pore ground truth/Ground truth/R5/64_right_loop.tsv,95b5e3cd2924e648884936398fd2950ac6481f2e7df0e6cd445cc524315d78ae,f7c3ff793216658ea6cd10c848123054182cdfffbcbb70e82ea239eaddb223a8,141,159,136,017c6323b15d84846b4536a19d0e182b4f5dc188d8c148ee18b1c9b58816ebfc
46,2,R5/64_right_loop,R5,right_loop,Pore ground truth/Fingerprint Images/R5/64_right_loop.jpg,Pore ground truth/Ground truth/R5/64_right_loop.tsv,95b5e3cd2924e648884936398fd2950ac6481f2e7df0e6cd445cc524315d78ae,f7c3ff793216658ea6cd10c848123054182cdfffbcbb70e82ea239eaddb223a8,217,332,98,0228e2358911e21b111e220c4056d6929d858844610e8b29343a01c76868166a
46,3,R5/64_right_loop,R5,right_loop,Pore ground truth/Fingerprint Images/R5/64_right_loop.jpg,Pore ground truth/Ground truth/R5/64_right_loop.tsv,95b5e3cd2924e648884936398fd2950ac6481f2e7df0e6cd445cc524315d78ae,f7c3ff793216658ea6cd10c848123054182cdfffbcbb70e82ea239eaddb223a8,83,91,191,039068ce01964b309787c277e986dc301bfbce02d7b0f0fcf75737e26bd5f5fb
46,4,R5/64_right_loop,R5,right_loop,Pore ground truth/Fingerprint Images/R5/64_right_loop.jpg,Pore ground truth/Ground truth/R5/64_right_loop.tsv,95b5e3cd2924e648884936398fd2950ac6481f2e7df0e6cd445cc524315d78ae,f7c3ff793216658ea6cd10c848123054182cdfffbcbb70e82ea239eaddb223a8,100,128,159,0392099f02f5ea7dd4927e23dfa7304bdf34d084157cefa515334d0e0ef614da
46,5,R5/64_right_loop,R5,right_loop,Pore ground truth/Fingerprint Images/R5/64_right_loop.jpg,Pore ground truth/Ground truth/R5/64_right_loop.tsv,95b5e3cd2924e648884936398fd2950ac6481f2e7df0e6cd445cc524315d78ae,f7c3ff793216658ea6cd10c848123054182cdfffbcbb70e82ea239eaddb223a8,57,66,360,044ead528ad44a02a6134f0210d9fd7f28590d5f8c9354ad4bd93cacdf8483fd
46,6,R5/64_right_loop,R5,right_loop,Pore ground truth/Fingerprint Images/R5/64_right_loop.jpg,Pore ground truth/Ground truth/R5/64_right_loop.tsv,95b5e3cd2924e648884936398fd2950ac6481f2e7df0e6cd445cc524315d78ae,f7c3ff793216658ea6cd10c848123054182cdfffbcbb70e82ea239eaddb223a8,176,188,216,046e5cc8c3418f732de13cad75cc8046288f8895eeb4e354c06d150f896b7351
46,7,R5/64_right_loop,R5,right_loop,Pore ground truth/Fingerprint Images/R5/64_right_loop.jpg,Pore ground truth/Ground truth/R5/64_right_loop.tsv,95b5e3cd2924e648884936398fd2950ac6481f2e7df0e6cd445cc524315d78ae,f7c3ff793216658ea6cd10c848123054182cdfffbcbb70e82ea239eaddb223a8,147,202,33,04c7d390edf48a691f1c6c60e273f01e81e27cc25d620671f771a5828d49c9d1
46,8,R5/64_right_loop,R5,right_loop,Pore ground truth/Fingerprint Images/R5/64_right_loop.jpg,Pore ground truth/Ground truth/R5/64_right_loop.tsv,95b5e3cd2924e648884936398fd2950ac6481f2e7df0e6cd445cc524315d78ae,f7c3ff793216658ea6cd10c848123054182cdfffbcbb70e82ea239eaddb223a8,231,325,349,05070a6c1194f6d961b864a1fe79e23dd2d57e6e826a197e1286e6d5695a165b
46,9,R5/64_right_loop,R5,right_loop,Pore ground truth/Fingerprint Images/R5/64_right_loop.jpg,Pore ground truth/Ground truth/R5/64_right_loop.tsv,95b5e3cd2924e648884936398fd2950ac6481f2e7df0e6cd445cc524315d78ae,f7c3ff793216658ea6cd10c848123054182cdfffbcbb70e82ea239eaddb223a8,92,162,406,0793d27ab98fb4fa533637eeee051b404a610a36656cd93729fab1e9b9842476
46,10,R5/64_right_loop,R5,right_loop,Pore ground truth/Fingerprint Images/R5/64_right_loop.jpg,Pore ground truth/Ground truth/R5/64_right_loop.tsv,95b5e3cd2924e648884936398fd2950ac6481f2e7df0e6cd445cc524315d78ae,f7c3ff793216658ea6cd10c848123054182cdfffbcbb70e82ea239eaddb223a8,63,147,480,07d18639fe6f6b036aa48bf5b1dad2fb05a4e77e4fe58463449ffb3e3a4938fa
46,11,R5/64_right_loop,R5,right_loop,Pore ground truth/Fingerprint Images/R5/64_right_loop.jpg,Pore ground truth/Ground truth/R5/64_right_loop.tsv,95b5e3cd2924e648884936398fd2950ac6481f2e7df0e6cd445cc524315d78ae,f7c3ff793216658ea6cd10c848123054182cdfffbcbb70e82ea239eaddb223a8,233,363,382,08b3747071f286b7b60b2b026355d4a1054e5c9acf4c432d1d6a1cf583ab9bcd
46,12,R5/64_right_loop,R5,right_loop,Pore ground truth/Fingerprint Images/R5/64_right_loop.jpg,Pore ground truth/Ground truth/R5/64_right_loop.tsv,95b5e3cd2924e648884936398fd2950ac6481f2e7df0e6cd445cc524315d78ae,f7c3ff793216658ea6cd10c848123054182cdfffbcbb70e82ea239eaddb223a8,73,124,413,09c0f56cfbaeb3b5418e9401c756eac4fa721bd518e92c4b444c7ac80d908cad
46,13,R5/64_right_loop,R5,right_loop,Pore ground truth/Fingerprint Images/R5/64_right_loop.jpg,Pore ground truth/Ground truth/R5/64_right_loop.tsv,95b5e3cd2924e648884936398fd2950ac6481f2e7df0e6cd445cc524315d78ae,f7c3ff793216658ea6cd10c848123054182cdfffbcbb70e82ea239eaddb223a8,9,19,177,09c2fbfe1f780110342679c848e4267043c033a2f0b5c0bea7e37c305e790dae
46,14,R5/64_right_loop,R5,right_loop,Pore ground truth/Fingerprint Images/R5/64_right_loop.jpg,Pore ground truth/Ground truth/R5/64_right_loop.tsv,95b5e3cd2924e648884936398fd2950ac6481f2e7df0e6cd445cc524315d78ae,f7c3ff793216658ea6cd10c848123054182cdfffbcbb70e82ea239eaddb223a8,301,494,250,0bcab6c6d625d629ba499edab5c3289525526c61d52f46f47ace92e71d36bc91
46,15,R5/64_right_loop,R5,right_loop,Pore ground truth/Fingerprint Images/R5/64_right_loop.jpg,Pore ground truth/Ground truth/R5/64_right_loop.tsv,95b5e3cd2924e648884936398fd2950ac6481f2e7df0e6cd445cc524315d78ae,f7c3ff793216658ea6cd10c848123054182cdfffbcbb70e82ea239eaddb223a8,52,54,231,0c05c1e1987a23fdf3b02885a23543d3f4b00926f5cdc8919f666bece135dfe8
46,16,R5/64_right_loop,R5,right_loop,Pore ground truth/Fingerprint Images/R5/64_right_loop.jpg,Pore ground truth/Ground truth/R5/64_right_loop.tsv,95b5e3cd2924e648884936398fd2950ac6481f2e7df0e6cd445cc524315d78ae,f7c3ff793216658ea6cd10c848123054182cdfffbcbb70e82ea239eaddb223a8,311,480,347,0c905b4883fe4900d8a4f880dcda28a16ca28e6c1e1888917be20f38d0fde236
46,17,R5/64_right_loop,R5,right_loop,Pore ground truth/Fingerprint Images/R5/64_right_loop.jpg,Pore ground truth/Ground truth/R5/64_right_loop.tsv,95b5e3cd2924e648884936398fd2950ac6481f2e7df0e6cd445cc524315d78ae,f7c3ff793216658ea6cd10c848123054182cdfffbcbb70e82ea239eaddb223a8,121,328,496,0cd44a4cddc47e95b06157535f375be9785db965e2f7a6c9da499fccdd36bf00
46,18,R5/64_right_loop,R5,right_loop,Pore ground truth/Fingerprint Images/R5/64_right_loop.jpg,Pore ground truth/Ground truth/R5/64_right_loop.tsv,95b5e3cd2924e648884936398fd2950ac6481f2e7df0e6cd445cc524315d78ae,f7c3ff793216658ea6cd10c848123054182cdfffbcbb70e82ea239eaddb223a8,171,456,18,0d281dc03afb1f9c569070f088dee1e2dfea1a44b10e7bdf8b2ff145aef5bbde
46,19,R5/64_right_loop,R5,right_loop,Pore ground truth/Fingerprint Images/R5/64_right_loop.jpg,Pore ground truth/Ground truth/R5/64_right_loop.tsv,95b5e3cd2924e648884936398fd2950ac6481f2e7df0e6cd445cc524315d78ae,f7c3ff793216658ea6cd10c848123054182cdfffbcbb70e82ea239eaddb223a8,202,241,254,0dacfa169077b23837854d55340276d458b2addbe29114084741d1dae665c068
46,20,R5/64_right_loop,R5,right_loop,Pore ground truth/Fingerprint Images/R5/64_right_loop.jpg,Pore ground truth/Ground truth/R5/64_right_loop.tsv,95b5e3cd2924e648884936398fd2950ac6481f2e7df0e6cd445cc524315d78ae,f7c3ff793216658ea6cd10c848123054182cdfffbcbb70e82ea239eaddb223a8,135,157,201,0de0df2e782f01607d39dda2216a9a3875e5f7e17c9890491dc19a94b55caace
47,1,R5/1_tented_arch,R5,tented_arch,Pore ground truth/Fingerprint Images/R5/1_tented_arch.jpg,Pore ground truth/Ground truth/R5/1_tented_arch.tsv,85d66c56282e5f662f8aa7a5b55046f44f553a3d151ae0d7715ea7f91a1799a5,533b88a63bcfb2e30c4a6c5553dc98f417fe18ced056d4213ce9d72fc33497c1,248,281,320,00c543f2f008e3f7608709a62db834d855eb9534cc2e689a682eeeb20111b5a9
47,2,R5/1_tented_arch,R5,tented_arch,Pore ground truth/Fingerprint Images/R5/1_tented_arch.jpg,Pore ground truth/Ground truth/R5/1_tented_arch.tsv,85d66c56282e5f662f8aa7a5b55046f44f553a3d151ae0d7715ea7f91a1799a5,533b88a63bcfb2e30c4a6c5553dc98f417fe18ced056d4213ce9d72fc33497c1,274,289,212,02f0e4890a81822527f0f3e99027f2905587e56e1f510694294042f10052e720
47,3,R5/1_tented_arch,R5,tented_arch,Pore ground truth/Fingerprint Images/R5/1_tented_arch.jpg,Pore ground truth/Ground truth/R5/1_tented_arch.tsv,85d66c56282e5f662f8aa7a5b55046f44f553a3d151ae0d7715ea7f91a1799a5,533b88a63bcfb2e30c4a6c5553dc98f417fe18ced056d4213ce9d72fc33497c1,80,48,303,04380f57a10f1083857bebed408bb6d2975251b2a66593e8db500ba6dc9783b2
47,4,R5/1_tented_arch,R5,tented_arch,Pore ground truth/Fingerprint Images/R5/1_tented_arch.jpg,Pore ground truth/Ground truth/R5/1_tented_arch.tsv,85d66c56282e5f662f8aa7a5b55046f44f553a3d151ae0d7715ea7f91a1799a5,533b88a63bcfb2e30c4a6c5553dc98f417fe18ced056d4213ce9d72fc33497c1,132,333,221,04d2bfab1f287ee26b3cfea23faff3f7449a9b22d463010fc20cad17f019e2c8
47,5,R5/1_tented_arch,R5,tented_arch,Pore ground truth/Fingerprint Images/R5/1_tented_arch.jpg,Pore ground truth/Ground truth/R5/1_tented_arch.tsv,85d66c56282e5f662f8aa7a5b55046f44f553a3d151ae0d7715ea7f91a1799a5,533b88a63bcfb2e30c4a6c5553dc98f417fe18ced056d4213ce9d72fc33497c1,4,42,52,054ccc1e819dc2c4b45713de064f81e11837a847ff7d71211af7cd2f400bb8cc
47,6,R5/1_tented_arch,R5,tented_arch,Pore ground truth/Fingerprint Images/R5/1_tented_arch.jpg,Pore ground truth/Ground truth/R5/1_tented_arch.tsv,85d66c56282e5f662f8aa7a5b55046f44f553a3d151ae0d7715ea7f91a1799a5,533b88a63bcfb2e30c4a6c5553dc98f417fe18ced056d4213ce9d72fc33497c1,230,291,466,067faaed084b2ea7f9671d900ae4cd8d43235d4d5165c55bd71bf2e6afee721e
47,7,R5/1_tented_arch,R5,tented_arch,Pore ground truth/Fingerprint Images/R5/1_tented_arch.jpg,Pore ground truth/Ground truth/R5/1_tented_arch.tsv,85d66c56282e5f662f8aa7a5b55046f44f553a3d151ae0d7715ea7f91a1799a5,533b88a63bcfb2e30c4a6c5553dc98f417fe18ced056d4213ce9d72fc33497c1,13,433,41,06e86c072a3d272e8edca9a4a46359cf443c6fab6a1e1204cd53e0f9b3003439
47,8,R5/1_tented_arch,R5,tented_arch,Pore ground truth/Fingerprint Images/R5/1_tented_arch.jpg,Pore ground truth/Ground truth/R5/1_tented_arch.tsv,85d66c56282e5f662f8aa7a5b55046f44f553a3d151ae0d7715ea7f91a1799a5,533b88a63bcfb2e30c4a6c5553dc98f417fe18ced056d4213ce9d72fc33497c1,18,5,170,0705a632be34f32b9c32d0e3fd8b0f7fa9cbdaf1917c12135c3aaae8c51bdc95
47,9,R5/1_tented_arch,R5,tented_arch,Pore ground truth/Fingerprint Images/R5/1_tented_arch.jpg,Pore ground truth/Ground truth/R5/1_tented_arch.tsv,85d66c56282e5f662f8aa7a5b55046f44f553a3d151ae0d7715ea7f91a1799a5,533b88a63bcfb2e30c4a6c5553dc98f417fe18ced056d4213ce9d72fc33497c1,313,503,234,078a5bd66f7553a359a15f8fdbd2f0e6b96034965ea298533b95782c3e490a9c
47,10,R5/1_tented_arch,R5,tented_arch,Pore ground truth/Fingerprint Images/R5/1_tented_arch.jpg,Pore ground truth/Ground truth/R5/1_tented_arch.tsv,85d66c56282e5f662f8aa7a5b55046f44f553a3d151ae0d7715ea7f91a1799a5,533b88a63bcfb2e30c4a6c5553dc98f417fe18ced056d4213ce9d72fc33497c1,95,223,72,08f6d98bdc05e84b156cb20505bc31f8c6c419cc5e66c5b398131f2cd3210e65
47,11,R5/1_tented_arch,R5,tented_arch,Pore ground truth/Fingerprint Images/R5/1_tented_arch.jpg,Pore ground truth/Ground truth/R5/1_tented_arch.tsv,85d66c56282e5f662f8aa7a5b55046f44f553a3d151ae0d7715ea7f91a1799a5,533b88a63bcfb2e30c4a6c5553dc98f417fe18ced056d4213ce9d72fc33497c1,262,314,413,094308721dcd25dbece19430f4ae1f9833ed3b48fda0bdbc249923b1cab68d91
47,12,R5/1_tented_arch,R5,tented_arch,Pore ground truth/Fingerprint Images/R5/1_tented_arch.jpg,Pore ground truth/Ground truth/R5/1_tented_arch.tsv,85d66c56282e5f662f8aa7a5b55046f44f553a3d151ae0d7715ea7f91a1799a5,533b88a63bcfb2e30c4a6c5553dc98f417fe18ced056d4213ce9d72fc33497c1,58,165,52,0b4e1bcffcab4020963aa4da9041e93c1c50992cec8fe60aed0f124ea359e8b7
47,13,R5/1_tented_arch,R5,tented_arch,Pore ground truth/Fingerprint Images/R5/1_tented_arch.jpg,Pore ground truth/Ground truth/R5/1_tented_arch.tsv,85d66c56282e5f662f8aa7a5b55046f44f553a3d151ae0d7715ea7f91a1799a5,533b88a63bcfb2e30c4a6c5553dc98f417fe18ced056d4213ce9d72fc33497c1,250,327,373,0bffc9600d2b0e013c2ec3c74bc7494f8ba6f25299cf07c88ea7098724d1713a
47,14,R5/1_tented_arch,R5,tented_arch,Pore ground truth/Fingerprint Images/R5/1_tented_arch.jpg,Pore ground truth/Ground truth/R5/1_tented_arch.tsv,85d66c56282e5f662f8aa7a5b55046f44f553a3d151ae0d7715ea7f91a1799a5,533b88a63bcfb2e30c4a6c5553dc98f417fe18ced056d4213ce9d72fc33497c1,276,322,262,0dc3df2b8af281eb1b70a23aede836e8f9751a1a49ba92f65e7e0465db5f90f2
47,15,R5/1_tented_arch,R5,tented_arch,Pore ground truth/Fingerprint Images/R5/1_tented_arch.jpg,Pore ground truth/Ground truth/R5/1_tented_arch.tsv,85d66c56282e5f662f8aa7a5b55046f44f553a3d151ae0d7715ea7f91a1799a5,533b88a63bcfb2e30c4a6c5553dc98f417fe18ced056d4213ce9d72fc33497c1,291,334,327,0ff0092e5cfea99fcf2abb63b443e737ff48fa076fdc53aedd1e9827b295e932
47,16,R5/1_tented_arch,R5,tented_arch,Pore ground truth/Fingerprint Images/R5/1_tented_arch.jpg,Pore ground truth/Ground truth/R5/1_tented_arch.tsv,85d66c56282e5f662f8aa7a5b55046f44f553a3d151ae0d7715ea7f91a1799a5,533b88a63bcfb2e30c4a6c5553dc98f417fe18ced056d4213ce9d72fc33497c1,186,320,506,106c4422a81ee69d897c2564768e2a9268680e95e03e0035884633f2979a53ca
47,17,R5/1_tented_arch,R5,tented_arch,Pore ground truth/Fingerprint Images/R5/1_tented_arch.jpg,Pore ground truth/Ground truth/R5/1_tented_arch.tsv,85d66c56282e5f662f8aa7a5b55046f44f553a3d151ae0d7715ea7f91a1799a5,533b88a63bcfb2e30c4a6c5553dc98f417fe18ced056d4213ce9d72fc33497c1,27,157,12,10ced02aba4c48ca866019ec90f70682db8b8e7b31e2d9298508cfd8ce63a427
47,18,R5/1_tented_arch,R5,tented_arch,Pore ground truth/Fingerprint Images/R5/1_tented_arch.jpg,Pore ground truth/Ground truth/R5/1_tented_arch.tsv,85d66c56282e5f662f8aa7a5b55046f44f553a3d151ae0d7715ea7f91a1799a5,533b88a63bcfb2e30c4a6c5553dc98f417fe18ced056d4213ce9d72fc33497c1,54,119,120,10f278b9d945912c4204a08ba3060597663bad5f229100e35833a594bf8802f0
47,19,R5/1_tented_arch,R5,tented_arch,Pore ground truth/Fingerprint Images/R5/1_tented_arch.jpg,Pore ground truth/Ground truth/R5/1_tented_arch.tsv,85d66c56282e5f662f8aa7a5b55046f44f553a3d151ae0d7715ea7f91a1799a5,533b88a63bcfb2e30c4a6c5553dc98f417fe18ced056d4213ce9d72fc33497c1,169,206,258,11440442a9fb8f68028fc02a49bc782561ebcef860a6f9028ab993cf2a0e17d0
47,20,R5/1_tented_arch,R5,tented_arch,Pore ground truth/Fingerprint Images/R5/1_tented_arch.jpg,Pore ground truth/Ground truth/R5/1_tented_arch.tsv,85d66c56282e5f662f8aa7a5b55046f44f553a3d151ae0d7715ea7f91a1799a5,533b88a63bcfb2e30c4a6c5553dc98f417fe18ced056d4213ce9d72fc33497c1,53,116,127,114c0a6458be6e0a6237b3fc4d7125df02eee3bde551c3daa2f2f9419449af76
48,1,R5/28_whorl,R5,whorl,Pore ground truth/Fingerprint Images/R5/28_whorl.jpg,Pore ground truth/Ground truth/R5/28_whorl.tsv,4cc372803954ef12f191bb0f8f3960fe6e6331fb2ef0c3db1e8ca1986f697b8d,c39f863123809999073f314546bf2b2b1fe5a3a4dce3cae54bca1048a980a0c6,277,72,43,00b80a2798d49c123f462d7fab2e103774b8c94a19027ac0953146bb5809ff5e
48,2,R5/28_whorl,R5,whorl,Pore ground truth/Fingerprint Images/R5/28_whorl.jpg,Pore ground truth/Ground truth/R5/28_whorl.tsv,4cc372803954ef12f191bb0f8f3960fe6e6331fb2ef0c3db1e8ca1986f697b8d,c39f863123809999073f314546bf2b2b1fe5a3a4dce3cae54bca1048a980a0c6,11,15,381,01d8eec12c0222fd09753798609d880e9a02b79c317b723f32a248dfe37c762f
48,3,R5/28_whorl,R5,whorl,Pore ground truth/Fingerprint Images/R5/28_whorl.jpg,Pore ground truth/Ground truth/R5/28_whorl.tsv,4cc372803954ef12f191bb0f8f3960fe6e6331fb2ef0c3db1e8ca1986f697b8d,c39f863123809999073f314546bf2b2b1fe5a3a4dce3cae54bca1048a980a0c6,135,487,62,01dcfb9a98e4c272f406ea3e974e7094a76d49218aa762ff5feee8a1a0359a05
48,4,R5/28_whorl,R5,whorl,Pore ground truth/Fingerprint Images/R5/28_whorl.jpg,Pore ground truth/Ground truth/R5/28_whorl.tsv,4cc372803954ef12f191bb0f8f3960fe6e6331fb2ef0c3db1e8ca1986f697b8d,c39f863123809999073f314546bf2b2b1fe5a3a4dce3cae54bca1048a980a0c6,222,398,26,0215b569deb7fa5252bdaa072bc1b93e4ac4e419d139e4d5453ad1c6ffab1e6f
48,5,R5/28_whorl,R5,whorl,Pore ground truth/Fingerprint Images/R5/28_whorl.jpg,Pore ground truth/Ground truth/R5/28_whorl.tsv,4cc372803954ef12f191bb0f8f3960fe6e6331fb2ef0c3db1e8ca1986f697b8d,c39f863123809999073f314546bf2b2b1fe5a3a4dce3cae54bca1048a980a0c6,395,494,395,03575019f076922f8909afb2f596cb975d4ec3154f108fefd9d0e9a9c1f8b308
48,6,R5/28_whorl,R5,whorl,Pore ground truth/Fingerprint Images/R5/28_whorl.jpg,Pore ground truth/Ground truth/R5/28_whorl.tsv,4cc372803954ef12f191bb0f8f3960fe6e6331fb2ef0c3db1e8ca1986f697b8d,c39f863123809999073f314546bf2b2b1fe5a3a4dce3cae54bca1048a980a0c6,256,97,428,0456bef206d8d01f6e69fdb18048f776b9d8d35a5d79435550957015158fc222
48,7,R5/28_whorl,R5,whorl,Pore ground truth/Fingerprint Images/R5/28_whorl.jpg,Pore ground truth/Ground truth/R5/28_whorl.tsv,4cc372803954ef12f191bb0f8f3960fe6e6331fb2ef0c3db1e8ca1986f697b8d,c39f863123809999073f314546bf2b2b1fe5a3a4dce3cae54bca1048a980a0c6,173,412,165,052bb8b248b76f8da2c405654e547e0cde14f7183e39abefebb90b8a5f3909f7
48,8,R5/28_whorl,R5,whorl,Pore ground truth/Fingerprint Images/R5/28_whorl.jpg,Pore ground truth/Ground truth/R5/28_whorl.tsv,4cc372803954ef12f191bb0f8f3960fe6e6331fb2ef0c3db1e8ca1986f697b8d,c39f863123809999073f314546bf2b2b1fe5a3a4dce3cae54bca1048a980a0c6,346,464,182,0585360eb866f467f50f168e5cc782a2db6ab57ed90e42bbcab34b272eeb0f35
48,9,R5/28_whorl,R5,whorl,Pore ground truth/Fingerprint Images/R5/28_whorl.jpg,Pore ground truth/Ground truth/R5/28_whorl.tsv,4cc372803954ef12f191bb0f8f3960fe6e6331fb2ef0c3db1e8ca1986f697b8d,c39f863123809999073f314546bf2b2b1fe5a3a4dce3cae54bca1048a980a0c6,177,369,100,072be16ccffdaefadec54a435e305269cec7c6d4fe3ab30c065ab0788cdd21e8
48,10,R5/28_whorl,R5,whorl,Pore ground truth/Fingerprint Images/R5/28_whorl.jpg,Pore ground truth/Ground truth/R5/28_whorl.tsv,4cc372803954ef12f191bb0f8f3960fe6e6331fb2ef0c3db1e8ca1986f697b8d,c39f863123809999073f314546bf2b2b1fe5a3a4dce3cae54bca1048a980a0c6,273,89,337,0752630aa3904f1ffded2d77e8cde1d73a7575c5fc3c92f1e57b322befcaf986
48,11,R5/28_whorl,R5,whorl,Pore ground truth/Fingerprint Images/R5/28_whorl.jpg,Pore ground truth/Ground truth/R5/28_whorl.tsv,4cc372803954ef12f191bb0f8f3960fe6e6331fb2ef0c3db1e8ca1986f697b8d,c39f863123809999073f314546bf2b2b1fe5a3a4dce3cae54bca1048a980a0c6,354,363,45,08c5550426dbe269a07d5b763b83378b8215f2a9d2d7a7813d2f2b8c83512f3b
48,12,R5/28_whorl,R5,whorl,Pore ground truth/Fingerprint Images/R5/28_whorl.jpg,Pore ground truth/Ground truth/R5/28_whorl.tsv,4cc372803954ef12f191bb0f8f3960fe6e6331fb2ef0c3db1e8ca1986f697b8d,c39f863123809999073f314546bf2b2b1fe5a3a4dce3cae54bca1048a980a0c6,129,498,251,08f19904b41060e2211bae37e703051230ccc4afdb925047b0f279a682ab4f62
48,13,R5/28_whorl,R5,whorl,Pore ground truth/Fingerprint Images/R5/28_whorl.jpg,Pore ground truth/Ground truth/R5/28_whorl.tsv,4cc372803954ef12f191bb0f8f3960fe6e6331fb2ef0c3db1e8ca1986f697b8d,c39f863123809999073f314546bf2b2b1fe5a3a4dce3cae54bca1048a980a0c6,83,152,229,095a3f68873f6839d3fd0136b7f4690b6472c288ed10a4f6b980e680e82ad87a
48,14,R5/28_whorl,R5,whorl,Pore ground truth/Fingerprint Images/R5/28_whorl.jpg,Pore ground truth/Ground truth/R5/28_whorl.tsv,4cc372803954ef12f191bb0f8f3960fe6e6331fb2ef0c3db1e8ca1986f697b8d,c39f863123809999073f314546bf2b2b1fe5a3a4dce3cae54bca1048a980a0c6,140,277,5,0a6e745d4fbb6ec9c4641a3c064e244817e2281ba9e8cf6ec5267d5736e93372
48,15,R5/28_whorl,R5,whorl,Pore ground truth/Fingerprint Images/R5/28_whorl.jpg,Pore ground truth/Ground truth/R5/28_whorl.tsv,4cc372803954ef12f191bb0f8f3960fe6e6331fb2ef0c3db1e8ca1986f697b8d,c39f863123809999073f314546bf2b2b1fe5a3a4dce3cae54bca1048a980a0c6,148,191,113,0ca568f85c8b067bde6673058f32cbbd506c33420f3a0fe8853ca7b743652d24
48,16,R5/28_whorl,R5,whorl,Pore ground truth/Fingerprint Images/R5/28_whorl.jpg,Pore ground truth/Ground truth/R5/28_whorl.tsv,4cc372803954ef12f191bb0f8f3960fe6e6331fb2ef0c3db1e8ca1986f697b8d,c39f863123809999073f314546bf2b2b1fe5a3a4dce3cae54bca1048a980a0c6,394,488,405,0cbde198d35d12fd0449f0dc93f3b2c98a01f568901808941590bd77c6dae1f5
48,17,R5/28_whorl,R5,whorl,Pore ground truth/Fingerprint Images/R5/28_whorl.jpg,Pore ground truth/Ground truth/R5/28_whorl.tsv,4cc372803954ef12f191bb0f8f3960fe6e6331fb2ef0c3db1e8ca1986f697b8d,c39f863123809999073f314546bf2b2b1fe5a3a4dce3cae54bca1048a980a0c6,260,193,442,0cfc7e0274f14383e7981ecfc676e528c9f11fe903d68c1355ed5eb9c0054903
48,18,R5/28_whorl,R5,whorl,Pore ground truth/Fingerprint Images/R5/28_whorl.jpg,Pore ground truth/Ground truth/R5/28_whorl.tsv,4cc372803954ef12f191bb0f8f3960fe6e6331fb2ef0c3db1e8ca1986f697b8d,c39f863123809999073f314546bf2b2b1fe5a3a4dce3cae54bca1048a980a0c6,296,143,346,0d4ae01ce9f204e249dd3f57d006c6bb75e9b846233e4103de3ea288f02a20a6
48,19,R5/28_whorl,R5,whorl,Pore ground truth/Fingerprint Images/R5/28_whorl.jpg,Pore ground truth/Ground truth/R5/28_whorl.tsv,4cc372803954ef12f191bb0f8f3960fe6e6331fb2ef0c3db1e8ca1986f697b8d,c39f863123809999073f314546bf2b2b1fe5a3a4dce3cae54bca1048a980a0c6,266,60,172,0d5d411368e813c67280e77dade0107a0e1bab07cc4c79a8d0e846e6d17f5e16
48,20,R5/28_whorl,R5,whorl,Pore ground truth/Fingerprint Images/R5/28_whorl.jpg,Pore ground truth/Ground truth/R5/28_whorl.tsv,4cc372803954ef12f191bb0f8f3960fe6e6331fb2ef0c3db1e8ca1986f697b8d,c39f863123809999073f314546bf2b2b1fe5a3a4dce3cae54bca1048a980a0c6,287,91,188,0fd58350cf1ce7de81e8e84b49c53e304512ed0e880f8895ded5e846a0a2268b
49,1,R5/21_whorl,R5,whorl,Pore ground truth/Fingerprint Images/R5/21_whorl.jpg,Pore ground truth/Ground truth/R5/21_whorl.tsv,c3f4965e565e2bf4ec2c5da63047d2c2932de1b9f8479d01996b2be38bf97d04,69b12e8788b780712b1a715918e590c723bee6950a7687c863d419b77f74948c,247,440,503,006aef4f76e1b4812a7a6c2d79745a00bb528cc000f8947051a162b44e3878cf
49,2,R5/21_whorl,R5,whorl,Pore ground truth/Fingerprint Images/R5/21_whorl.jpg,Pore ground truth/Ground truth/R5/21_whorl.tsv,c3f4965e565e2bf4ec2c5da63047d2c2932de1b9f8479d01996b2be38bf97d04,69b12e8788b780712b1a715918e590c723bee6950a7687c863d419b77f74948c,132,369,310,017f790030b13cb8d4954b5d077be3c1c0a1b6f5cf74d8dfbb9669ea265573a2
49,3,R5/21_whorl,R5,whorl,Pore ground truth/Fingerprint Images/R5/21_whorl.jpg,Pore ground truth/Ground truth/R5/21_whorl.tsv,c3f4965e565e2bf4ec2c5da63047d2c2932de1b9f8479d01996b2be38bf97d04,69b12e8788b780712b1a715918e590c723bee6950a7687c863d419b77f74948c,466,185,227,018496be5a4e64765979404bc3b5907a9e2e1a363d4ec922e4c351a00071d456
49,4,R5/21_whorl,R5,whorl,Pore ground truth/Fingerprint Images/R5/21_whorl.jpg,Pore ground truth/Ground truth/R5/21_whorl.tsv,c3f4965e565e2bf4ec2c5da63047d2c2932de1b9f8479d01996b2be38bf97d04,69b12e8788b780712b1a715918e590c723bee6950a7687c863d419b77f74948c,371,256,459,01854f90f47ed943ccabb04ff3564dbde8171bdf08004adcfe67fd1f5d8b4726
49,5,R5/21_whorl,R5,whorl,Pore ground truth/Fingerprint Images/R5/21_whorl.jpg,Pore ground truth/Ground truth/R5/21_whorl.tsv,c3f4965e565e2bf4ec2c5da63047d2c2932de1b9f8479d01996b2be38bf97d04,69b12e8788b780712b1a715918e590c723bee6950a7687c863d419b77f74948c,99,79,305,01af5875d282861ba7e6b6b1bd571268f7070bf32b16a6049edfab399251e782
49,6,R5/21_whorl,R5,whorl,Pore ground truth/Fingerprint Images/R5/21_whorl.jpg,Pore ground truth/Ground truth/R5/21_whorl.tsv,c3f4965e565e2bf4ec2c5da63047d2c2932de1b9f8479d01996b2be38bf97d04,69b12e8788b780712b1a715918e590c723bee6950a7687c863d419b77f74948c,117,378,44,02ec9e4e35152ab2d50b9175a50b43a7ff3bdb26df3c01af7fc614012bf3d99a
49,7,R5/21_whorl,R5,whorl,Pore ground truth/Fingerprint Images/R5/21_whorl.jpg,Pore ground truth/Ground truth/R5/21_whorl.tsv,c3f4965e565e2bf4ec2c5da63047d2c2932de1b9f8479d01996b2be38bf97d04,69b12e8788b780712b1a715918e590c723bee6950a7687c863d419b77f74948c,191,297,26,0453263dba39126d39f3790cc33608396d768ad6cb038100daa42f847482f284
49,8,R5/21_whorl,R5,whorl,Pore ground truth/Fingerprint Images/R5/21_whorl.jpg,Pore ground truth/Ground truth/R5/21_whorl.tsv,c3f4965e565e2bf4ec2c5da63047d2c2932de1b9f8479d01996b2be38bf97d04,69b12e8788b780712b1a715918e590c723bee6950a7687c863d419b77f74948c,25,465,409,04c3abc90a3e0471b1aadcc230d871f8b4152c9c7486657dc5e4d5c51b98c547
49,9,R5/21_whorl,R5,whorl,Pore ground truth/Fingerprint Images/R5/21_whorl.jpg,Pore ground truth/Ground truth/R5/21_whorl.tsv,c3f4965e565e2bf4ec2c5da63047d2c2932de1b9f8479d01996b2be38bf97d04,69b12e8788b780712b1a715918e590c723bee6950a7687c863d419b77f74948c,216,174,65,053a009e0f1ba04ccf1983f24d80d9d0459f9563c89f4a66b50191b4a5d119aa
49,10,R5/21_whorl,R5,whorl,Pore ground truth/Fingerprint Images/R5/21_whorl.jpg,Pore ground truth/Ground truth/R5/21_whorl.tsv,c3f4965e565e2bf4ec2c5da63047d2c2932de1b9f8479d01996b2be38bf97d04,69b12e8788b780712b1a715918e590c723bee6950a7687c863d419b77f74948c,322,58,398,0543b23bf147462f92559ba9ab308a44c31caa0a61f18c2891846bc689426dee
49,11,R5/21_whorl,R5,whorl,Pore ground truth/Fingerprint Images/R5/21_whorl.jpg,Pore ground truth/Ground truth/R5/21_whorl.tsv,c3f4965e565e2bf4ec2c5da63047d2c2932de1b9f8479d01996b2be38bf97d04,69b12e8788b780712b1a715918e590c723bee6950a7687c863d419b77f74948c,77,427,306,061cb3caf198d6a10e76296b5db8ce92e34812905cc2f515c537604d2cd64a3e
49,12,R5/21_whorl,R5,whorl,Pore ground truth/Fingerprint Images/R5/21_whorl.jpg,Pore ground truth/Ground truth/R5/21_whorl.tsv,c3f4965e565e2bf4ec2c5da63047d2c2932de1b9f8479d01996b2be38bf97d04,69b12e8788b780712b1a715918e590c723bee6950a7687c863d419b77f74948c,422,262,193,064bf045706ae839e80b87d476094aac391c6df8ecec8b809f97cfe09399c9dd
49,13,R5/21_whorl,R5,whorl,Pore ground truth/Fingerprint Images/R5/21_whorl.jpg,Pore ground truth/Ground truth/R5/21_whorl.tsv,c3f4965e565e2bf4ec2c5da63047d2c2932de1b9f8479d01996b2be38bf97d04,69b12e8788b780712b1a715918e590c723bee6950a7687c863d419b77f74948c,69,436,133,0676a0a8376ebef787d3715737932c7fd0ab98f50eb350f9f9f052c635a7a685
49,14,R5/21_whorl,R5,whorl,Pore ground truth/Fingerprint Images/R5/21_whorl.jpg,Pore ground truth/Ground truth/R5/21_whorl.tsv,c3f4965e565e2bf4ec2c5da63047d2c2932de1b9f8479d01996b2be38bf97d04,69b12e8788b780712b1a715918e590c723bee6950a7687c863d419b77f74948c,345,83,256,06881f8b4553b1b38fff606e79ed5c036bcbabed1d0bb7bebe8f1542e49260ba
49,15,R5/21_whorl,R5,whorl,Pore ground truth/Fingerprint Images/R5/21_whorl.jpg,Pore ground truth/Ground truth/R5/21_whorl.tsv,c3f4965e565e2bf4ec2c5da63047d2c2932de1b9f8479d01996b2be38bf97d04,69b12e8788b780712b1a715918e590c723bee6950a7687c863d419b77f74948c,218,217,55,06f562bf2d5639934e1eb3eec0afab5ca2ec45cca088105f43c636765ef83117
49,16,R5/21_whorl,R5,whorl,Pore ground truth/Fingerprint Images/R5/21_whorl.jpg,Pore ground truth/Ground truth/R5/21_whorl.tsv,c3f4965e565e2bf4ec2c5da63047d2c2932de1b9f8479d01996b2be38bf97d04,69b12e8788b780712b1a715918e590c723bee6950a7687c863d419b77f74948c,168,223,283,072f900e8929bd8a6399052a3990a9edf799c3bceb77e9c8614f9b16a2e34fff
49,17,R5/21_whorl,R5,whorl,Pore ground truth/Fingerprint Images/R5/21_whorl.jpg,Pore ground truth/Ground truth/R5/21_whorl.tsv,c3f4965e565e2bf4ec2c5da63047d2c2932de1b9f8479d01996b2be38bf97d04,69b12e8788b780712b1a715918e590c723bee6950a7687c863d419b77f74948c,470,192,298,078adf795ba40f008318ab706fbec35ef12ab0930832a19ba823a0a62be78056
49,18,R5/21_whorl,R5,whorl,Pore ground truth/Fingerprint Images/R5/21_whorl.jpg,Pore ground truth/Ground truth/R5/21_whorl.tsv,c3f4965e565e2bf4ec2c5da63047d2c2932de1b9f8479d01996b2be38bf97d04,69b12e8788b780712b1a715918e590c723bee6950a7687c863d419b77f74948c,459,205,212,07aba508d30b93eae4651c13d5739e517be31febd66a0d25b03180827e46a347
49,19,R5/21_whorl,R5,whorl,Pore ground truth/Fingerprint Images/R5/21_whorl.jpg,Pore ground truth/Ground truth/R5/21_whorl.tsv,c3f4965e565e2bf4ec2c5da63047d2c2932de1b9f8479d01996b2be38bf97d04,69b12e8788b780712b1a715918e590c723bee6950a7687c863d419b77f74948c,104,144,413,07c83134c19e113cc10f32285de9b34c806a51a0ddf292f45b8552b3fc02a012
49,20,R5/21_whorl,R5,whorl,Pore ground truth/Fingerprint Images/R5/21_whorl.jpg,Pore ground truth/Ground truth/R5/21_whorl.tsv,c3f4965e565e2bf4ec2c5da63047d2c2932de1b9f8479d01996b2be38bf97d04,69b12e8788b780712b1a715918e590c723bee6950a7687c863d419b77f74948c,64,396,38,084a7688cf7f2c01467a1dc7d578f66ffcab8abfa5b13a02efa3e3f673430b84
50,1,R5/33_whorl,R5,whorl,Pore ground truth/Fingerprint Images/R5/33_whorl.jpg,Pore ground truth/Ground truth/R5/33_whorl.tsv,898fbe438a67e8d8f2010d391846aa27ed6cf3e1cc95ba2ae83d78c1e70e1996,2854dd41f5aa2fc35e73b0879f4b6f8a0d3a071f962fc70989aa487d0ca22136,87,203,16,00c58c77862d3552dd236da994d947c313d57723b875568a087eea0be7a62bb3
50,2,R5/33_whorl,R5,whorl,Pore ground truth/Fingerprint Images/R5/33_whorl.jpg,Pore ground truth/Ground truth/R5/33_whorl.tsv,898fbe438a67e8d8f2010d391846aa27ed6cf3e1cc95ba2ae83d78c1e70e1996,2854dd41f5aa2fc35e73b0879f4b6f8a0d3a071f962fc70989aa487d0ca22136,64,327,439,01c5c61731cdcd37ec926e2e726043b208c26f58e24bd538b11c0ae2d00279b5
50,3,R5/33_whorl,R5,whorl,Pore ground truth/Fingerprint Images/R5/33_whorl.jpg,Pore ground truth/Ground truth/R5/33_whorl.tsv,898fbe438a67e8d8f2010d391846aa27ed6cf3e1cc95ba2ae83d78c1e70e1996,2854dd41f5aa2fc35e73b0879f4b6f8a0d3a071f962fc70989aa487d0ca22136,329,246,345,02827d958155329d8d9e7a8870bffb451a907025d70a6d3ab8776f3a9a290f41
50,4,R5/33_whorl,R5,whorl,Pore ground truth/Fingerprint Images/R5/33_whorl.jpg,Pore ground truth/Ground truth/R5/33_whorl.tsv,898fbe438a67e8d8f2010d391846aa27ed6cf3e1cc95ba2ae83d78c1e70e1996,2854dd41f5aa2fc35e73b0879f4b6f8a0d3a071f962fc70989aa487d0ca22136,326,261,87,02868f7a2180bd1297154a99f60766a7685e4f8fd6539a3545f61d3834ebac57
50,5,R5/33_whorl,R5,whorl,Pore ground truth/Fingerprint Images/R5/33_whorl.jpg,Pore ground truth/Ground truth/R5/33_whorl.tsv,898fbe438a67e8d8f2010d391846aa27ed6cf3e1cc95ba2ae83d78c1e70e1996,2854dd41f5aa2fc35e73b0879f4b6f8a0d3a071f962fc70989aa487d0ca22136,195,35,244,03e07215883bed4612e878479f74837307b7e766edc7620f8c79dc587bb52c20
50,6,R5/33_whorl,R5,whorl,Pore ground truth/Fingerprint Images/R5/33_whorl.jpg,Pore ground truth/Ground truth/R5/33_whorl.tsv,898fbe438a67e8d8f2010d391846aa27ed6cf3e1cc95ba2ae83d78c1e70e1996,2854dd41f5aa2fc35e73b0879f4b6f8a0d3a071f962fc70989aa487d0ca22136,54,456,261,0583dbc28872ab54803baabb6bf0e7d3d1acbfd74e4913421ccf880685be75f5
50,7,R5/33_whorl,R5,whorl,Pore ground truth/Fingerprint Images/R5/33_whorl.jpg,Pore ground truth/Ground truth/R5/33_whorl.tsv,898fbe438a67e8d8f2010d391846aa27ed6cf3e1cc95ba2ae83d78c1e70e1996,2854dd41f5aa2fc35e73b0879f4b6f8a0d3a071f962fc70989aa487d0ca22136,144,386,268,06e0097a72589706722eacdb475f57869b6eeb1458c914e4adea32428210ef65
50,8,R5/33_whorl,R5,whorl,Pore ground truth/Fingerprint Images/R5/33_whorl.jpg,Pore ground truth/Ground truth/R5/33_whorl.tsv,898fbe438a67e8d8f2010d391846aa27ed6cf3e1cc95ba2ae83d78c1e70e1996,2854dd41f5aa2fc35e73b0879f4b6f8a0d3a071f962fc70989aa487d0ca22136,151,278,395,075114a4bb58ced484599fe73941fbcd5cabdda0419547d7bd767d96c728c602
50,9,R5/33_whorl,R5,whorl,Pore ground truth/Fingerprint Images/R5/33_whorl.jpg,Pore ground truth/Ground truth/R5/33_whorl.tsv,898fbe438a67e8d8f2010d391846aa27ed6cf3e1cc95ba2ae83d78c1e70e1996,2854dd41f5aa2fc35e73b0879f4b6f8a0d3a071f962fc70989aa487d0ca22136,96,395,139,076afe2b02269aaaa6af3aaabbd1ba8eb161c7acf63741957875c7cc5c32e448
50,10,R5/33_whorl,R5,whorl,Pore ground truth/Fingerprint Images/R5/33_whorl.jpg,Pore ground truth/Ground truth/R5/33_whorl.tsv,898fbe438a67e8d8f2010d391846aa27ed6cf3e1cc95ba2ae83d78c1e70e1996,2854dd41f5aa2fc35e73b0879f4b6f8a0d3a071f962fc70989aa487d0ca22136,282,254,449,08f67a852797d2a13dba2864b24ff45b9e93c5d76263af67d3bb2b9e190fc0b5
50,11,R5/33_whorl,R5,whorl,Pore ground truth/Fingerprint Images/R5/33_whorl.jpg,Pore ground truth/Ground truth/R5/33_whorl.tsv,898fbe438a67e8d8f2010d391846aa27ed6cf3e1cc95ba2ae83d78c1e70e1996,2854dd41f5aa2fc35e73b0879f4b6f8a0d3a071f962fc70989aa487d0ca22136,130,222,47,090a212107cda3fb4fc2d84ebfdb0344041d49a83463a0f1f905ca4843ae287f
50,12,R5/33_whorl,R5,whorl,Pore ground truth/Fingerprint Images/R5/33_whorl.jpg,Pore ground truth/Ground truth/R5/33_whorl.tsv,898fbe438a67e8d8f2010d391846aa27ed6cf3e1cc95ba2ae83d78c1e70e1996,2854dd41f5aa2fc35e73b0879f4b6f8a0d3a071f962fc70989aa487d0ca22136,342,458,506,097f4420339b23549143024864929c6931094aa0207aae84890a7d3dc73d4c4e
50,13,R5/33_whorl,R5,whorl,Pore ground truth/Fingerprint Images/R5/33_whorl.jpg,Pore ground truth/Ground truth/R5/33_whorl.tsv,898fbe438a67e8d8f2010d391846aa27ed6cf3e1cc95ba2ae83d78c1e70e1996,2854dd41f5aa2fc35e73b0879f4b6f8a0d3a071f962fc70989aa487d0ca22136,270,47,417,0d0d3eaa3be6d5599dbed1e22789ea7f5d91df48ad9e7be0c06b1ca742fcdeb4
50,14,R5/33_whorl,R5,whorl,Pore ground truth/Fingerprint Images/R5/33_whorl.jpg,Pore ground truth/Ground truth/R5/33_whorl.tsv,898fbe438a67e8d8f2010d391846aa27ed6cf3e1cc95ba2ae83d78c1e70e1996,2854dd41f5aa2fc35e73b0879f4b6f8a0d3a071f962fc70989aa487d0ca22136,63,325,443,0d23eeb54824c04122e66241a8cafdcc0f02b84fb7dd65b5263b7e8eae77b93b
50,15,R5/33_whorl,R5,whorl,Pore ground truth/Fingerprint Images/R5/33_whorl.jpg,Pore ground truth/Ground truth/R5/33_whorl.tsv,898fbe438a67e8d8f2010d391846aa27ed6cf3e1cc95ba2ae83d78c1e70e1996,2854dd41f5aa2fc35e73b0879f4b6f8a0d3a071f962fc70989aa487d0ca22136,22,407,465,0d669b63ae2f17fe62cba7a90215af544f4eef05100bf9eae661411848b83c74
50,16,R5/33_whorl,R5,whorl,Pore ground truth/Fingerprint Images/R5/33_whorl.jpg,Pore ground truth/Ground truth/R5/33_whorl.tsv,898fbe438a67e8d8f2010d391846aa27ed6cf3e1cc95ba2ae83d78c1e70e1996,2854dd41f5aa2fc35e73b0879f4b6f8a0d3a071f962fc70989aa487d0ca22136,257,261,242,0dccd60471e295906da5d7b5b52c6944bcf74c43b4d9bca7a52c67c15382eb92
50,17,R5/33_whorl,R5,whorl,Pore ground truth/Fingerprint Images/R5/33_whorl.jpg,Pore ground truth/Ground truth/R5/33_whorl.tsv,898fbe438a67e8d8f2010d391846aa27ed6cf3e1cc95ba2ae83d78c1e70e1996,2854dd41f5aa2fc35e73b0879f4b6f8a0d3a071f962fc70989aa487d0ca22136,322,163,402,0e45d74baceb88fc839672b847edcfa596937fa6f5ebd117183c8bb5f468a8c6
50,18,R5/33_whorl,R5,whorl,Pore ground truth/Fingerprint Images/R5/33_whorl.jpg,Pore ground truth/Ground truth/R5/33_whorl.tsv,898fbe438a67e8d8f2010d391846aa27ed6cf3e1cc95ba2ae83d78c1e70e1996,2854dd41f5aa2fc35e73b0879f4b6f8a0d3a071f962fc70989aa487d0ca22136,268,47,375,0e72355e472b1d1c0eadd3ba33a89a459588f0bb6c9ea19baf15e9d0546dfeb5
50,19,R5/33_whorl,R5,whorl,Pore ground truth/Fingerprint Images/R5/33_whorl.jpg,Pore ground truth/Ground truth/R5/33_whorl.tsv,898fbe438a67e8d8f2010d391846aa27ed6cf3e1cc95ba2ae83d78c1e70e1996,2854dd41f5aa2fc35e73b0879f4b6f8a0d3a071f962fc70989aa487d0ca22136,321,144,498,109e76a1f6b43cbf23c865e52eff68e043e6f68c23fb73a24a64914fc088ff82
50,20,R5/33_whorl,R5,whorl,Pore ground truth/Fingerprint Images/R5/33_whorl.jpg,Pore ground truth/Ground truth/R5/33_whorl.tsv,898fbe438a67e8d8f2010d391846aa27ed6cf3e1cc95ba2ae83d78c1e70e1996,2854dd41f5aa2fc35e73b0879f4b6f8a0d3a071f962fc70989aa487d0ca22136,16,414,417,10befcc4169c10cb0558edd102f9f1989320a342b9edd977bf3aed7d428a90ef
