annotated_512_id,run,pattern,k_top1_identity,k_top1_score,k_top2_identity,k_top2_score,k_robust_separation,k_support_impression_count,k_support_pass,k_margin_pass,k_winner_leave_one_out_stable,k_global_position_drop_change_count,o_top1_identity,o_top1_score,o_top2_identity,o_top2_score,o_robust_separation,o_support_impression_count,o_support_pass,o_margin_pass,o_winner_leave_one_out_stable,o_global_position_drop_change_count,channels_agree,global_assignment_identity,assignment_agrees_with_local,one_to_one_collision,status,frozen_final_identity
R1/10_right_loop,R1,right_loop,1,0.1724286526441574,65,0.07103553414344788,9.333391618602262,1,false,true,true,0,10,0.260649710893631,56,0.19028306007385254,2.0443532740404304,1,false,false,false,1,false,1,false,false,AMBIGUOUS,
R1/10_whorl,R1,whorl,2,0.6769636273384094,102,0.05217031016945839,62.04945705692038,9,true,true,true,0,117,0.18294690549373627,27,0.16180235147476196,0.7389036763558823,0,false,false,false,2,false,2,false,false,AMBIGUOUS,
R1/11_right_loop,R1,right_loop,3,0.42038097977638245,130,0.07652751356363297,34.433882970027334,4,true,true,true,0,120,0.2066333293914795,139,0.1734684705734253,1.1592985643944769,1,false,false,false,1,false,3,false,false,AMBIGUOUS,
R1/11_whorl,R1,whorl,4,0.5984745025634766,78,0.06993794441223145,55.470024396813,7,true,true,true,0,75,0.17080281674861908,25,0.163604736328125,0.2528733347728859,0,false,false,false,2,false,4,false,false,AMBIGUOUS,
R1/12_right_loop,R1,right_loop,5,0.4303741753101349,104,0.037742894142866135,42.99850440435976,9,true,true,true,0,101,0.19324977695941925,142,0.13444383442401886,2.274563361943733,0,false,false,true,0,false,5,false,false,AMBIGUOUS,
R1/12_whorl,R1,whorl,6,0.6380035281181335,105,0.0706150010228157,59.519752147961405,8,true,true,true,0,4,0.18013866245746613,87,0.14530204236507416,1.1902679501874551,0,false,false,false,1,false,6,false,false,AMBIGUOUS,
R1/13_right_loop,R1,right_loop,7,0.06186264753341675,27,0.04489264264702797,1.6879621141744254,1,false,false,false,2,48,0.18134935200214386,101,0.14806286990642548,1.3318445476900358,0,false,false,false,1,false,7,false,false,AMBIGUOUS,
R1/13_whorl,R1,whorl,8,0.24012170732021332,77,0.05891400948166847,18.73648363279057,4,true,true,true,0,16,0.19364500045776367,111,0.17274342477321625,0.6446227828482489,0,false,false,false,2,false,8,false,false,AMBIGUOUS,
R1/14_right_loop,R1,right_loop,9,0.3697284758090973,100,0.06108515337109566,35.67407296128928,1,false,true,true,0,106,0.11400533467531204,104,0.11222628504037857,0.09551665332873789,0,false,false,false,3,false,9,false,false,AMBIGUOUS,
R1/14_whorl,R1,whorl,10,0.10379747301340103,80,0.06621154397726059,3.556288295374774,0,false,true,false,0,8,0.1902214139699936,137,0.17237067222595215,0.6784835533156904,0,false,false,false,2,false,10,false,false,AMBIGUOUS,
R1/15_right_loop,R1,right_loop,143,0.08654996752738953,11,0.0752386674284935,1.2377885966807731,0,false,false,false,2,8,0.08761366456747055,50,0.08512455224990845,0.16618642818562482,0,false,false,false,3,false,80,false,false,AMBIGUOUS,
R1/15_whorl,R1,whorl,12,0.8979224562644958,97,0.05169512331485748,80.78653445274082,10,true,true,true,0,148,0.20350360870361328,33,0.18421967327594757,0.661921645280406,0,false,false,false,1,false,12,false,false,AMBIGUOUS,
R1/16_right_loop,R1,right_loop,13,0.9198305010795593,132,0.0733109563589096,78.16865551937622,10,true,true,true,0,27,0.19951479136943817,101,0.18199151754379272,0.6380924252658292,1,false,false,false,3,false,13,false,false,AMBIGUOUS,
R1/16_whorl,R1,whorl,14,0.44730767607688904,16,0.045455943793058395,43.42504167204474,5,true,true,true,0,115,0.18126052618026733,66,0.1507624238729477,1.4141124792368585,1,false,false,false,1,false,14,false,false,AMBIGUOUS,
R1/17_right_loop,R1,right_loop,15,0.16181184351444244,9,0.05590897426009178,12.930339083886931,1,false,true,true,0,123,0.11375065892934799,28,0.10735762864351273,0.2855074346199544,0,false,false,false,3,false,15,false,false,AMBIGUOUS,
R1/17_whorl,R1,whorl,16,0.3056623339653015,46,0.057243410497903824,21.967963524320034,3,true,true,true,0,113,0.16329754889011383,87,0.1624835878610611,0.03211363491126212,0,false,false,false,3,false,16,false,false,AMBIGUOUS,
R1/18_right_loop,R1,right_loop,11,0.0393964983522892,110,0.03898844122886658,0.046612163076551645,0,false,false,false,2,46,0.12564675509929657,13,0.11950121074914932,0.2988359100866864,0,false,false,false,2,false,29,false,false,AMBIGUOUS,
R1/18_whorl,R1,whorl,18,0.551740288734436,95,0.0744156464934349,48.01120169128057,6,true,true,true,0,12,0.15974915027618408,4,0.14452816545963287,0.6238258245092012,0,false,false,false,2,false,18,false,false,AMBIGUOUS,
R1/19_right_loop,R1,right_loop,19,0.052091147750616074,86,0.04287421330809593,0.9614706633865844,0,false,false,true,0,113,0.1304967999458313,27,0.10203006118535995,1.571435180304343,0,false,false,false,2,false,19,false,false,AMBIGUOUS,
R1/19_whorl,R1,whorl,20,2.769860029220581,146,0.110098697245121,234.97647012918716,10,true,true,true,0,70,0.17391236126422882,137,0.17327554523944855,0.02352045912937227,0,false,false,false,3,false,20,false,false,AMBIGUOUS,
R1/1_left_loop,R1,left_loop,21,0.27547353506088257,82,0.061965156346559525,20.898578283594233,4,true,true,true,0,114,0.14294834434986115,79,0.12223479151725769,0.8910434446295619,0,false,false,false,1,false,21,false,false,AMBIGUOUS,
R1/1_plain_arch,R1,plain_arch,122,0.04429805278778076,116,0.037455733865499496,0.6048009048382977,0,false,false,false,2,89,0.09899112582206726,111,0.09769263863563538,0.0654342907584105,0,false,false,false,3,false,116,false,false,AMBIGUOUS,
R1/1_right_loop,R1,right_loop,129,0.08288533240556717,92,0.057599086314439774,2.1709507488508475,0,false,false,false,1,74,0.10063779354095459,129,0.0934232696890831,0.46244980727915524,1,false,false,false,2,false,109,false,false,AMBIGUOUS,
R1/1_tented_arch,R1,tented_arch,24,0.0646916925907135,104,0.052703503519296646,1.2117585192911327,0,false,false,false,2,14,0.1550571173429489,31,0.12713132798671722,1.5042627144543368,0,false,false,false,1,false,24,false,false,AMBIGUOUS,
R1/1_whorl,R1,whorl,30,0.04072156175971031,69,0.03936352580785751,0.139267803633442,0,false,false,false,2,62,0.17375533282756805,83,0.15603341162204742,0.5787826277397801,0,false,false,false,3,false,62,false,false,AMBIGUOUS,
R1/20_right_loop,R1,right_loop,26,0.12225285917520523,67,0.0467444472014904,8.128614657913738,1,false,true,true,0,140,0.12770994007587433,45,0.11427759379148483,0.611569252767011,0,false,false,false,1,false,26,false,false,AMBIGUOUS,
R1/20_whorl,R1,whorl,27,0.12517021596431732,72,0.04084597900509834,8.952092655805854,1,false,true,true,0,4,0.17594458162784576,66,0.16477139294147491,0.37930244546375047,0,false,false,false,2,false,27,false,false,AMBIGUOUS,
R1/21_right_loop,R1,right_loop,28,0.09736794978380203,99,0.042192596942186356,5.4519499260861854,0,false,true,false,1,123,0.14029715955257416,136,0.13767068088054657,0.11096082224956152,1,false,false,false,3,false,28,false,false,AMBIGUOUS,
R1/21_whorl,R1,whorl,36,0.08249279856681824,29,0.04558553919196129,4.379086602418364,0,false,true,false,1,148,0.178028866648674,43,0.14670059084892273,1.245226512307694,0,false,false,false,2,false,64,false,false,AMBIGUOUS,
R1/22_right_loop,R1,right_loop,30,0.412063330411911,95,0.05173255875706673,40.760529281684775,3,true,true,true,0,133,0.0938955545425415,1,0.08405917882919312,0.603397484772757,0,false,false,false,2,false,30,false,false,AMBIGUOUS,
R1/22_whorl,R1,whorl,57,0.05105723440647125,138,0.049869537353515625,0.1219565194406602,0,false,false,false,2,79,0.16412271559238434,45,0.15251202881336212,0.39223826797021505,0,false,false,false,2,false,57,false,false,AMBIGUOUS,
R1/23_right_loop,R1,right_loop,32,0.0827089324593544,20,0.05282415449619293,3.285520328392635,0,false,true,false,0,22,0.09345468133687973,91,0.0926189199090004,0.05221261848052177,0,false,false,false,3,false,32,false,false,AMBIGUOUS,
R1/23_whorl,R1,whorl,33,0.5089852809906006,148,0.05861986055970192,42.86062592689105,5,true,true,true,0,37,0.20617353916168213,99,0.1517401784658432,2.616529579436356,0,false,true,false,1,false,33,false,false,AMBIGUOUS,
R1/24_right_loop,R1,right_loop,34,0.1840103417634964,61,0.0503472201526165,15.65112618853502,1,false,true,false,1,18,0.1301185041666031,33,0.10564389079809189,1.3774410906710364,0,false,false,false,1,false,34,false,false,AMBIGUOUS,
R1/24_whorl,R1,whorl,35,0.10123560577630997,14,0.07184980064630508,2.936558570683497,0,false,true,false,1,119,0.145003542304039,70,0.12625199556350708,0.8088625765400055,0,false,false,true,0,false,35,false,false,AMBIGUOUS,
R1/25_right_loop,R1,right_loop,36,0.10893148183822632,22,0.048528656363487244,7.21253613516519,1,false,true,false,1,78,0.15468798577785492,111,0.11391191929578781,1.6640914971984597,0,false,false,false,2,false,36,false,false,AMBIGUOUS,
R1/25_whorl,R1,whorl,37,0.13966290652751923,56,0.048406463116407394,10.413654823950973,0,false,true,false,1,144,0.12623971700668335,137,0.12328746169805527,0.16252370577395986,0,false,false,false,2,false,37,false,false,AMBIGUOUS,
R1/26_right_loop,R1,right_loop,38,0.43236401677131653,106,0.06831137090921402,34.87837510882649,2,true,true,true,0,119,0.1128774955868721,112,0.11210592836141586,0.03954216652825405,0,false,false,false,2,false,38,false,false,AMBIGUOUS,
R1/26_whorl,R1,whorl,39,2.7728769779205322,147,0.04899214580655098,316.7337881630465,10,true,true,true,0,148,0.20171695947647095,8,0.16770529747009277,1.164973605140196,0,false,false,false,1,false,39,false,false,AMBIGUOUS,
R1/27_right_loop,R1,right_loop,40,0.051661763340234756,44,0.04037262126803398,1.1939279924195556,0,false,false,false,2,18,0.1929909735918045,10,0.17306892573833466,0.6718608732173411,0,false,false,false,2,false,40,false,false,AMBIGUOUS,
R1/27_whorl,R1,whorl,124,0.04648340865969658,105,0.04176434874534607,0.5227479374395632,0,false,false,false,2,105,0.11709246784448624,74,0.11428161710500717,0.1643718986003134,0,false,false,false,2,false,105,false,false,AMBIGUOUS,
R1/28_right_loop,R1,right_loop,42,0.360825777053833,17,0.0891866460442543,30.43546633380854,5,true,true,true,0,5,0.1625453233718872,21,0.16058006882667542,0.07055346365573635,0,false,false,false,3,false,42,false,false,AMBIGUOUS,
R1/28_whorl,R1,whorl,43,0.5743834376335144,83,0.03791123256087303,47.43609685489811,0,false,true,true,0,111,0.2000223845243454,16,0.17623962461948395,0.8806033485396249,0,false,false,false,1,false,43,false,false,AMBIGUOUS,
R1/29_right_loop,R1,right_loop,75,0.04619475081562996,54,0.039373453706502914,0.7310062433674213,0,false,false,false,2,75,0.09795183688402176,111,0.08865388482809067,0.5112397069324245,0,false,false,false,1,true,107,false,false,AMBIGUOUS,
R1/29_whorl,R1,whorl,45,0.368693470954895,12,0.06310299783945084,32.87005225966664,5,true,true,true,0,6,0.1805972307920456,75,0.15525977313518524,0.7880251899882029,0,false,false,false,2,false,45,false,false,AMBIGUOUS,
R1/2_left_loop,R1,left_loop,46,0.17432832717895508,18,0.05665941908955574,14.148552409608314,2,true,true,true,0,105,0.10973403602838516,62,0.09672997146844864,0.712305255160137,0,false,false,false,2,false,46,false,false,AMBIGUOUS,
R1/2_plain_arch,R1,plain_arch,47,0.5707939267158508,13,0.06415397673845291,48.08271235556913,3,true,true,true,0,8,0.12165512889623642,97,0.10168978571891785,1.229407786983205,0,false,false,false,2,false,47,false,false,AMBIGUOUS,
R1/2_right_loop,R1,right_loop,48,0.5855199694633484,90,0.04767817631363869,52.21845529939773,3,true,true,true,0,42,0.20528189837932587,28,0.18795929849147797,0.5934404495759419,0,false,false,false,3,false,48,false,false,AMBIGUOUS,
R1/2_tented_arch,R1,tented_arch,49,0.20003442466259003,84,0.04862159118056297,17.795132282720044,2,true,true,true,0,19,0.11549046635627747,2,0.11087331920862198,0.2517344353380813,0,false,false,false,1,false,49,false,false,AMBIGUOUS,
R1/2_whorl,R1,whorl,50,0.06257867068052292,111,0.040847938507795334,2.425577719591649,1,false,false,false,1,73,0.15351402759552002,12,0.14154668152332306,0.6364483092456548,0,false,false,false,2,false,73,false,false,AMBIGUOUS,
R1/30_right_loop,R1,right_loop,51,0.6834760308265686,1,0.04821706935763359,59.29297035930312,4,true,true,true,0,21,0.15753863751888275,5,0.144634410738945,0.61872998353617,0,false,false,false,1,false,51,false,false,AMBIGUOUS,
R1/30_whorl,R1,whorl,100,0.07074787467718124,4,0.046997833997011185,2.601791851954431,0,false,true,false,1,120,0.15502794086933136,102,0.1099260225892067,3.017137360889045,0,false,true,false,1,false,102,false,false,AMBIGUOUS,
R1/31_right_loop,R1,right_loop,53,0.118910051882267,63,0.05879660323262215,6.151422049299289,3,true,true,true,0,59,0.15846729278564453,132,0.15381209552288055,0.1680453793160177,0,false,false,false,3,false,53,false,false,AMBIGUOUS,
R1/31_whorl,R1,whorl,54,0.06562335044145584,78,0.04958716407418251,1.5438821196775754,1,false,false,false,1,50,0.2252597063779831,87,0.21874487400054932,0.20602455477405798,0,false,false,false,2,false,54,false,false,AMBIGUOUS,
R1/32_right_loop,R1,right_loop,55,0.8116604685783386,127,0.0412849597632885,97.68946720107836,8,true,true,true,0,129,0.14748939871788025,53,0.14342647790908813,0.1752930237697918,1,false,false,false,3,false,55,false,false,AMBIGUOUS,
R1/32_whorl,R1,whorl,56,0.8045337796211243,116,0.05717138573527336,101.27096778431934,8,true,true,true,0,10,0.15672165155410767,5,0.13698600232601166,0.7367607851595582,0,false,false,false,2,false,56,false,false,AMBIGUOUS,
R1/33_right_loop,R1,right_loop,57,0.08491957932710648,92,0.047057271003723145,4.031813335265765,0,false,true,false,1,69,0.08960753679275513,92,0.08898425102233887,0.03995995093974535,1,false,false,false,1,false,69,false,false,AMBIGUOUS,
R1/33_whorl,R1,whorl,58,0.8619011044502258,61,0.05726686120033264,82.58186771769238,8,true,true,true,0,137,0.21035133302211761,37,0.19237476587295532,0.5731860730837521,0,false,false,false,1,false,58,false,false,AMBIGUOUS,
R1/34_right_loop,R1,right_loop,59,0.6376281380653381,32,0.07615954428911209,51.7973858490433,5,true,true,true,0,107,0.09643640369176865,100,0.08709164708852768,0.5323638997889808,1,false,false,false,1,false,59,false,false,AMBIGUOUS,
R1/34_whorl,R1,whorl,60,0.8478583693504333,112,0.056990280747413635,67.6196757961324,7,true,true,true,0,20,0.12361055612564087,50,0.1183740422129631,0.22520378615134823,0,false,false,false,2,false,60,false,false,AMBIGUOUS,
R1/35_right_loop,R1,right_loop,61,0.08505138009786606,104,0.07595063000917435,1.1063574465077533,1,false,false,false,1,91,0.17187495529651642,19,0.14874893426895142,0.8577328212103429,0,false,false,false,1,false,61,false,false,AMBIGUOUS,
R1/35_whorl,R1,whorl,26,0.051554929465055466,77,0.03793209791183472,1.304104343842339,0,false,false,false,1,25,0.21592025458812714,119,0.17561590671539307,1.7458683845381355,0,false,false,false,1,false,25,false,false,AMBIGUOUS,
R1/36_right_loop,R1,right_loop,63,0.043982964009046555,119,0.043703433126211166,0.02474699534889508,0,false,false,false,3,47,0.10590827465057373,84,0.09901738166809082,0.4042223828751028,0,false,false,false,2,false,84,false,false,AMBIGUOUS,
R1/36_whorl,R1,whorl,90,0.03829173743724823,73,0.035261448472738266,0.30029115590709227,0,false,false,false,3,119,0.23007331788539886,4,0.22178028523921967,0.27680600595662447,0,false,false,false,2,false,90,false,false,AMBIGUOUS,
R1/37_right_loop,R1,right_loop,65,0.9723237156867981,69,0.04432595148682594,110.38115821536206,7,true,true,true,0,118,0.21463756263256073,119,0.18524719774723053,1.052765750997413,0,false,false,false,2,false,65,false,false,AMBIGUOUS,
R1/37_whorl,R1,whorl,66,0.3235221803188324,137,0.05987672135233879,24.073673947094484,1,false,true,true,0,45,0.19812999665737152,70,0.19256015121936798,0.17854498368013735,0,false,false,false,1,false,66,false,false,AMBIGUOUS,
R1/38_right_loop,R1,right_loop,67,0.10954386740922928,59,0.05539003387093544,5.429006214269221,1,false,true,true,0,48,0.16476331651210785,142,0.16016632318496704,0.14608115002394947,0,false,false,false,3,false,67,false,false,AMBIGUOUS,
R1/38_whorl,R1,whorl,68,0.32221734523773193,86,0.04138902202248573,25.377706935200173,1,false,true,true,0,43,0.17882950603961945,117,0.16853652894496918,0.4274259516640937,0,false,false,false,2,false,68,false,false,AMBIGUOUS,
R1/39_right_loop,R1,right_loop,2,0.04523223638534546,136,0.03522665426135063,1.2271138962585861,0,false,false,false,1,146,0.15219928324222565,45,0.14506733417510986,0.2804375523804105,0,false,false,false,3,false,41,false,false,AMBIGUOUS,
R1/39_whorl,R1,whorl,70,0.9804150462150574,128,0.04655125364661217,90.96181233314188,7,true,true,true,0,10,0.1642332822084427,2,0.15186695754528046,0.44206809025248806,0,false,false,false,2,false,70,false,false,AMBIGUOUS,
R1/3_left_loop,R1,left_loop,71,1.7133868932724,96,0.0507492832839489,161.72230545196163,6,true,true,true,0,61,0.16859030723571777,13,0.13182500004768372,2.067791263777476,0,false,false,false,1,false,71,false,false,AMBIGUOUS,
R1/3_plain_arch,R1,plain_arch,72,0.7785264849662781,48,0.030401648953557014,125.3058342156132,0,false,true,true,0,79,0.13651417195796967,145,0.10878688097000122,1.7856194335254245,0,false,false,false,1,false,72,false,false,AMBIGUOUS,
R1/3_right_loop,R1,right_loop,129,0.05009938403964043,73,0.043351709842681885,0.6946338427799159,0,false,false,false,2,128,0.18156909942626953,130,0.15420614182949066,1.0458829888040848,0,false,false,false,1,false,128,false,false,AMBIGUOUS,
R1/3_tented_arch,R1,tented_arch,74,0.7374750971794128,111,0.04412923380732536,72.9346823338816,5,true,true,true,0,146,0.12120097130537033,90,0.12008694559335709,0.050823571291279686,0,false,false,false,2,false,74,false,false,AMBIGUOUS,
R1/3_whorl,R1,whorl,75,2.0376551151275635,71,0.07114222645759583,184.78515683726164,10,true,true,true,0,79,0.1591346263885498,37,0.15245603024959564,0.20813496319336897,0,false,false,false,2,false,75,false,false,AMBIGUOUS,
R1/40_right_loop,R1,right_loop,11,0.05000432953238487,104,0.049112360924482346,0.09293661956590153,0,false,false,false,3,48,0.18180842697620392,138,0.17968513071537018,0.06808503182001549,0,false,false,false,2,false,11,false,false,AMBIGUOUS,
R1/40_whorl,R1,whorl,77,1.074404239654541,1,0.04871166869997978,88.49566516740724,7,true,true,true,0,29,0.15185217559337616,117,0.12967561185359955,0.9017815192161669,0,false,false,false,1,false,77,false,false,AMBIGUOUS,
R1/41_right_loop,R1,right_loop,78,0.09355596452951431,110,0.04465248063206673,5.577588400877918,0,false,true,true,0,129,0.19264209270477295,42,0.18300919234752655,0.24061404434639658,0,false,false,false,3,false,78,false,false,AMBIGUOUS,
R1/41_whorl,R1,whorl,125,0.06680908054113388,139,0.05180168151855469,1.4691540249343995,0,false,false,false,2,64,0.20344652235507965,87,0.15975864231586456,1.4641819917259156,0,false,false,false,2,false,139,false,false,AMBIGUOUS,
R1/42_right_loop,R1,right_loop,82,0.036768894642591476,14,0.03407689183950424,0.539676214455908,0,false,false,false,2,107,0.10412434488534927,100,0.09710005670785904,0.37473824891378704,0,false,false,false,2,false,130,false,false,AMBIGUOUS,
R1/42_whorl,R1,whorl,81,1.1718915700912476,28,0.042510900646448135,111.95462127729556,10,true,true,true,0,4,0.2793644666671753,144,0.2530726492404938,0.8474407349098247,1,false,false,false,1,false,81,false,false,AMBIGUOUS,
R1/43_right_loop,R1,right_loop,82,0.28169316053390503,134,0.050790537148714066,22.677383810879196,2,true,true,true,0,78,0.16477970778942108,139,0.16053223609924316,0.183967544314983,0,false,false,false,2,false,82,false,false,AMBIGUOUS,
R1/43_whorl,R1,whorl,37,0.06843171268701553,44,0.04642575979232788,2.346258313814178,0,false,false,false,2,70,0.18829423189163208,101,0.17804944515228271,0.3979348147166826,1,false,false,false,3,false,44,false,false,AMBIGUOUS,
R1/44_right_loop,R1,right_loop,81,0.04885454103350639,89,0.044415052980184555,0.4474211466763002,0,false,false,false,2,73,0.15494482219219208,92,0.1257791966199875,1.2170450016649572,0,false,false,false,1,false,89,false,false,AMBIGUOUS,
R1/44_whorl,R1,whorl,85,0.1394423395395279,94,0.039265092462301254,13.211577929877373,1,false,true,true,0,144,0.19048655033111572,123,0.1557237058877945,1.4452886647076264,1,false,false,false,1,false,85,false,false,AMBIGUOUS,
R1/45_right_loop,R1,right_loop,86,0.21533946692943573,19,0.04391394928097725,16.357433950123077,0,false,true,true,0,40,0.1348174810409546,78,0.12884624302387238,0.2636188843565529,0,false,false,false,2,false,86,false,false,AMBIGUOUS,
R1/45_whorl,R1,whorl,87,1.4462822675704956,106,0.07372978329658508,151.08281859584355,7,true,true,true,0,79,0.21076488494873047,117,0.2100352793931961,0.023282245464162295,1,false,false,false,3,false,87,false,false,AMBIGUOUS,
R1/46_right_loop,R1,right_loop,88,0.0953260138630867,146,0.07500240206718445,1.9704246226461104,1,false,false,false,1,132,0.21585030853748322,69,0.17988669872283936,1.6094052401456538,0,false,false,false,1,false,88,false,false,AMBIGUOUS,
R1/46_whorl,R1,whorl,22,0.06093055009841919,116,0.055022358894348145,0.5889687965055546,0,false,false,false,2,81,0.15017369389533997,107,0.1331205815076828,0.7784555384974216,0,false,false,false,1,false,22,false,false,AMBIGUOUS,
R1/47_right_loop,R1,right_loop,113,0.07785800099372864,15,0.053547024726867676,2.4173494206152064,0,false,false,false,1,78,0.1983150988817215,60,0.18353158235549927,0.5434648228607456,1,false,false,false,2,false,79,false,false,AMBIGUOUS,
R1/47_whorl,R1,whorl,91,0.06806630641222,8,0.05398564040660858,1.4626939531961844,0,false,false,false,1,147,0.13263843953609467,79,0.1253361850976944,0.30829808158087985,0,false,false,false,3,false,91,false,false,AMBIGUOUS,
R1/48_right_loop,R1,right_loop,92,0.3987749516963959,98,0.04424609616398811,39.40515005633508,9,true,true,true,0,115,0.14725945889949799,2,0.13587166368961334,0.44082691685714115,0,false,false,false,1,false,92,false,false,AMBIGUOUS,
R1/48_whorl,R1,whorl,93,0.20387129485607147,112,0.04712537303566933,13.799251950631428,2,true,true,true,0,27,0.13634996116161346,33,0.11836868524551392,0.8806776047765118,0,false,false,false,2,false,93,false,false,AMBIGUOUS,
R1/49_right_loop,R1,right_loop,94,0.06309419870376587,109,0.05237605795264244,1.0960585021006923,0,false,false,false,2,140,0.10552162677049637,100,0.10452338308095932,0.03770827328543865,0,false,false,false,3,false,94,false,false,AMBIGUOUS,
R1/49_whorl,R1,whorl,95,0.5507437586784363,88,0.06780808418989182,54.54288710196666,2,true,true,true,0,123,0.13931815326213837,64,0.13220249116420746,0.3346391361520164,0,false,false,false,3,false,95,false,false,AMBIGUOUS,
R1/4_left_loop,R1,left_loop,96,0.861652135848999,125,0.05866071954369545,88.97612154067993,9,true,true,true,0,48,0.12753139436244965,42,0.09481535106897354,1.6794671176756837,1,false,false,false,1,false,96,false,false,AMBIGUOUS,
R1/4_plain_arch,R1,plain_arch,97,0.13170216977596283,140,0.035290028899908066,10.22955434852286,0,false,true,true,0,31,0.12272641062736511,147,0.12042609602212906,0.13364675701397213,0,false,false,false,3,false,97,false,false,AMBIGUOUS,
R1/4_right_loop,R1,right_loop,98,0.9335755705833435,30,0.06606462597846985,86.39638934303883,5,true,true,true,0,54,0.17218907177448273,27,0.1482589989900589,0.988066206382609,0,false,false,false,2,false,98,false,false,AMBIGUOUS,
R1/4_whorl,R1,whorl,27,0.06653636693954468,7,0.0501854233443737,1.4053001693667446,1,false,false,false,1,113,0.13713914155960083,146,0.13675585389137268,0.012960514808826104,0,false,false,false,3,false,117,false,false,AMBIGUOUS,
R1/50_right_loop,R1,right_loop,100,0.35870465636253357,81,0.055972516536712646,30.10174804088417,3,true,true,true,0,123,0.2518308460712433,49,0.19041462242603302,1.8969891483834507,0,false,false,false,2,false,100,false,false,AMBIGUOUS,
R1/50_whorl,R1,whorl,101,0.12805211544036865,139,0.06903988867998123,5.728481978741745,1,false,true,false,1,39,0.23841965198516846,27,0.21890698373317719,0.621246751363838,0,false,false,false,3,false,101,false,false,AMBIGUOUS,
R1/51_right_loop,R1,right_loop,102,0.04653790593147278,7,0.03831876814365387,0.8693833564686172,0,false,false,false,1,5,0.1862775832414627,10,0.15502794086933136,1.066729002118014,0,false,false,true,0,false,145,false,false,AMBIGUOUS,
R1/51_whorl,R1,whorl,103,1.5835918188095093,47,0.046472009271383286,143.30749274544752,10,true,true,true,0,119,0.17053817212581635,146,0.1637558788061142,0.2985503874775285,0,false,false,false,3,false,103,false,false,AMBIGUOUS,
R1/52_right_loop,R1,right_loop,104,0.42276516556739807,44,0.0765957310795784,36.20315977077287,8,true,true,true,0,27,0.1489502489566803,142,0.14310592412948608,0.3039486602021906,0,false,false,false,1,false,104,false,false,AMBIGUOUS,
R1/52_whorl,R1,whorl,46,0.08280039578676224,50,0.04182479903101921,4.51533071043165,0,false,true,true,0,64,0.13660143315792084,37,0.11585096269845963,0.9686466172697714,0,false,false,false,1,false,17,false,false,AMBIGUOUS,
R1/53_right_loop,R1,right_loop,75,0.06274378299713135,45,0.056624237447977066,0.5885205871908176,0,false,false,false,3,14,0.20630943775177002,48,0.18937428295612335,0.685603089277176,0,false,false,true,0,false,31,false,false,AMBIGUOUS,
R1/53_whorl,R1,whorl,131,0.04788323864340782,57,0.04034080728888512,0.8696327897127742,0,false,false,false,1,99,0.24965977668762207,25,0.22137339413166046,0.7626154425055454,0,false,false,false,2,false,99,false,false,AMBIGUOUS,
R1/54_right_loop,R1,right_loop,83,0.04229344427585602,14,0.04224475845694542,0.005151971230288854,0,false,false,false,2,115,0.14349853992462158,125,0.14134329557418823,0.08485073309457358,0,false,false,false,3,false,108,false,false,AMBIGUOUS,
R1/54_whorl,R1,whorl,33,0.05103081464767456,95,0.04890337213873863,0.2576452701002717,0,false,false,false,2,119,0.1604294627904892,2,0.14766912162303925,0.5178869228769697,0,false,false,false,2,false,146,false,false,AMBIGUOUS,
R1/55_right_loop,R1,right_loop,110,0.1704714149236679,104,0.04872850701212883,13.674161751160813,3,true,true,true,0,81,0.13487492501735687,45,0.1300559639930725,0.18631064673001757,0,false,false,false,2,false,110,false,false,AMBIGUOUS,
R1/55_whorl,R1,whorl,111,0.1813773512840271,35,0.05418385565280914,12.39167436489149,3,true,true,true,0,12,0.14857901632785797,21,0.13810420036315918,0.4448620978305684,1,false,false,false,3,false,111,false,false,AMBIGUOUS,
R1/56_right_loop,R1,right_loop,112,0.18349401652812958,4,0.05488693714141846,15.172620330013379,0,false,true,true,0,78,0.1522194743156433,14,0.14777161180973053,0.17810637583771544,0,false,false,false,2,false,112,false,false,AMBIGUOUS,
R1/56_whorl,R1,whorl,113,0.7239896655082703,74,0.06521458178758621,68.8633292977653,9,true,true,true,0,87,0.20671503245830536,39,0.17815454304218292,1.0362601514506045,0,false,false,false,3,false,113,false,false,AMBIGUOUS,
R1/57_right_loop,R1,right_loop,114,0.09471634775400162,5,0.05534747242927551,3.909317411170387,0,false,true,false,1,101,0.165363609790802,102,0.16368161141872406,0.07127656770868641,0,false,false,false,3,false,114,false,false,AMBIGUOUS,
R1/57_whorl,R1,whorl,115,0.2299034595489502,117,0.04182238504290581,21.588037079102385,2,true,true,true,0,18,0.26063063740730286,27,0.17617632448673248,2.393562273825824,0,false,false,true,0,false,115,false,false,AMBIGUOUS,
R1/58_right_loop,R1,right_loop,15,0.0407915823161602,121,0.03942390903830528,0.20286922104886584,0,false,false,false,2,23,0.1479422003030777,53,0.14280526340007782,0.19710258352028961,0,false,false,false,3,false,106,false,false,AMBIGUOUS,
R1/58_whorl,R1,whorl,64,0.04234183952212334,14,0.04162650182843208,0.08377393888168103,0,false,false,false,3,2,0.22062814235687256,50,0.1681247502565384,2.480087018545364,1,false,false,false,2,false,50,false,false,AMBIGUOUS,
R1/59_right_loop,R1,right_loop,118,0.06564845889806747,109,0.05013905093073845,1.413795143085464,0,false,false,false,2,3,0.17792284488677979,138,0.10837913304567337,2.773285956044106,0,false,true,true,0,false,118,false,false,AMBIGUOUS,
R1/59_whorl,R1,whorl,51,0.04440760612487793,58,0.04321706295013428,0.13176096256069392,0,false,false,false,3,70,0.21274180710315704,113,0.19926615059375763,0.46567398858904047,1,false,false,false,1,false,52,false,false,AMBIGUOUS,
R1/5_left_loop,R1,left_loop,120,0.3558053970336914,56,0.03846133127808571,37.00068515404412,2,true,true,true,0,117,0.13624823093414307,50,0.10550359636545181,1.3492870027819666,0,false,false,false,1,false,120,false,false,AMBIGUOUS,
R1/5_plain_arch,R1,plain_arch,121,1.2368583679199219,144,0.10319841653108597,187.0820780284396,1,false,true,true,0,119,0.09014535695314407,79,0.08705416321754456,0.2844927014084372,0,false,false,false,3,false,121,false,false,AMBIGUOUS,
R1/5_right_loop,R1,right_loop,122,0.118193618953228,31,0.06244075298309326,5.661056844876587,1,false,true,true,0,53,0.1599038690328598,130,0.15108148753643036,0.3638782038771504,1,false,false,false,2,false,122,false,false,AMBIGUOUS,
R1/5_whorl,R1,whorl,123,1.1723231077194214,89,0.05035307630896568,158.98472998677613,9,true,true,true,0,87,0.19818778336048126,75,0.19469082355499268,0.12959277625725502,0,false,false,false,3,false,123,false,false,AMBIGUOUS,
R1/60_right_loop,R1,right_loop,124,1.6360114812850952,127,0.06817752867937088,148.4433013029814,8,true,true,true,0,116,0.11182936280965805,40,0.10635004192590714,0.3133060757409558,0,false,false,false,2,false,124,false,false,AMBIGUOUS,
R1/60_whorl,R1,whorl,125,0.11276070028543472,96,0.06483801454305649,4.972279872064428,1,false,true,true,0,25,0.22168810665607452,113,0.16823577880859375,2.0135646450530986,1,false,false,false,1,false,125,false,false,AMBIGUOUS,
R1/61_right_loop,R1,right_loop,126,0.1700877547264099,58,0.04148358479142189,14.778553264387808,0,false,true,false,1,48,0.15820014476776123,28,0.13007062673568726,1.0836429996445465,1,false,false,false,2,false,126,false,false,AMBIGUOUS,
R1/62_right_loop,R1,right_loop,127,0.06900884956121445,118,0.05807005241513252,1.202140103708959,0,false,false,false,1,40,0.1297662854194641,117,0.09946465492248535,1.6359294315320863,1,false,false,false,1,false,127,false,false,AMBIGUOUS,
R1/63_right_loop,R1,right_loop,34,0.06378025561571121,83,0.04909240081906319,1.5431995617677345,0,false,false,false,1,7,0.10794958472251892,2,0.09749636799097061,0.5785196524053322,0,false,false,false,2,false,83,false,false,AMBIGUOUS,
R1/64_right_loop,R1,right_loop,129,0.389502614736557,107,0.08355432748794556,39.235021036076,8,true,true,true,0,75,0.1706196516752243,123,0.16637490689754486,0.1612198743367241,0,false,false,false,3,false,129,false,false,AMBIGUOUS,
R1/65_right_loop,R1,right_loop,23,0.058793436735868454,130,0.05748586356639862,0.13304200220599582,0,false,false,false,3,10,0.13304783403873444,92,0.12054264545440674,0.6131322546243098,0,false,false,false,2,false,23,false,false,AMBIGUOUS,
R1/66_right_loop,R1,right_loop,110,0.09033981710672379,121,0.06110735610127449,3.0531038021513592,0,false,true,false,1,40,0.10018447786569595,42,0.09309055656194687,0.34102868744662185,0,false,false,false,2,false,131,false,false,AMBIGUOUS,
R1/67_right_loop,R1,right_loop,132,0.3986329138278961,137,0.06082731485366821,40.263088305173866,4,true,true,true,0,101,0.14928509294986725,95,0.1380477100610733,0.5431605813041248,0,false,false,false,3,false,132,false,false,AMBIGUOUS,
R1/68_right_loop,R1,right_loop,133,0.08686312288045883,42,0.03716506063938141,6.792569862863415,0,false,true,true,0,101,0.181027352809906,10,0.15489183366298676,0.8928673857859256,0,false,false,false,3,false,133,false,false,AMBIGUOUS,
R1/69_right_loop,R1,right_loop,134,0.45534369349479675,19,0.05026638135313988,43.572971379077075,2,true,true,true,0,98,0.12220889329910278,29,0.1089312955737114,0.5358029680456333,0,false,false,false,1,false,134,false,false,AMBIGUOUS,
R1/6_plain_arch,R1,plain_arch,135,0.42291775345802307,126,0.05847883224487305,42.65114953675842,2,true,true,true,0,62,0.11180160194635391,23,0.0890594944357872,1.280544774130505,1,false,false,false,1,false,135,false,false,AMBIGUOUS,
R1/6_right_loop,R1,right_loop,136,0.14534908533096313,76,0.07074228674173355,9.877025719081995,1,false,true,false,1,69,0.1887269765138626,92,0.16671667993068695,0.7718126541997092,0,false,false,false,2,false,136,false,false,AMBIGUOUS,
R1/6_whorl,R1,whorl,137,0.11923728138208389,6,0.05045906826853752,6.990918092527764,2,true,true,true,0,62,0.17638319730758667,137,0.17422036826610565,0.07602410765114692,0,false,false,false,3,false,137,false,false,AMBIGUOUS,
R1/70_right_loop,R1,right_loop,138,0.050407540053129196,42,0.04957824945449829,0.0833599588820726,0,false,false,false,2,101,0.19904248416423798,53,0.1765604168176651,0.5595161833791346,0,false,false,false,1,false,138,false,false,AMBIGUOUS,
R1/71_right_loop,R1,right_loop,138,0.06512343883514404,76,0.03703324869275093,3.231804626498449,0,false,true,false,1,53,0.14889951050281525,129,0.1345091015100479,0.5679397849794641,0,false,false,false,3,false,63,false,false,AMBIGUOUS,
R1/72_right_loop,R1,right_loop,140,0.1713770478963852,131,0.054238975048065186,11.889330230969728,7,true,true,true,0,123,0.15760573744773865,87,0.14966963231563568,0.3237138925005219,0,false,false,false,3,false,140,false,false,AMBIGUOUS,
R1/73_right_loop,R1,right_loop,141,1.2402440309524536,88,0.057318348437547684,128.8022749060787,5,true,true,true,0,110,0.14281080663204193,65,0.12767353653907776,0.8087626615901004,0,false,false,false,1,false,141,false,false,AMBIGUOUS,
R1/74_right_loop,R1,right_loop,142,0.06096475198864937,102,0.056922659277915955,0.5047779677600119,0,false,false,false,1,28,0.1646762639284134,133,0.13884735107421875,1.1083028383033606,0,false,false,false,1,false,142,false,false,AMBIGUOUS,
R1/7_right_loop,R1,right_loop,143,0.2233729213476181,80,0.0538363941013813,16.459078283822663,0,false,true,true,0,3,0.11347231268882751,1,0.09168416261672974,1.3334395375266486,0,false,false,false,1,false,143,false,false,AMBIGUOUS,
R1/7_whorl,R1,whorl,73,0.05230427160859108,115,0.04881897196173668,0.3298534056324471,0,false,false,false,2,4,0.18789643049240112,68,0.15296949446201324,1.210978831968881,0,false,false,true,0,false,144,false,false,AMBIGUOUS,
R1/8_right_loop,R1,right_loop,21,0.06767987459897995,80,0.04692232236266136,2.179122307502916,0,false,false,false,1,7,0.12368471175432205,8,0.10029023885726929,1.22897590115059,0,false,false,false,2,false,76,false,false,AMBIGUOUS,
R1/8_whorl,R1,whorl,77,0.08657405525445938,8,0.042686428874731064,4.987991520058385,0,false,true,false,1,113,0.1592247635126114,105,0.1498081237077713,0.3366364334412164,0,false,false,false,3,false,119,false,false,AMBIGUOUS,
R1/9_right_loop,R1,right_loop,147,0.09340956062078476,81,0.07827785611152649,1.561535224779078,1,false,false,false,1,98,0.18230070173740387,73,0.1591210514307022,0.7386116351857391,0,false,false,false,1,false,147,false,false,AMBIGUOUS,
R1/9_whorl,R1,whorl,148,0.07486823201179504,83,0.04909743741154671,2.578221985917212,1,false,true,false,1,81,0.1396051049232483,39,0.12345799058675766,0.8446300763113141,0,false,false,false,2,false,148,false,false,AMBIGUOUS,
R2/10_right_loop,R2,right_loop,139,0.054054006934165955,105,0.04490574076771736,0.9750911401046758,0,false,false,false,1,34,0.12810461223125458,65,0.11754491180181503,0.586857280800336,0,false,false,false,2,false,34,false,false,AMBIGUOUS,
R2/10_whorl,R2,whorl,75,0.04620761796832085,32,0.04385518655180931,0.26867010143536346,0,false,false,false,3,70,0.14403262734413147,14,0.13096244633197784,0.5012293940714194,0,false,false,false,3,false,17,false,false,AMBIGUOUS,
R2/11_right_loop,R2,right_loop,4,0.05145098268985748,61,0.04483920335769653,0.6960686256756147,0,false,false,false,2,122,0.1345006823539734,119,0.1303592473268509,0.19221702109661806,0,false,false,false,2,false,55,false,false,AMBIGUOUS,
R2/11_whorl,R2,whorl,4,0.6419706344604492,10,0.05452593043446541,80.37414360360751,5,true,true,true,0,20,0.1862441897392273,148,0.17149507999420166,0.5059912386888243,0,false,false,false,2,false,4,false,false,AMBIGUOUS,
R2/12_right_loop,R2,right_loop,5,0.8414198756217957,111,0.045800816267728806,88.25698445118917,5,true,true,true,0,3,0.10246021300554276,88,0.09889018535614014,0.18814685896637434,0,false,false,false,3,false,5,false,false,AMBIGUOUS,
R2/12_whorl,R2,whorl,6,0.3229014277458191,53,0.04981471225619316,26.33010262689053,5,true,true,true,0,2,0.13676047325134277,45,0.12746654450893402,0.4005021081004582,0,false,false,false,2,false,6,false,false,AMBIGUOUS,
R2/13_right_loop,R2,right_loop,7,0.17299294471740723,129,0.06074722111225128,11.211825856019352,1,false,true,true,0,126,0.12836824357509613,53,0.11873114109039307,0.5416123850019317,0,false,false,false,2,false,7,false,false,AMBIGUOUS,
R2/13_whorl,R2,whorl,8,0.6533769369125366,85,0.0757622942328453,65.85660521641944,3,true,true,true,0,111,0.19911931455135345,58,0.15823496878147125,1.2922029528811407,0,false,false,false,1,false,8,false,false,AMBIGUOUS,
R2/14_right_loop,R2,right_loop,9,0.07232659310102463,92,0.05948377773165703,1.2935995439857622,0,false,false,false,0,94,0.09536511451005936,134,0.07762006670236588,1.0608575064594052,0,false,false,false,1,false,94,false,false,AMBIGUOUS,
R2/14_whorl,R2,whorl,10,0.07359348982572556,141,0.037322793155908585,4.022383510560317,0,false,true,true,0,35,0.157420814037323,12,0.15602493286132812,0.050762286872125494,0,false,false,false,3,false,10,false,false,AMBIGUOUS,
R2/15_right_loop,R2,right_loop,11,0.5116037130355835,9,0.06030542030930519,57.73547290554985,2,true,true,true,0,119,0.13898350298404694,2,0.13693398237228394,0.09017006835684228,0,false,false,false,2,false,11,false,false,AMBIGUOUS,
R2/15_whorl,R2,whorl,12,3.258415937423706,99,0.05947675183415413,283.6597483008284,9,true,true,true,0,75,0.15122352540493011,115,0.13331447541713715,0.8181837040622154,0,false,false,false,2,false,12,false,false,AMBIGUOUS,
R2/16_right_loop,R2,right_loop,13,0.14850197732448578,49,0.0440104715526104,12.078408748640083,4,true,true,true,0,119,0.18999093770980835,38,0.17208091914653778,0.5559715323186406,1,false,false,false,3,false,13,false,false,AMBIGUOUS,
R2/16_whorl,R2,whorl,91,0.04251067712903023,101,0.034921806305646896,0.7673359038395099,0,false,false,false,1,85,0.15079618990421295,75,0.13946986198425293,0.4113201673557779,0,false,false,false,1,false,77,false,false,AMBIGUOUS,
R2/17_right_loop,R2,right_loop,15,1.1982331275939941,47,0.05480094626545906,113.50732826525656,6,true,true,true,0,99,0.13132809102535248,119,0.1281004548072815,0.15183116689108273,0,false,false,false,3,false,15,false,false,AMBIGUOUS,
R2/17_whorl,R2,whorl,16,0.3391769826412201,10,0.052789729088544846,34.253877876385864,5,true,true,true,0,91,0.22397541999816895,35,0.16117583215236664,2.544102911466028,0,false,true,false,1,false,16,false,false,AMBIGUOUS,
R2/18_right_loop,R2,right_loop,63,0.03765283152461052,98,0.02906954474747181,1.1314210177940085,0,false,false,false,1,120,0.13549815118312836,38,0.1334586888551712,0.07557729639035139,0,false,false,false,1,false,25,false,false,AMBIGUOUS,
R2/18_whorl,R2,whorl,147,0.04000476747751236,51,0.03791391849517822,0.2580767734704069,0,false,false,false,2,95,0.15424031019210815,16,0.1476631611585617,0.3247326944485241,0,false,false,false,3,false,128,false,false,AMBIGUOUS,
R2/19_right_loop,R2,right_loop,19,1.0018627643585205,27,0.05775156244635582,99.38729745098522,10,true,true,true,0,114,0.21041089296340942,94,0.16621112823486328,1.6081353915214724,1,false,false,false,1,false,19,false,false,AMBIGUOUS,
R2/19_whorl,R2,whorl,32,0.06858684867620468,21,0.051146138459444046,1.7003207107926772,0,false,false,false,1,4,0.14371882379055023,50,0.12595048546791077,0.6915387226951492,0,false,false,false,2,false,32,false,false,AMBIGUOUS,
R2/1_left_loop,R2,left_loop,21,0.2490333467721939,141,0.09604689478874207,16.961712824271913,6,true,true,true,0,60,0.1797230988740921,98,0.11438963562250137,3.473059399397351,0,false,true,false,1,false,21,false,false,AMBIGUOUS,
R2/1_plain_arch,R2,plain_arch,8,0.055877018719911575,65,0.030891811475157738,3.839407023036725,0,false,true,false,1,132,0.09577975422143936,120,0.09353224188089371,0.11833047000189845,0,false,false,false,3,false,138,false,false,AMBIGUOUS,
R2/1_right_loop,R2,right_loop,23,0.1042122021317482,4,0.049312133342027664,5.8512513728520315,0,false,true,false,1,132,0.1070345938205719,49,0.08557415008544922,1.2323263076835764,0,false,false,false,1,false,23,false,false,AMBIGUOUS,
R2/1_tented_arch,R2,tented_arch,24,1.9247846603393555,128,0.044460851699113846,182.34968781257157,9,true,true,true,0,125,0.09268471598625183,117,0.087574303150177,0.31085888285328817,0,false,false,false,2,false,24,false,false,AMBIGUOUS,
R2/1_whorl,R2,whorl,18,0.048196177929639816,113,0.043069254606962204,0.48526226565636604,0,false,false,false,3,6,0.14262236654758453,2,0.12440457195043564,1.061722371914312,0,false,false,false,2,false,18,false,false,AMBIGUOUS,
R2/20_right_loop,R2,right_loop,26,0.18004731833934784,38,0.041897375136613846,13.503917629528113,0,false,true,true,0,116,0.13895811140537262,114,0.13881240785121918,0.004531580992940002,0,false,false,false,3,false,26,false,false,AMBIGUOUS,
R2/20_whorl,R2,whorl,27,4.44195032119751,78,0.05839712917804718,518.057259939885,9,true,true,true,0,115,0.15196363627910614,79,0.14413146674633026,0.28566673534571185,0,false,false,false,3,false,27,false,false,AMBIGUOUS,
R2/21_right_loop,R2,right_loop,28,0.21565501391887665,79,0.04898925498127937,16.297316200759607,2,true,true,true,0,19,0.09942225366830826,133,0.09733400493860245,0.11458482528225714,0,false,false,false,3,false,28,false,false,AMBIGUOUS,
R2/21_whorl,R2,whorl,29,0.10384539514780045,60,0.06212151050567627,4.245167065790946,0,false,true,true,0,37,0.238894984126091,29,0.15212582051753998,3.1470861471080394,0,false,true,true,0,false,29,false,false,AMBIGUOUS,
R2/22_right_loop,R2,right_loop,30,0.07557284832000732,71,0.047732967883348465,2.8998074943411907,0,false,true,true,0,119,0.18497036397457123,35,0.17828132212162018,0.24680082820005914,2,false,false,false,3,false,30,false,false,AMBIGUOUS,
R2/22_whorl,R2,whorl,31,0.0773957148194313,86,0.06407281756401062,1.2156835088132683,0,false,false,false,1,60,0.17455196380615234,20,0.12018540501594543,2.251658078819822,1,false,false,false,1,false,31,false,false,AMBIGUOUS,
R2/23_right_loop,R2,right_loop,32,0.05967717245221138,18,0.04529424384236336,1.578950154581903,0,false,false,false,1,130,0.1325189769268036,142,0.11156678944826126,1.0070128708655235,0,false,false,false,2,false,115,false,false,AMBIGUOUS,
R2/23_whorl,R2,whorl,33,0.47666168212890625,8,0.04232364520430565,42.116493944096796,5,true,true,true,0,94,0.1314914971590042,81,0.12872977554798126,0.11447506911729896,0,false,false,false,3,false,33,false,false,AMBIGUOUS,
R2/24_right_loop,R2,right_loop,72,0.09433469921350479,46,0.056639861315488815,4.097096031492118,0,false,true,false,1,38,0.13715897500514984,114,0.11604496836662292,0.9763823930959187,1,false,false,false,1,false,46,false,false,AMBIGUOUS,
R2/24_whorl,R2,whorl,55,0.042911235243082047,99,0.03769291564822197,0.5334733143100869,0,false,false,false,2,85,0.17220032215118408,113,0.16561219096183777,0.2424898795742472,0,false,false,false,2,false,64,false,false,AMBIGUOUS,
R2/25_right_loop,R2,right_loop,10,0.05694647505879402,20,0.05510534718632698,0.18708529895895498,0,false,false,false,2,116,0.20599500834941864,119,0.19626592099666595,0.32002651948111455,0,false,false,false,2,false,123,false,false,AMBIGUOUS,
R2/25_whorl,R2,whorl,21,0.052371423691511154,132,0.050785426050424576,0.1498616475691254,0,false,false,false,2,81,0.15442058444023132,137,0.1283969134092331,1.2150425229065778,0,false,false,false,1,false,89,false,false,AMBIGUOUS,
R2/26_right_loop,R2,right_loop,38,0.3240220844745636,100,0.04256865009665489,29.82558860904482,4,true,true,true,0,42,0.17861099541187286,126,0.15988165140151978,0.630727941344991,0,false,false,false,2,false,38,false,false,AMBIGUOUS,
R2/26_whorl,R2,whorl,74,0.05161558464169502,31,0.04925021529197693,0.1924984726546998,0,false,false,false,2,144,0.17630548775196075,37,0.165486678481102,0.38939151316779086,0,false,false,false,2,false,37,false,false,AMBIGUOUS,
R2/27_right_loop,R2,right_loop,40,1.0742173194885254,49,0.059027839452028275,84.78768175829205,6,true,true,true,0,81,0.13708646595478058,2,0.0934934988617897,2.474696207759287,2,false,false,true,0,false,40,false,false,AMBIGUOUS,
R2/27_whorl,R2,whorl,41,0.3472072184085846,69,0.05485956743359566,25.154367909390103,7,true,true,true,0,144,0.14237189292907715,81,0.1372358649969101,0.24038209619530992,0,false,false,false,2,false,41,false,false,AMBIGUOUS,
R2/28_right_loop,R2,right_loop,42,0.19529831409454346,141,0.04983014240860939,15.120175844382247,2,true,true,true,0,38,0.16173623502254486,87,0.12311730533838272,1.8915129106153579,0,false,false,false,1,false,42,false,false,AMBIGUOUS,
R2/28_whorl,R2,whorl,43,0.4227961003780365,12,0.04562227800488472,36.22214263861355,4,true,true,true,0,41,0.13425739109516144,19,0.12877029180526733,0.2472542374353757,0,false,false,false,3,false,43,false,false,AMBIGUOUS,
R2/29_right_loop,R2,right_loop,44,0.09570235013961792,61,0.06953016668558121,2.7902457282562745,0,false,true,false,1,119,0.15209922194480896,56,0.1325133591890335,0.8469141136353632,1,false,false,false,1,false,44,false,false,AMBIGUOUS,
R2/29_whorl,R2,whorl,45,0.1006399616599083,133,0.046987857669591904,5.377976741937879,0,false,true,true,0,99,0.24673660099506378,60,0.22081927955150604,1.0891466296576962,1,false,false,false,1,false,45,false,false,AMBIGUOUS,
R2/2_left_loop,R2,left_loop,35,0.04263631999492645,88,0.04016834869980812,0.20627312579327015,0,false,false,false,1,113,0.11211100965738297,9,0.10725023597478867,0.300526828232634,0,false,false,false,3,false,9,false,false,AMBIGUOUS,
R2/2_plain_arch,R2,plain_arch,47,0.1919833868741989,7,0.06856927275657654,12.84303658753727,0,false,true,true,0,143,0.09948349744081497,96,0.09547922760248184,0.2295140373471412,0,false,false,false,1,false,47,false,false,AMBIGUOUS,
R2/2_right_loop,R2,right_loop,48,0.20644181966781616,61,0.0779978334903717,13.297531033091722,1,false,true,true,0,107,0.11934050917625427,34,0.1115812286734581,0.3492240056079667,0,false,false,false,3,false,48,false,false,AMBIGUOUS,
R2/2_tented_arch,R2,tented_arch,49,1.6422456502914429,112,0.05044211819767952,144.08000856765,9,true,true,true,0,100,0.1256369948387146,131,0.11264628171920776,0.5989223994052898,0,false,false,false,2,false,49,false,false,AMBIGUOUS,
R2/2_whorl,R2,whorl,118,0.10921349376440048,81,0.04971352219581604,6.510188919306192,0,false,true,false,1,60,0.16436956822872162,14,0.15088753402233124,0.6252329601462251,0,false,false,false,2,false,118,false,false,AMBIGUOUS,
R2/30_right_loop,R2,right_loop,99,0.05342385545372963,51,0.05052077770233154,0.37370373784928207,0,false,false,false,2,90,0.15092575550079346,94,0.14353762567043304,0.2861148245401103,0,false,false,false,2,false,90,false,false,AMBIGUOUS,
R2/30_whorl,R2,whorl,52,0.3316930830478668,6,0.04351148009300232,25.499238461377963,0,false,true,true,0,89,0.13447679579257965,103,0.11649239808320999,0.9154489746654183,0,false,false,false,1,false,52,false,false,AMBIGUOUS,
R2/31_right_loop,R2,right_loop,53,0.06358326226472855,26,0.04220915958285332,1.9428952170363354,2,true,false,true,0,116,0.11000978201627731,74,0.10563860088586807,0.2015162767518206,0,false,false,false,3,false,53,false,false,AMBIGUOUS,
R2/31_whorl,R2,whorl,85,0.05144527554512024,62,0.04896760359406471,0.24595479881712418,0,false,false,false,2,37,0.1805521845817566,2,0.1778608113527298,0.09014120717086901,0,false,false,false,2,false,140,false,false,AMBIGUOUS,
R2/32_right_loop,R2,right_loop,129,0.06619992107152939,55,0.049904342740774155,1.576012833048486,0,false,false,false,2,35,0.10486779361963272,119,0.10196304321289062,0.2059371593153747,0,false,false,false,1,false,119,false,false,AMBIGUOUS,
R2/32_whorl,R2,whorl,56,0.6106809973716736,40,0.04943842068314552,48.90457379332402,6,true,true,true,0,113,0.19209609925746918,99,0.16005998849868774,1.2873589673677948,0,false,false,false,1,false,56,false,false,AMBIGUOUS,
R2/33_right_loop,R2,right_loop,57,2.7630808353424072,38,0.04674803838133812,362.3454156627772,10,true,true,true,0,120,0.2197573333978653,142,0.2007601261138916,0.5502626568965772,0,false,false,false,2,false,57,false,false,AMBIGUOUS,
R2/33_whorl,R2,whorl,78,0.05825132131576538,37,0.04918178915977478,0.8009464473891963,0,false,false,false,3,103,0.18657535314559937,75,0.15179158747196198,1.2761098893380987,1,false,false,false,1,false,70,false,false,AMBIGUOUS,
R2/34_right_loop,R2,right_loop,59,0.0690392553806305,41,0.05313735082745552,1.827837978451607,0,false,false,false,1,136,0.11212140321731567,90,0.10894423723220825,0.1857645431362886,0,false,false,false,1,false,59,false,false,AMBIGUOUS,
R2/34_whorl,R2,whorl,60,0.9696354866027832,103,0.045338887721300125,98.18479688841236,2,true,true,true,0,75,0.16158361732959747,41,0.15665484964847565,0.15735511897439072,0,false,false,false,1,false,60,false,false,AMBIGUOUS,
R2/35_right_loop,R2,right_loop,61,0.3361109793186188,135,0.05977587774395943,27.875641279803997,4,true,true,true,0,122,0.15835154056549072,56,0.15240953862667084,0.2183419571334781,0,false,false,false,3,false,61,false,false,AMBIGUOUS,
R2/35_whorl,R2,whorl,62,0.650032103061676,13,0.05943809449672699,71.93730099016442,9,true,true,true,0,99,0.2196357697248459,12,0.16449692845344543,2.0536866648996317,0,false,false,false,1,false,62,false,false,AMBIGUOUS,
R2/36_right_loop,R2,right_loop,63,0.5617042183876038,86,0.06443958729505539,44.809076231244475,2,true,true,true,0,16,0.1497349888086319,67,0.10498198121786118,2.5610988595671134,0,false,true,false,0,false,63,false,false,AMBIGUOUS,
R2/36_whorl,R2,whorl,92,0.04832126200199127,38,0.04004973545670509,0.8842262352478467,0,false,false,false,1,56,0.22624319791793823,50,0.20091108977794647,0.6895805268778978,0,false,false,false,2,false,35,false,false,AMBIGUOUS,
R2/37_right_loop,R2,right_loop,65,0.31142041087150574,127,0.06929516047239304,29.28408773975754,7,true,true,true,0,108,0.129485085606575,84,0.12289541959762573,0.2845286432925269,0,false,false,false,2,false,65,false,false,AMBIGUOUS,
R2/37_whorl,R2,whorl,74,0.04275241866707802,133,0.04184659197926521,0.10035520676030293,0,false,false,false,2,83,0.20132648944854736,66,0.1754944771528244,1.0519524660960613,0,false,false,false,1,false,66,false,false,AMBIGUOUS,
R2/38_right_loop,R2,right_loop,29,0.0626993253827095,2,0.059461116790771484,0.27377622427429604,0,false,false,false,3,119,0.34153732657432556,2,0.24765396118164062,3.1592743727950476,2,false,true,true,0,false,2,false,false,AMBIGUOUS,
R2/38_whorl,R2,whorl,68,0.19679325819015503,58,0.04778323695063591,16.471344928479937,1,false,true,false,1,87,0.24006198346614838,75,0.15392570197582245,3.0005843025754855,0,false,true,true,0,false,68,false,false,AMBIGUOUS,
R2/39_right_loop,R2,right_loop,69,0.93370121717453,15,0.0744146779179573,81.99797377698914,6,true,true,true,0,119,0.14702850580215454,118,0.14058908820152283,0.2476169966717467,2,false,false,false,2,false,69,false,false,AMBIGUOUS,
R2/39_whorl,R2,whorl,147,0.07210566848516464,116,0.06062475964426994,1.2270531181233297,0,false,false,false,1,39,0.15932659804821014,29,0.145937979221344,0.48806837887338334,0,false,false,false,3,false,20,false,false,AMBIGUOUS,
R2/3_left_loop,R2,left_loop,71,0.49493446946144104,39,0.0919516459107399,39.28950353832612,2,true,true,true,0,2,0.08842406421899796,54,0.0877266526222229,0.043679638875312364,0,false,false,false,3,false,71,false,false,AMBIGUOUS,
R2/3_plain_arch,R2,plain_arch,72,0.08808650821447372,4,0.054971929639577866,7.191040181386841,0,false,true,false,1,63,0.10195648670196533,146,0.10180852562189102,0.008545298066306882,0,false,false,false,3,false,72,false,false,AMBIGUOUS,
R2/3_right_loop,R2,right_loop,73,0.21448300778865814,104,0.03715286776423454,18.749533322080055,1,false,true,true,0,35,0.33144116401672363,116,0.15963800251483917,4.093188886404584,1,false,true,true,0,false,73,false,false,AMBIGUOUS,
R2/3_tented_arch,R2,tented_arch,74,0.5147624611854553,28,0.05334539711475372,50.080138097636826,7,true,true,true,0,81,0.13479654490947723,99,0.12309517711400986,0.641211013310959,0,false,false,false,2,false,74,false,false,AMBIGUOUS,
R2/3_whorl,R2,whorl,75,0.28607261180877686,78,0.05208905041217804,24.471792247994863,8,true,true,true,0,81,0.14787904918193817,20,0.12718190252780914,0.7410269575331669,0,false,false,false,1,false,75,false,false,AMBIGUOUS,
R2/40_right_loop,R2,right_loop,69,0.05520157888531685,71,0.05363650992512703,0.1705889270288203,0,false,false,false,2,3,0.12448681145906448,70,0.09886182099580765,1.5071066961384816,0,false,false,false,1,false,3,false,false,AMBIGUOUS,
R2/40_whorl,R2,whorl,41,0.06641834229230881,5,0.04819394648075104,2.3907798426817943,0,false,false,false,2,54,0.19724757969379425,2,0.1895890235900879,0.2953491920230262,0,false,false,false,1,false,54,false,false,AMBIGUOUS,
R2/41_right_loop,R2,right_loop,78,0.15546871721744537,3,0.04949566349387169,10.820243050167546,0,false,true,false,1,99,0.10816687345504761,8,0.10053745657205582,0.49486164373190555,0,false,false,false,3,false,78,false,false,AMBIGUOUS,
R2/41_whorl,R2,whorl,79,0.11544717103242874,27,0.04827996715903282,6.4425761378171496,0,false,true,true,0,33,0.18568961322307587,68,0.14563556015491486,1.7528987564284675,0,false,false,false,2,false,79,false,false,AMBIGUOUS,
R2/42_right_loop,R2,right_loop,80,0.16414715349674225,81,0.06770064681768417,8.620271257822107,2,true,true,true,0,118,0.09806548804044724,130,0.09543835371732712,0.13258690178233135,0,false,false,false,3,false,80,false,false,AMBIGUOUS,
R2/42_whorl,R2,whorl,81,0.1227262020111084,8,0.05554046854376793,6.302891857294187,0,false,true,true,0,70,0.1223793625831604,88,0.11112693697214127,0.5243389284225871,0,false,false,false,3,false,81,false,false,AMBIGUOUS,
R2/43_right_loop,R2,right_loop,82,0.09904032945632935,14,0.07127369195222855,2.562804257769836,1,false,true,false,1,116,0.11394514888525009,36,0.09563066810369492,1.1332779311202144,0,false,false,false,2,false,82,false,false,AMBIGUOUS,
R2/43_whorl,R2,whorl,83,0.2779186964035034,58,0.06313887238502502,25.4480098134471,4,true,true,true,0,35,0.16110998392105103,19,0.15129055082798004,0.31079253995776673,0,false,false,false,3,false,83,false,false,AMBIGUOUS,
R2/44_right_loop,R2,right_loop,84,0.2866117060184479,7,0.0408313013613224,26.866585051063204,2,true,true,true,0,111,0.1401946246623993,119,0.13147644698619843,0.37837856435299966,0,false,false,false,3,false,84,false,false,AMBIGUOUS,
R2/44_whorl,R2,whorl,84,0.08662986755371094,21,0.05934629216790199,2.749774274224321,0,false,true,false,1,111,0.23345400393009186,148,0.18762779235839844,1.204354566165329,0,false,false,true,0,false,85,false,false,AMBIGUOUS,
R2/45_right_loop,R2,right_loop,86,0.7446350455284119,95,0.04632967710494995,80.53484192719215,5,true,true,true,0,13,0.1637168973684311,73,0.16152270138263702,0.07442513740509442,0,false,false,false,3,false,86,false,false,AMBIGUOUS,
R2/45_whorl,R2,whorl,87,1.6313905715942383,67,0.07131323218345642,161.60539861758977,9,true,true,true,0,12,0.13490106165409088,103,0.13361194729804993,0.05137508410999803,0,false,false,false,3,false,87,false,false,AMBIGUOUS,
R2/46_right_loop,R2,right_loop,88,0.24385707080364227,72,0.0547814667224884,21.53568428823078,3,true,true,true,0,88,0.15240544080734253,116,0.13961105048656464,0.46792262450823296,0,false,false,false,2,true,88,true,false,AMBIGUOUS,
R2/46_whorl,R2,whorl,135,0.04674294590950012,125,0.04668493941426277,0.00608204003134116,0,false,false,false,3,144,0.19054096937179565,95,0.1886044144630432,0.07672031851691277,0,false,false,false,3,false,50,false,false,AMBIGUOUS,
R2/47_right_loop,R2,right_loop,90,0.05591737851500511,89,0.05437697097659111,0.17902202691847605,0,false,false,false,2,120,0.1939842849969864,84,0.1547318696975708,1.1496781437398083,0,false,false,false,1,false,36,false,false,AMBIGUOUS,
R2/47_whorl,R2,whorl,80,0.07760324329137802,7,0.05909055471420288,1.7407333159244294,0,false,false,false,1,103,0.18741565942764282,14,0.1666920930147171,0.8039007375946986,0,false,false,false,2,false,14,false,false,AMBIGUOUS,
R2/48_right_loop,R2,right_loop,92,0.3302038609981537,68,0.04420141503214836,27.108503222284856,3,true,true,true,0,88,0.08290589600801468,97,0.08246734738349915,0.029263892972244916,0,false,false,false,3,false,92,false,false,AMBIGUOUS,
R2/48_whorl,R2,whorl,19,0.05555078387260437,117,0.043510716408491135,1.1294654547144636,0,false,false,false,2,144,0.13438570499420166,44,0.1331571787595749,0.053139807478536236,0,false,false,false,3,false,109,false,false,AMBIGUOUS,
R2/49_right_loop,R2,right_loop,94,0.04372692108154297,118,0.034280601888895035,1.1044178699370446,0,false,false,false,1,122,0.22668230533599854,119,0.17086969316005707,2.808790987128042,0,false,true,false,1,false,122,false,false,AMBIGUOUS,
R2/49_whorl,R2,whorl,95,0.15114344656467438,107,0.04149633273482323,12.099631119029208,1,false,true,false,1,2,0.12261047214269638,137,0.12253067642450333,0.0037189823961107813,0,false,false,false,3,false,95,false,false,AMBIGUOUS,
R2/4_left_loop,R2,left_loop,96,0.37217727303504944,110,0.04799683019518852,32.87091763991175,3,true,true,true,0,119,0.09978139400482178,103,0.08824014663696289,0.6753573330441544,0,false,false,false,2,false,96,false,false,AMBIGUOUS,
R2/4_plain_arch,R2,plain_arch,33,0.05784887075424194,128,0.05306823179125786,0.46146315708224195,1,false,false,false,2,75,0.09395033121109009,2,0.08497963100671768,0.4891265992831347,0,false,false,false,2,false,1,false,false,AMBIGUOUS,
R2/4_right_loop,R2,right_loop,98,0.5678591728210449,61,0.0643911063671112,43.498822986899555,10,true,true,true,0,36,0.1426093727350235,91,0.11378831416368484,1.4817868076807887,0,false,false,false,1,false,98,false,false,AMBIGUOUS,
R2/4_whorl,R2,whorl,99,0.10717654228210449,137,0.0536462776362896,5.541850379991465,1,false,true,true,0,58,0.20011663436889648,35,0.12824004888534546,3.89406716028221,0,false,true,true,0,false,99,false,false,AMBIGUOUS,
R2/50_right_loop,R2,right_loop,100,0.8256960511207581,32,0.04426664486527443,88.66092850901192,10,true,true,true,0,119,0.20807094871997833,2,0.1886790543794632,0.8431232889414239,1,false,false,false,2,false,100,false,false,AMBIGUOUS,
R2/50_whorl,R2,whorl,101,0.2708747088909149,43,0.04646575078368187,20.699317044907804,4,true,true,true,0,83,0.21253149211406708,91,0.11552371829748154,4.682949470676208,0,false,true,true,0,false,101,false,false,AMBIGUOUS,
R2/51_right_loop,R2,right_loop,102,0.3201022744178772,32,0.08886882662773132,20.758784877593676,6,true,true,true,0,143,0.14978928864002228,10,0.14509718120098114,0.20217265214757862,0,false,false,false,2,false,102,false,false,AMBIGUOUS,
R2/51_whorl,R2,whorl,103,0.06679502874612808,48,0.050963133573532104,1.6795507327239283,0,false,false,false,2,103,0.2082616537809372,91,0.17712606489658356,0.9875943097838047,1,false,false,false,2,true,103,true,false,AMBIGUOUS,
R2/52_right_loop,R2,right_loop,104,0.16817449033260345,70,0.06781426072120667,11.68456194805321,3,true,true,true,0,3,0.10343194752931595,35,0.09992585331201553,0.1787087742351746,0,false,false,false,2,false,104,false,false,AMBIGUOUS,
R2/52_whorl,R2,whorl,105,0.09687776118516922,46,0.06511123478412628,4.023767668828006,2,true,true,true,0,86,0.1251422017812729,99,0.11936435848474503,0.26221781405969774,0,false,false,false,2,false,105,false,false,AMBIGUOUS,
R2/53_right_loop,R2,right_loop,106,0.08317723870277405,102,0.04285689815878868,3.878938018906053,0,false,true,true,0,119,0.18228323757648468,84,0.14079661667346954,1.855629753429543,0,false,false,false,2,false,106,false,false,AMBIGUOUS,
R2/53_whorl,R2,whorl,44,0.05458946153521538,41,0.04813389107584953,0.5604079522820834,0,false,false,false,1,144,0.2129206657409668,99,0.2101401686668396,0.10791529439808152,0,false,false,false,2,false,39,false,false,AMBIGUOUS,
R2/54_right_loop,R2,right_loop,108,0.2552628815174103,75,0.04889838770031929,17.610954717847996,3,true,true,true,0,119,0.11834535002708435,32,0.09065419435501099,1.5286247824406416,1,false,false,false,1,false,108,false,false,AMBIGUOUS,
R2/54_whorl,R2,whorl,99,0.048405032604932785,98,0.03816844895482063,1.2145505814566033,0,false,false,false,2,129,0.2056370973587036,50,0.1383092701435089,3.0154197617470095,1,false,true,false,1,false,129,false,false,AMBIGUOUS,
R2/55_right_loop,R2,right_loop,6,0.07260341197252274,4,0.03787322714924812,3.179174491594969,0,false,true,false,1,145,0.14506691694259644,67,0.12183362245559692,1.2699500065344609,0,false,false,false,1,false,67,false,false,AMBIGUOUS,
R2/55_whorl,R2,whorl,111,1.0091038942337036,25,0.053046729415655136,91.51887558301792,8,true,true,true,0,99,0.14702366292476654,144,0.14701883494853973,0.00018393865182606513,0,false,false,false,3,false,111,false,false,AMBIGUOUS,
R2/56_right_loop,R2,right_loop,112,0.7804040908813477,68,0.04740795120596886,78.63685128090088,4,true,true,true,0,83,0.16475406289100647,58,0.1474887877702713,0.6092089203145047,0,false,false,false,1,false,112,false,false,AMBIGUOUS,
R2/56_whorl,R2,whorl,113,0.49184322357177734,139,0.04242532327771187,47.23375099822742,7,true,true,true,0,60,0.14379827678203583,117,0.12511086463928223,0.84181843561588,0,false,false,false,1,false,113,false,false,AMBIGUOUS,
R2/57_right_loop,R2,right_loop,114,0.6276925802230835,19,0.06917247921228409,54.851044169455115,2,true,true,true,0,24,0.13274501264095306,33,0.1260271519422531,0.3013927055361651,0,false,false,false,3,false,114,false,false,AMBIGUOUS,
R2/57_whorl,R2,whorl,120,0.08958453685045242,85,0.05901530012488365,2.553090094423748,0,false,true,false,1,54,0.15002024173736572,119,0.12499069422483444,1.0441444623979825,0,false,false,false,2,false,120,false,false,AMBIGUOUS,
R2/58_right_loop,R2,right_loop,116,0.14241747558116913,28,0.05187610909342766,8.082872840205173,1,false,true,false,1,84,0.17133641242980957,51,0.14608615636825562,0.9091686821292353,0,false,false,false,1,false,116,false,false,AMBIGUOUS,
R2/58_whorl,R2,whorl,117,0.2796030044555664,69,0.04903312399983406,21.341102823061348,5,true,true,true,0,146,0.1619889736175537,91,0.12338464707136154,1.8106298736581456,0,false,false,false,2,false,117,false,false,AMBIGUOUS,
R2/59_right_loop,R2,right_loop,51,0.13489121198654175,95,0.05437041446566582,9.038833829577168,0,false,true,false,1,93,0.1273408681154251,12,0.11443670839071274,0.7589819113968223,0,false,false,false,2,false,51,false,false,AMBIGUOUS,
R2/59_whorl,R2,whorl,12,0.06112578511238098,27,0.04647660255432129,1.5154094603720212,0,false,false,false,1,65,0.16512523591518402,51,0.16223037242889404,0.10713958922159171,0,false,false,false,2,false,91,false,false,AMBIGUOUS,
R2/5_left_loop,R2,left_loop,48,0.048600491136312485,11,0.047760773450136185,0.08257293482403848,0,false,false,false,3,112,0.16933389008045197,133,0.14403733611106873,0.9682383320241846,0,false,false,false,1,false,97,false,false,AMBIGUOUS,
R2/5_plain_arch,R2,plain_arch,121,1.0371813774108887,62,0.06131229177117348,140.55554421451143,2,true,true,true,0,138,0.09530926495790482,98,0.09340956062078476,0.11755286425919775,0,false,false,false,2,false,121,false,false,AMBIGUOUS,
R2/5_right_loop,R2,right_loop,48,0.033444467931985855,128,0.03334316983819008,0.013204602905190451,0,false,false,false,2,142,0.2299744337797165,119,0.16582059860229492,2.607862189178021,1,false,true,false,1,false,76,false,false,AMBIGUOUS,
R2/5_whorl,R2,whorl,107,0.05290227010846138,26,0.04696376994252205,0.6514768192794174,0,false,false,false,1,144,0.11011365801095963,35,0.10975649207830429,0.016885701781587582,0,false,false,false,2,false,107,false,false,AMBIGUOUS,
R2/60_right_loop,R2,right_loop,124,0.1968669444322586,90,0.04167333245277405,15.034826864522694,2,true,true,true,0,8,0.10641298443078995,111,0.10170914977788925,0.29208065134798844,0,false,false,false,3,false,124,false,false,AMBIGUOUS,
R2/60_whorl,R2,whorl,125,0.8570458292961121,37,0.0702814981341362,79.37164022539818,5,true,true,true,0,146,0.20065851509571075,113,0.1816268414258957,0.6222665547942102,0,false,false,false,1,false,125,false,false,AMBIGUOUS,
R2/61_right_loop,R2,right_loop,126,0.09892374277114868,141,0.05331701040267944,5.017467921257052,0,false,true,true,0,94,0.18338799476623535,146,0.14142076671123505,1.6210699284660242,0,false,false,false,1,false,126,false,false,AMBIGUOUS,
R2/62_right_loop,R2,right_loop,127,0.06905751675367355,124,0.042619723826646805,2.84704151528134,1,false,true,false,1,119,0.12466108798980713,86,0.10542050004005432,0.9386806662146809,0,false,false,false,2,false,127,false,false,AMBIGUOUS,
R2/63_right_loop,R2,right_loop,23,0.041130807250738144,122,0.03714287653565407,0.5231504189215488,0,false,false,false,2,105,0.18249262869358063,38,0.16286344826221466,0.7484269161075017,1,false,false,false,1,false,139,false,false,AMBIGUOUS,
R2/64_right_loop,R2,right_loop,148,0.05632428452372551,104,0.05535160377621651,0.10802229825214223,0,false,false,false,3,121,0.10936956852674484,88,0.09165465831756592,0.8303892834915275,0,false,false,false,2,false,22,false,false,AMBIGUOUS,
R2/65_right_loop,R2,right_loop,130,0.454938679933548,65,0.051542919129133224,37.443614762556415,3,true,true,true,0,125,0.23862986266613007,119,0.1557694673538208,2.976556151230496,1,false,true,false,1,false,130,false,false,AMBIGUOUS,
R2/66_right_loop,R2,right_loop,131,0.15225756168365479,54,0.051855865865945816,9.69879602661715,1,false,true,true,0,81,0.10267212241888046,122,0.09902758151292801,0.21942642406781557,0,false,false,false,2,false,131,false,false,AMBIGUOUS,
R2/67_right_loop,R2,right_loop,132,2.1818628311157227,60,0.05394880473613739,239.2106136752885,8,true,true,true,0,103,0.1570677012205124,119,0.1304040551185608,1.2066837452554398,0,false,false,false,2,false,132,false,false,AMBIGUOUS,
R2/68_right_loop,R2,right_loop,133,0.4933594763278961,49,0.07905808836221695,43.12573903476735,8,true,true,true,0,120,0.1467060148715973,96,0.13236713409423828,0.597787951008325,0,false,false,false,1,false,133,false,false,AMBIGUOUS,
R2/69_right_loop,R2,right_loop,134,0.12434706091880798,47,0.05760243535041809,8.661665284122726,1,false,true,true,0,38,0.16636435687541962,36,0.14976979792118073,0.6681037877653123,0,false,false,false,2,false,134,false,false,AMBIGUOUS,
R2/6_plain_arch,R2,plain_arch,135,0.14952413737773895,62,0.05785277485847473,14.978354276240172,0,false,true,true,0,101,0.08827999979257584,43,0.08207302540540695,0.3684950576100226,0,false,false,false,1,false,135,false,false,AMBIGUOUS,
R2/6_right_loop,R2,right_loop,78,0.047981370240449905,2,0.036584675312042236,1.1151975488235233,0,false,false,false,2,145,0.1833316832780838,26,0.17853307723999023,0.1562950989189514,0,false,false,false,3,false,110,false,false,AMBIGUOUS,
R2/6_whorl,R2,whorl,137,0.47795167565345764,50,0.08274172991514206,45.827444949627285,8,true,true,true,0,79,0.16701184213161469,4,0.1304161697626114,1.7845897124582524,0,false,false,false,1,false,137,false,false,AMBIGUOUS,
R2/70_right_loop,R2,right_loop,138,0.08543504029512405,93,0.06433988362550735,1.789789826409732,0,false,false,false,2,16,0.1407272219657898,87,0.12318402528762817,0.8003350877216059,0,false,false,false,2,false,93,false,false,AMBIGUOUS,
R2/71_right_loop,R2,right_loop,1,0.04549619182944298,68,0.040838271379470825,0.5289073633736174,0,false,false,false,2,58,0.13006238639354706,120,0.12463992834091187,0.3773882539766031,0,false,false,false,3,false,58,false,false,AMBIGUOUS,
R2/72_right_loop,R2,right_loop,4,0.044001806527376175,125,0.04400022700428963,0.00015564242374760815,0,false,false,false,3,134,0.23059459030628204,125,0.1516987532377243,3.0690751788940394,0,false,true,false,1,false,136,false,false,AMBIGUOUS,
R2/73_right_loop,R2,right_loop,141,0.09471652656793594,70,0.04957495257258415,6.366643280223758,1,false,true,false,1,119,0.1006571352481842,117,0.08490500599145889,0.9958123567795872,0,false,false,false,1,false,141,false,false,AMBIGUOUS,
R2/74_right_loop,R2,right_loop,142,0.39228400588035583,129,0.053487714380025864,46.96505759005406,5,true,true,true,0,107,0.14283894002437592,119,0.13200338184833527,0.5628037479883253,0,false,false,false,3,false,142,false,false,AMBIGUOUS,
R2/7_right_loop,R2,right_loop,143,1.1505252122879028,139,0.04618191719055176,108.45552775612278,2,true,true,true,0,119,0.10431782156229019,36,0.10361263900995255,0.03580511091706569,1,false,false,false,3,false,143,false,false,AMBIGUOUS,
R2/7_whorl,R2,whorl,144,1.9002994298934937,42,0.03738229349255562,250.53391573045505,9,true,true,true,0,146,0.15511254966259003,93,0.15079955756664276,0.17081960802445223,0,false,false,false,2,false,144,false,false,AMBIGUOUS,
R2/8_right_loop,R2,right_loop,145,0.22830170392990112,123,0.05109189823269844,15.241304263911898,5,true,true,true,0,73,0.1402183324098587,13,0.12348119169473648,0.7675452722774135,0,false,false,false,2,false,145,false,false,AMBIGUOUS,
R2/8_whorl,R2,whorl,146,0.1128249391913414,6,0.05334505811333656,5.294709681679213,0,false,true,true,0,29,0.18442559242248535,99,0.17745137214660645,0.3398158326992125,0,false,false,false,2,false,146,false,false,AMBIGUOUS,
R2/9_right_loop,R2,right_loop,147,0.9073136448860168,90,0.07788752764463425,73.62369878284076,8,true,true,true,0,93,0.15557384490966797,119,0.15314368903636932,0.0768414381237445,0,false,false,false,3,false,147,false,false,AMBIGUOUS,
R2/9_whorl,R2,whorl,148,1.0428470373153687,82,0.057775747030973434,99.12018495922106,9,true,true,true,0,54,0.1788278967142105,146,0.15733873844146729,0.7779563021742557,0,false,false,false,3,false,148,false,false,AMBIGUOUS,
R3/10_right_loop,R3,right_loop,70,0.09990411251783371,128,0.08766715973615646,1.3532902281508346,0,false,false,false,1,129,0.1633920818567276,31,0.14125041663646698,0.9787432040498203,0,false,false,false,1,false,128,false,false,AMBIGUOUS,
R3/10_whorl,R3,whorl,2,0.11921676248311996,39,0.0381995290517807,8.06860060288037,0,false,true,true,0,119,0.17430591583251953,115,0.16456261277198792,0.36478827924510326,0,false,false,false,2,false,2,false,false,AMBIGUOUS,
R3/11_right_loop,R3,right_loop,3,0.8069901466369629,118,0.05544233322143555,84.48377476511155,9,true,true,true,0,64,0.16030442714691162,32,0.1552211046218872,0.1894719122497216,0,false,false,false,3,false,3,false,false,AMBIGUOUS,
R3/11_whorl,R3,whorl,4,0.3914198875427246,51,0.0421304889023304,38.77717959085294,5,true,true,true,0,20,0.16726098954677582,111,0.15588051080703735,0.677058993454314,0,false,false,false,2,false,4,false,false,AMBIGUOUS,
R3/12_right_loop,R3,right_loop,5,0.9853593707084656,51,0.05671646073460579,83.91785855547596,5,true,true,true,0,74,0.168381929397583,133,0.12871938943862915,1.5383954155913715,0,false,false,false,1,false,5,false,false,AMBIGUOUS,
R3/12_whorl,R3,whorl,100,0.06743061542510986,6,0.06658521294593811,0.07768612032805168,0,false,false,false,2,77,0.18640176951885223,91,0.12748341262340546,2.293516992074447,0,false,false,false,1,false,6,false,false,AMBIGUOUS,
R3/13_right_loop,R3,right_loop,7,0.9729692339897156,4,0.05035674571990967,97.46445986878692,6,true,true,true,0,88,0.18218009173870087,82,0.16442058980464935,0.5745713537994388,0,false,false,false,3,false,7,false,false,AMBIGUOUS,
R3/13_whorl,R3,whorl,8,0.38241854310035706,78,0.0884392261505127,31.362971032796157,6,true,true,true,0,29,0.14633788168430328,95,0.13240930438041687,0.5394575600980291,0,false,false,false,2,false,8,false,false,AMBIGUOUS,
R3/14_right_loop,R3,right_loop,9,0.0604388527572155,28,0.052241966128349304,0.9450152047332941,0,false,false,false,1,40,0.10749427229166031,138,0.1061977818608284,0.06956219161752734,0,false,false,false,2,false,9,false,false,AMBIGUOUS,
R3/14_whorl,R3,whorl,10,0.3011647164821625,134,0.05173472687602043,28.70635558580225,2,true,true,true,0,148,0.1650909036397934,83,0.13285166025161743,1.3377019915529904,0,false,false,false,2,false,10,false,false,AMBIGUOUS,
R3/15_right_loop,R3,right_loop,11,0.345920592546463,108,0.05149146914482117,39.24185005328585,4,true,true,true,0,76,0.14025764167308807,27,0.13571663200855255,0.2268756619800483,0,false,false,false,2,false,11,false,false,AMBIGUOUS,
R3/15_whorl,R3,whorl,12,1.3094993829727173,23,0.059386949986219406,138.56235420597903,10,true,true,true,0,125,0.15581117570400238,91,0.1434255838394165,0.4947151019710807,0,false,false,false,2,false,12,false,false,AMBIGUOUS,
R3/16_right_loop,R3,right_loop,13,0.16307203471660614,124,0.05349157378077507,11.079950332006142,2,true,true,true,0,70,0.20085787773132324,139,0.18751148879528046,0.37109275405786457,1,false,false,false,1,false,13,false,false,AMBIGUOUS,
R3/16_whorl,R3,whorl,14,0.3701208829879761,6,0.04243521764874458,43.98553017250093,5,true,true,true,0,95,0.17749933898448944,77,0.14811615645885468,1.0298679467942502,0,false,false,false,1,false,14,false,false,AMBIGUOUS,
R3/17_right_loop,R3,right_loop,15,0.5620288252830505,143,0.06907964497804642,46.13896490584889,4,true,true,true,0,106,0.13016235828399658,64,0.12110994011163712,0.35289734924657146,0,false,false,false,3,false,15,false,false,AMBIGUOUS,
R3/17_whorl,R3,whorl,16,4.51380729675293,80,0.05602246895432472,479.70185031084185,10,true,true,true,0,85,0.2203359603881836,6,0.14872843027114868,4.167303130785075,1,false,true,false,1,false,16,false,false,AMBIGUOUS,
R3/18_right_loop,R3,right_loop,118,0.056818973273038864,17,0.04073410853743553,1.5620159580294595,0,false,false,false,1,13,0.1861899346113205,31,0.1816636472940445,0.15938054372939883,1,false,false,false,2,false,120,false,false,AMBIGUOUS,
R3/18_whorl,R3,whorl,18,0.40874621272087097,72,0.046972036361694336,40.96120561209275,1,false,true,true,0,103,0.1963009089231491,117,0.15158729255199432,1.625581071411129,0,false,false,false,1,false,18,false,false,AMBIGUOUS,
R3/19_right_loop,R3,right_loop,81,0.0388101227581501,31,0.03699011728167534,0.20873082802428378,0,false,false,false,3,69,0.12442150712013245,7,0.1184668242931366,0.285517136907183,0,false,false,false,2,false,42,false,false,AMBIGUOUS,
R3/19_whorl,R3,whorl,20,0.6732451319694519,76,0.06228993460536003,76.95332031402369,8,true,true,true,0,12,0.15291614830493927,20,0.1424444019794464,0.4128854415931045,0,false,false,false,3,false,20,false,false,AMBIGUOUS,
R3/1_left_loop,R3,left_loop,69,0.06871980428695679,55,0.04710587486624718,2.504969739395578,0,false,true,false,1,6,0.10074173659086227,120,0.08121185749769211,1.11811281281816,0,false,false,false,1,false,71,false,false,AMBIGUOUS,
R3/1_plain_arch,R3,plain_arch,22,0.5921525359153748,69,0.04647854343056679,79.70828829088425,1,false,true,true,0,64,0.13375884294509888,26,0.10046293586492538,2.051579517514905,1,false,false,false,1,false,22,false,false,AMBIGUOUS,
R3/1_right_loop,R3,right_loop,23,1.6625828742980957,24,0.0626712292432785,189.11496952154408,10,true,true,true,0,1,0.1526002734899521,136,0.14150367677211761,0.4838925280532341,0,false,false,false,3,false,23,false,false,AMBIGUOUS,
R3/1_tented_arch,R3,tented_arch,135,0.08079584687948227,120,0.04503880441188812,3.713907884867943,0,false,true,false,1,55,0.1283707320690155,34,0.11963427066802979,0.4095872500579783,0,false,false,false,3,false,135,false,false,AMBIGUOUS,
R3/1_whorl,R3,whorl,25,1.385664939880371,58,0.061101216822862625,133.55042752972435,9,true,true,true,0,148,0.2031458467245102,39,0.14603625237941742,2.8868339712013262,0,false,true,false,2,false,25,false,false,AMBIGUOUS,
R3/20_right_loop,R3,right_loop,26,0.2920044958591461,97,0.05140087008476257,27.12855939644304,4,true,true,true,0,34,0.1383051872253418,130,0.11900945752859116,0.7291885821836769,0,false,false,false,1,false,26,false,false,AMBIGUOUS,
R3/20_whorl,R3,whorl,27,0.9519603848457336,75,0.04689546301960945,78.92131181091054,8,true,true,true,0,148,0.16093231737613678,54,0.14765295386314392,0.5680167411772362,1,false,false,false,2,false,27,false,false,AMBIGUOUS,
R3/21_right_loop,R3,right_loop,28,1.6330808401107788,9,0.0495477132499218,150.36531138056455,6,true,true,true,0,43,0.14528405666351318,6,0.14081059396266937,0.21311883005330562,0,false,false,false,1,false,28,false,false,AMBIGUOUS,
R3/21_whorl,R3,whorl,29,2.328432321548462,70,0.05401652678847313,228.51882451500535,9,true,true,true,0,148,0.1979440599679947,50,0.17484839260578156,0.9310072455569628,0,false,false,false,2,false,29,false,false,AMBIGUOUS,
R3/22_right_loop,R3,right_loop,30,0.10319066792726517,51,0.05697872117161751,4.941380457911607,3,true,true,true,0,139,0.16762752830982208,20,0.14813560247421265,0.6321723870043676,0,false,false,false,2,false,30,false,false,AMBIGUOUS,
R3/22_whorl,R3,whorl,21,0.038943737745285034,92,0.036197930574417114,0.3324251225536899,0,false,false,false,3,95,0.19548048079013824,148,0.15309329330921173,1.5594412243903382,0,false,false,false,1,false,95,false,false,AMBIGUOUS,
R3/23_right_loop,R3,right_loop,32,0.4341878592967987,30,0.04820640757679939,47.714615366670834,5,true,true,true,0,6,0.16733203828334808,1,0.1491265743970871,0.5557762657564295,0,false,false,false,1,false,32,false,false,AMBIGUOUS,
R3/23_whorl,R3,whorl,33,0.06837499886751175,110,0.0642651692032814,0.539443960557635,0,false,false,false,2,75,0.18760864436626434,31,0.17382214963436127,0.48787862119315606,1,false,false,false,2,false,33,false,false,AMBIGUOUS,
R3/24_right_loop,R3,right_loop,66,0.07202104479074478,8,0.06038450822234154,1.289059895168946,0,false,false,false,1,7,0.16207848489284515,34,0.15463243424892426,0.220198227892374,0,false,false,false,2,false,129,false,false,AMBIGUOUS,
R3/24_whorl,R3,whorl,35,0.12033215910196304,69,0.06806080788373947,4.771540330094817,1,false,true,false,1,45,0.19359064102172852,35,0.18206720054149628,0.41904219043481644,0,false,false,false,3,false,35,false,false,AMBIGUOUS,
R3/25_right_loop,R3,right_loop,48,0.04182441905140877,144,0.039071571081876755,0.34294416103617725,1,false,false,false,3,35,0.12588439881801605,122,0.10677941888570786,0.9064139101767609,0,false,false,false,2,false,21,false,false,AMBIGUOUS,
R3/25_whorl,R3,whorl,37,0.6564400792121887,137,0.06338238716125488,60.757725034507374,3,true,true,true,0,101,0.16635026037693024,50,0.13054843246936798,1.4000403789063767,0,false,false,false,1,false,37,false,false,AMBIGUOUS,
R3/26_right_loop,R3,right_loop,38,0.2547028660774231,63,0.046266261488199234,25.306931460550835,3,true,true,true,0,120,0.1876729279756546,49,0.1787729263305664,0.2879907104497797,0,false,false,false,3,false,38,false,false,AMBIGUOUS,
R3/26_whorl,R3,whorl,39,0.6113244891166687,48,0.0931672528386116,47.936221177032884,9,true,true,true,0,33,0.15099194645881653,73,0.12409847229719162,1.2592067495916202,0,false,false,false,1,false,39,false,false,AMBIGUOUS,
R3/27_right_loop,R3,right_loop,40,0.5662054419517517,79,0.047669414430856705,54.67341276709735,8,true,true,true,0,120,0.17567847669124603,54,0.17459802329540253,0.0433915163210167,0,false,false,false,3,false,40,false,false,AMBIGUOUS,
R3/27_whorl,R3,whorl,104,0.04597469046711922,135,0.03899775817990303,0.7208121797535626,0,false,false,false,1,16,0.14255507290363312,113,0.13446183502674103,0.3451531969572349,0,false,false,false,2,false,107,false,false,AMBIGUOUS,
R3/28_right_loop,R3,right_loop,5,0.04116244986653328,117,0.03497464954853058,0.6398599674940795,0,false,false,false,2,1,0.12591451406478882,34,0.12165510654449463,0.21542170037179725,1,false,false,false,2,false,19,false,false,AMBIGUOUS,
R3/28_whorl,R3,whorl,43,0.3016548156738281,70,0.058893028646707535,23.151450247322664,7,true,true,true,0,87,0.1759544014930725,14,0.16109944880008698,0.5451196528639507,0,false,false,false,2,false,43,false,false,AMBIGUOUS,
R3/29_right_loop,R3,right_loop,96,0.05496711656451225,81,0.04533269628882408,1.123751692932146,0,false,false,false,1,6,0.09198897331953049,88,0.08921486139297485,0.1263523458440157,0,false,false,false,3,false,47,false,false,AMBIGUOUS,
R3/29_whorl,R3,whorl,45,0.09870591759681702,11,0.05410796403884888,5.2287186716330725,1,false,true,false,1,77,0.15288977324962616,113,0.13227204978466034,0.8240839915075766,0,false,false,false,1,false,45,false,false,AMBIGUOUS,
R3/2_left_loop,R3,left_loop,87,0.09365013986825943,98,0.046904612332582474,5.762431513952219,0,false,true,false,1,130,0.11223258823156357,100,0.09767711907625198,0.8300702415288488,0,false,false,false,2,false,87,false,false,AMBIGUOUS,
R3/2_plain_arch,R3,plain_arch,73,0.04194841906428337,111,0.03172684833407402,1.4622069082158535,0,false,false,false,1,129,0.15134532749652863,53,0.1291622519493103,0.952571395185829,0,false,false,false,1,false,53,false,false,AMBIGUOUS,
R3/2_right_loop,R3,right_loop,48,2.1103618144989014,144,0.048309486359357834,228.58070359817384,9,true,true,true,0,38,0.10789782553911209,120,0.10407064110040665,0.19421046146807888,0,false,false,false,3,false,48,false,false,AMBIGUOUS,
R3/2_tented_arch,R3,tented_arch,49,2.4259984493255615,106,0.06307180225849152,214.43930589074196,9,true,true,true,0,31,0.11529644578695297,23,0.11067074537277222,0.2446338684668659,0,false,false,false,2,false,49,false,false,AMBIGUOUS,
R3/2_whorl,R3,whorl,50,0.327078253030777,106,0.06379494816064835,25.49912920535175,6,true,true,true,0,127,0.1779623180627823,18,0.16265647113323212,0.5761086306581421,0,false,false,false,2,false,50,false,false,AMBIGUOUS,
R3/30_right_loop,R3,right_loop,51,0.1307811588048935,109,0.049160923808813095,9.063270246363896,0,false,true,true,0,64,0.15471725165843964,120,0.11675883084535599,1.7649037163790768,0,false,false,false,1,false,51,false,false,AMBIGUOUS,
R3/30_whorl,R3,whorl,52,0.1592436581850052,37,0.04935051128268242,12.129381380340098,2,true,true,true,0,73,0.14941199123859406,64,0.1386553943157196,0.43000489769557865,0,false,false,false,2,false,52,false,false,AMBIGUOUS,
R3/31_right_loop,R3,right_loop,114,0.04066603258252144,53,0.040168825536966324,0.05418384269370888,0,false,false,false,2,27,0.11208833009004593,104,0.10931087285280228,0.12686457896224249,0,false,false,false,3,false,60,false,false,AMBIGUOUS,
R3/31_whorl,R3,whorl,54,0.3005692958831787,42,0.05609967187047005,28.20056762990458,5,true,true,true,0,91,0.14120890200138092,66,0.1378694474697113,0.1408525695622833,0,false,false,false,1,false,54,false,false,AMBIGUOUS,
R3/32_right_loop,R3,right_loop,55,0.38347652554512024,148,0.05159981548786163,28.287988002453165,2,true,true,true,0,69,0.1470266431570053,148,0.12674713134765625,0.8598096809797529,0,false,false,false,2,false,55,false,false,AMBIGUOUS,
R3/32_whorl,R3,whorl,56,0.3154675364494324,90,0.04634632170200348,32.960463355605434,1,false,true,true,0,34,0.150843545794487,20,0.15029758214950562,0.018496461650947628,0,false,false,false,2,false,56,false,false,AMBIGUOUS,
R3/33_right_loop,R3,right_loop,57,0.730309784412384,56,0.06211027130484581,65.29161328139979,5,true,true,true,0,73,0.14267434179782867,64,0.11148545145988464,1.8962409410438263,0,false,false,false,1,false,57,false,false,AMBIGUOUS,
R3/33_whorl,R3,whorl,58,0.7054904103279114,115,0.05142246559262276,65.23369504779309,4,true,true,true,0,83,0.1815062165260315,66,0.15813659131526947,0.8685089564178157,0,false,false,false,1,false,58,false,false,AMBIGUOUS,
R3/34_right_loop,R3,right_loop,59,0.993952214717865,79,0.051265865564346313,115.71657500966472,8,true,true,true,0,40,0.168013796210289,88,0.14657466113567352,0.7063018869812745,1,false,false,false,1,false,59,false,false,AMBIGUOUS,
R3/34_whorl,R3,whorl,31,0.07950117439031601,97,0.04739139601588249,3.5956033441317214,0,false,true,false,1,43,0.16575747728347778,113,0.15849702060222626,0.23134910037476064,0,false,false,false,2,false,31,false,false,AMBIGUOUS,
R3/35_right_loop,R3,right_loop,61,0.23061662912368774,95,0.05176180601119995,19.188702374727143,5,true,true,true,0,48,0.1451677680015564,125,0.11445435136556625,1.4126939102992033,0,false,false,false,1,false,61,false,false,AMBIGUOUS,
R3/35_whorl,R3,whorl,62,0.6202059388160706,88,0.05710702762007713,55.863604752395396,6,true,true,true,0,148,0.15262417495250702,31,0.11243610829114914,1.8052932895376859,0,false,false,false,1,false,62,false,false,AMBIGUOUS,
R3/36_right_loop,R3,right_loop,63,0.07165571302175522,31,0.06138920783996582,1.039114716762594,2,true,false,false,2,64,0.21346509456634521,31,0.19989903271198273,0.32915842339255985,0,false,false,false,2,false,63,false,false,AMBIGUOUS,
R3/36_whorl,R3,whorl,64,0.18414300680160522,35,0.04101996868848801,15.129329945351873,1,false,true,true,0,148,0.15737968683242798,64,0.14927656948566437,0.30524963128690685,0,false,false,false,3,false,64,false,false,AMBIGUOUS,
R3/37_right_loop,R3,right_loop,65,0.06938927620649338,83,0.06149083003401756,0.7510755356310223,2,true,false,false,2,73,0.14298546314239502,112,0.13345403969287872,0.3199865999181092,0,false,false,false,2,false,65,false,false,AMBIGUOUS,
R3/37_whorl,R3,whorl,66,0.131867915391922,41,0.04601353406906128,7.975420361821468,0,false,true,false,1,55,0.1965799778699875,49,0.16014666855335236,1.1740651206063915,0,false,false,false,2,false,66,false,false,AMBIGUOUS,
R3/38_right_loop,R3,right_loop,67,0.2236214280128479,130,0.051701467484235764,20.305835031078825,1,false,true,true,0,120,0.19658546149730682,64,0.16046863794326782,1.0138316623963188,0,false,false,false,1,false,67,false,false,AMBIGUOUS,
R3/38_whorl,R3,whorl,68,0.15725548565387726,99,0.048854127526283264,11.326634394709124,0,false,true,true,0,52,0.17205588519573212,101,0.1661713868379593,0.20188914527718504,0,false,false,false,3,false,68,false,false,AMBIGUOUS,
R3/39_right_loop,R3,right_loop,69,0.21986758708953857,28,0.05809836462140083,13.846925712008014,2,true,true,false,1,43,0.15189705789089203,18,0.13205601274967194,0.760468373983895,0,false,false,false,2,false,69,false,false,AMBIGUOUS,
R3/39_whorl,R3,whorl,64,0.0960579589009285,70,0.07072315365076065,2.8194938979890267,0,false,true,false,2,108,0.16268831491470337,85,0.11723262071609497,1.8389665263113497,0,false,false,false,1,false,70,false,false,AMBIGUOUS,
R3/3_left_loop,R3,left_loop,73,0.04801054671406746,40,0.04627935215830803,0.16954765812978553,0,false,false,false,2,64,0.14698399603366852,84,0.14460842311382294,0.09138629374053085,0,false,false,false,3,false,73,false,false,AMBIGUOUS,
R3/3_plain_arch,R3,plain_arch,72,0.11093340069055557,74,0.025460869073867798,11.587919469136558,0,false,true,true,0,4,0.1106049120426178,36,0.10167606920003891,0.4714634279285948,0,false,false,false,1,false,72,false,false,AMBIGUOUS,
R3/3_right_loop,R3,right_loop,124,0.04964696243405342,122,0.04555391147732735,0.3785959485229703,0,false,false,false,2,138,0.1162058487534523,20,0.10887148231267929,0.3434810360353358,0,false,false,false,2,false,46,false,false,AMBIGUOUS,
R3/3_tented_arch,R3,tented_arch,74,0.7221013903617859,76,0.07226143032312393,67.60415812021442,3,true,true,true,0,64,0.12000548094511032,10,0.11585705727338791,0.2192310466891301,0,false,false,false,2,false,74,false,false,AMBIGUOUS,
R3/3_whorl,R3,whorl,75,0.1520119458436966,55,0.03727949038147926,12.594511153409952,1,false,true,true,0,64,0.1555149257183075,101,0.14342482388019562,0.4741276977258782,0,false,false,false,1,false,75,false,false,AMBIGUOUS,
R3/40_right_loop,R3,right_loop,76,0.9846549034118652,91,0.049557145684957504,111.26150444503432,8,true,true,true,0,68,0.18258176743984222,60,0.17313110828399658,0.39560017635327954,0,false,false,false,3,false,76,false,false,AMBIGUOUS,
R3/40_whorl,R3,whorl,77,0.2483326941728592,43,0.045707643032073975,21.739077558079117,1,false,true,true,0,50,0.14313960075378418,41,0.14101628959178925,0.09993446647784783,0,false,false,false,2,false,77,false,false,AMBIGUOUS,
R3/41_right_loop,R3,right_loop,78,0.2196301370859146,61,0.05742507055401802,16.889481042816495,1,false,true,true,0,119,0.1288931518793106,43,0.1114688292145729,0.8407842993468612,0,false,false,false,2,false,78,false,false,AMBIGUOUS,
R3/41_whorl,R3,whorl,79,0.15354596078395844,131,0.0567469447851181,9.257554851048335,7,true,true,true,0,85,0.13159194588661194,64,0.11992397159337997,0.5230227888579535,0,false,false,false,3,false,79,false,false,AMBIGUOUS,
R3/42_right_loop,R3,right_loop,145,0.061315715312957764,133,0.05808192491531372,0.3977528175793434,0,false,false,false,2,122,0.16527165472507477,29,0.11974552273750305,1.8263874848533643,0,false,false,false,1,false,98,false,false,AMBIGUOUS,
R3/42_whorl,R3,whorl,81,0.064857117831707,74,0.04670095071196556,1.5438082565479325,2,true,false,false,1,139,0.09912067651748657,89,0.09606005996465683,0.19115763385010834,0,false,false,false,3,false,139,false,false,AMBIGUOUS,
R3/43_right_loop,R3,right_loop,82,1.7875770330429077,13,0.0394933819770813,202.0376821629967,4,true,true,true,0,1,0.15694066882133484,13,0.1395152062177658,0.6712084815095366,1,false,false,false,1,false,82,false,false,AMBIGUOUS,
R3/43_whorl,R3,whorl,45,0.05369677022099495,13,0.04756802320480347,0.693362892450025,0,false,false,false,2,125,0.17305727303028107,10,0.15619422495365143,0.6599730409122048,0,false,false,false,2,false,83,false,false,AMBIGUOUS,
R3/44_right_loop,R3,right_loop,84,0.25747019052505493,73,0.05419996753334999,21.2970595522094,3,true,true,true,0,138,0.15584267675876617,34,0.1546751856803894,0.04820303714398655,0,false,false,false,3,false,84,false,false,AMBIGUOUS,
R3/44_whorl,R3,whorl,85,0.9770384430885315,92,0.06494810432195663,111.06815011361213,7,true,true,true,0,88,0.15432773530483246,91,0.14012503623962402,0.5633211055437525,0,false,false,false,2,false,85,false,false,AMBIGUOUS,
R3/45_right_loop,R3,right_loop,86,2.425189971923828,125,0.0508701354265213,237.17688241651678,9,true,true,true,0,32,0.10608643293380737,51,0.09613161534070969,0.5980258964027881,0,false,false,false,2,false,86,false,false,AMBIGUOUS,
R3/45_whorl,R3,whorl,72,0.06504283100366592,65,0.041241806000471115,2.4856137849792193,0,false,false,false,1,91,0.17829537391662598,95,0.14215141534805298,1.6211840872045984,0,false,false,false,1,false,113,false,false,AMBIGUOUS,
R3/46_right_loop,R3,right_loop,88,0.42290738224983215,51,0.053987886756658554,35.66093987770479,5,true,true,true,0,75,0.18892459571361542,106,0.17103946208953857,0.7021907044073549,0,false,false,false,1,false,88,false,false,AMBIGUOUS,
R3/46_whorl,R3,whorl,19,0.027556104585528374,94,0.025809278711676598,0.20140124951131194,0,false,false,false,2,58,0.15689003467559814,117,0.1354416012763977,1.0062362014464665,0,false,false,false,1,false,89,false,false,AMBIGUOUS,
R3/47_right_loop,R3,right_loop,90,0.9367397427558899,14,0.062018465250730515,87.01900757445891,6,true,true,true,0,64,0.1527165025472641,52,0.11890842765569687,1.413467561858825,0,false,false,false,2,false,90,false,false,AMBIGUOUS,
R3/47_whorl,R3,whorl,91,1.0564028024673462,146,0.08376597613096237,112.73890577210939,9,true,true,true,0,148,0.15924029052257538,29,0.1574672907590866,0.07061966499894852,0,false,false,false,1,false,91,false,false,AMBIGUOUS,
R3/48_right_loop,R3,right_loop,92,0.25274598598480225,33,0.057924967259168625,19.489640643127252,1,false,true,true,0,98,0.1252373456954956,11,0.11159148812294006,0.6616019166884766,0,false,false,false,3,false,92,false,false,AMBIGUOUS,
R3/48_whorl,R3,whorl,93,0.12770074605941772,132,0.060550738126039505,7.887129752339657,0,false,true,false,1,111,0.15009558200836182,103,0.14349336922168732,0.29375362666371446,0,false,false,false,2,false,93,false,false,AMBIGUOUS,
R3/49_right_loop,R3,right_loop,94,0.1433250904083252,65,0.041904132813215256,9.970865019421753,0,false,true,true,0,139,0.12440759688615799,14,0.11946245282888412,0.2155843544164824,1,false,false,false,2,false,94,false,false,AMBIGUOUS,
R3/49_whorl,R3,whorl,126,0.06787929683923721,58,0.05433090403676033,1.388072019681082,0,false,false,false,2,148,0.20500719547271729,146,0.16420312225818634,1.4192865610946084,0,false,false,false,1,false,36,false,false,AMBIGUOUS,
R3/4_left_loop,R3,left_loop,96,0.48728641867637634,102,0.06734467297792435,45.97465352522182,9,true,true,true,0,95,0.09047087281942368,28,0.08618248254060745,0.2800005895098742,0,false,false,false,1,false,96,false,false,AMBIGUOUS,
R3/4_plain_arch,R3,plain_arch,97,0.2666999101638794,16,0.05486617609858513,44.69372620326313,0,false,true,true,0,114,0.09294041246175766,28,0.07931926846504211,1.0146123882055245,0,false,false,false,3,false,97,false,false,AMBIGUOUS,
R3/4_right_loop,R3,right_loop,97,0.0691649317741394,41,0.03786671161651611,3.3228762487568284,0,false,true,false,1,69,0.1735573410987854,27,0.16155163943767548,0.4195343651624437,0,false,false,false,2,false,80,false,false,AMBIGUOUS,
R3/4_whorl,R3,whorl,99,0.2571997344493866,97,0.05905705317854881,19.772503409040407,4,true,true,true,0,146,0.12384840101003647,89,0.11046779155731201,0.6608619524793325,0,false,false,false,3,false,99,false,false,AMBIGUOUS,
R3/50_right_loop,R3,right_loop,100,1.3747574090957642,120,0.048615287989377975,130.9674889359432,8,true,true,true,0,80,0.14726805686950684,31,0.13253283500671387,0.6934025132232637,0,false,false,false,2,false,100,false,false,AMBIGUOUS,
R3/50_whorl,R3,whorl,101,0.8822434544563293,4,0.04478522017598152,85.5871908003084,10,true,true,true,0,25,0.1464453786611557,87,0.11395937949419022,1.3999889016270641,0,false,false,false,1,false,101,false,false,AMBIGUOUS,
R3/51_right_loop,R3,right_loop,102,0.10294982045888901,99,0.04885835573077202,6.36048992161446,1,false,true,false,1,31,0.19812871515750885,1,0.1659272462129593,0.8889889181536695,1,false,false,false,1,false,102,false,false,AMBIGUOUS,
R3/51_whorl,R3,whorl,33,0.05122007057070732,120,0.046636033803224564,0.424260581329817,0,false,false,false,2,148,0.20472025871276855,91,0.16211985051631927,1.6901833723399748,0,false,false,false,1,false,103,false,false,AMBIGUOUS,
R3/52_right_loop,R3,right_loop,104,0.6029245257377625,120,0.03707309812307358,62.669954780738195,5,true,true,true,0,64,0.19249020516872406,71,0.1831134557723999,0.27339833113724815,0,false,false,false,3,false,104,false,false,AMBIGUOUS,
R3/52_whorl,R3,whorl,106,0.06329170614480972,108,0.05715324357151985,0.6253444140059431,0,false,false,false,1,45,0.17234371602535248,18,0.156106099486351,0.6567230474223531,0,false,false,false,1,false,105,false,false,AMBIGUOUS,
R3/53_right_loop,R3,right_loop,106,0.11222884058952332,35,0.06686145067214966,5.1065859587343745,2,true,true,false,1,31,0.16342364251613617,70,0.1487675905227661,0.5350660259579659,0,false,false,false,1,false,106,false,false,AMBIGUOUS,
R3/53_whorl,R3,whorl,6,0.03957231715321541,119,0.03630911931395531,0.3711610234281951,0,false,false,false,1,41,0.15533559024333954,45,0.1408793330192566,0.6004473298349683,0,false,false,false,2,false,119,false,false,AMBIGUOUS,
R3/54_right_loop,R3,right_loop,108,0.09988527745008469,27,0.046469736844301224,6.434575055607001,0,false,true,true,0,45,0.13075856864452362,139,0.1303263157606125,0.017344993911071596,0,false,false,false,3,false,108,false,false,AMBIGUOUS,
R3/54_whorl,R3,whorl,109,0.17262017726898193,99,0.0482449047267437,14.621715467382225,1,false,true,true,0,6,0.15554401278495789,41,0.1364574283361435,0.8833521611538776,0,false,false,false,1,false,109,false,false,AMBIGUOUS,
R3/55_right_loop,R3,right_loop,110,0.30199459195137024,92,0.07345791906118393,26.70801358527825,6,true,true,true,0,126,0.10184388607740402,120,0.09661910682916641,0.29674694533892854,0,false,false,false,2,false,110,false,false,AMBIGUOUS,
R3/55_whorl,R3,whorl,111,0.17634820938110352,21,0.061303455382585526,12.012375882795572,2,true,true,true,0,52,0.15938971936702728,144,0.14109325408935547,0.6136845790041944,0,false,false,false,2,false,111,false,false,AMBIGUOUS,
R3/56_right_loop,R3,right_loop,112,0.06332507729530334,26,0.061721015721559525,0.19037889366680114,0,false,false,false,3,94,0.09187177568674088,79,0.09007444977760315,0.11461217307324206,0,false,false,false,1,false,81,false,false,AMBIGUOUS,
R3/56_whorl,R3,whorl,91,0.04504925012588501,1,0.03920299932360649,0.6143554363939017,0,false,false,false,2,50,0.14043931663036346,45,0.132980078458786,0.33611298647588533,0,false,false,false,3,false,41,false,false,AMBIGUOUS,
R3/57_right_loop,R3,right_loop,114,0.043462108820676804,56,0.03789563477039337,0.6295010115434538,0,false,false,false,1,117,0.15604756772518158,114,0.14722253382205963,0.3259274936174182,0,false,false,false,1,false,114,false,false,AMBIGUOUS,
R3/57_whorl,R3,whorl,115,1.5839821100234985,25,0.055465683341026306,182.83779681922866,9,true,true,true,0,95,0.13453064858913422,66,0.11767026036977768,0.8765358718777094,0,false,false,false,1,false,115,false,false,AMBIGUOUS,
R3/58_right_loop,R3,right_loop,116,0.2828496992588043,117,0.05032075569033623,20.524671398509227,1,false,true,false,1,88,0.13015633821487427,120,0.12321829050779343,0.3262078800485946,0,false,false,false,1,false,116,false,false,AMBIGUOUS,
R3/58_whorl,R3,whorl,117,0.5467628836631775,74,0.05979561433196068,49.51280011715668,5,true,true,true,0,60,0.1715419739484787,33,0.16882438957691193,0.08378023619336646,0,false,false,false,3,false,117,false,false,AMBIGUOUS,
R3/59_right_loop,R3,right_loop,118,0.3413608968257904,137,0.065093033015728,29.603084826187303,1,false,true,true,0,40,0.10589921474456787,130,0.10007896274328232,0.3263445103285382,0,false,false,false,3,false,118,false,false,AMBIGUOUS,
R3/59_whorl,R3,whorl,62,0.061379220336675644,137,0.05246217921376228,0.9807662919176591,0,false,false,false,1,146,0.21082758903503418,95,0.18445289134979248,1.1100402366980187,0,false,false,false,1,false,146,false,false,AMBIGUOUS,
R3/5_left_loop,R3,left_loop,132,0.06848790496587753,112,0.055533912032842636,1.9389609106516497,0,false,false,false,1,136,0.1526850163936615,104,0.11947347968816757,1.5191248196833802,0,false,false,false,1,false,112,false,false,AMBIGUOUS,
R3/5_plain_arch,R3,plain_arch,121,1.023037075996399,67,0.08704155683517456,119.4342040941129,1,false,true,true,0,70,0.12706518173217773,27,0.11165183782577515,0.817907109982274,0,false,false,false,2,false,121,false,false,AMBIGUOUS,
R3/5_right_loop,R3,right_loop,122,0.6835136413574219,86,0.059179890900850296,74.2446677384864,7,true,true,true,0,35,0.15841537714004517,1,0.15797890722751617,0.014844999821226616,0,false,false,false,2,false,122,false,false,AMBIGUOUS,
R3/5_whorl,R3,whorl,123,0.35461845993995667,140,0.045008037239313126,30.803925489232448,9,true,true,true,0,109,0.17522375285625458,64,0.15731726586818695,0.6841860387352043,0,false,false,false,2,false,123,false,false,AMBIGUOUS,
R3/60_right_loop,R3,right_loop,124,0.05277254804968834,108,0.05189559981226921,0.08010633368308823,0,false,false,false,3,18,0.1333029419183731,40,0.12906740605831146,0.2110971347116863,0,false,false,false,3,false,130,false,false,AMBIGUOUS,
R3/60_whorl,R3,whorl,125,0.07128461450338364,138,0.05865282937884331,1.2801917943150456,0,false,false,false,1,18,0.1872960776090622,16,0.1797327846288681,0.24113646585038961,0,false,false,false,1,false,125,false,false,AMBIGUOUS,
R3/61_right_loop,R3,right_loop,126,0.20249885320663452,27,0.06974086910486221,16.88776392121654,1,false,true,true,0,6,0.12538589537143707,64,0.12079930305480957,0.21932233292263806,0,false,false,false,2,false,126,false,false,AMBIGUOUS,
R3/62_right_loop,R3,right_loop,127,0.14615221321582794,100,0.04285068437457085,12.195363360192648,3,true,true,true,0,32,0.11278047412633896,139,0.09413180500268936,0.9681117174798627,0,false,false,false,1,false,127,false,false,AMBIGUOUS,
R3/63_right_loop,R3,right_loop,132,0.11076495796442032,101,0.05849919840693474,5.989978541311781,0,false,true,false,1,34,0.11038503795862198,43,0.10627194494009018,0.18861407811386965,0,false,false,false,1,false,124,false,false,AMBIGUOUS,
R3/64_right_loop,R3,right_loop,121,0.047016412019729614,17,0.0404314287006855,0.8027001558872752,0,false,false,false,1,138,0.20295004546642303,13,0.19079458713531494,0.40363572333855874,0,false,false,false,2,false,17,false,false,AMBIGUOUS,
R3/65_right_loop,R3,right_loop,116,0.0495004765689373,93,0.03732353821396828,1.1611980642937485,0,false,false,false,1,1,0.1571381837129593,2,0.1342729777097702,0.7341247807056065,0,false,false,false,1,false,1,false,false,AMBIGUOUS,
R3/66_right_loop,R3,right_loop,131,0.0921199694275856,35,0.049212243407964706,3.7978348945820586,1,false,true,false,1,104,0.10962017625570297,138,0.10467623919248581,0.29070563956357726,0,false,false,false,3,false,131,false,false,AMBIGUOUS,
R3/67_right_loop,R3,right_loop,132,0.9572452902793884,83,0.071694515645504,88.68714014157304,10,true,true,true,0,138,0.1461096853017807,69,0.11545225232839584,1.3179248062198923,1,false,false,false,2,false,132,false,false,AMBIGUOUS,
R3/68_right_loop,R3,right_loop,133,0.6062633395195007,83,0.0627124235033989,48.016218669287554,4,true,true,true,0,63,0.2099287062883377,64,0.15704289078712463,1.8931368809303726,0,false,false,false,1,false,133,false,false,AMBIGUOUS,
R3/69_right_loop,R3,right_loop,134,0.16440705955028534,28,0.05774615332484245,10.012399653831423,5,true,true,true,0,31,0.15441997349262238,64,0.1232745423913002,1.1820434684209522,1,false,false,false,1,false,134,false,false,AMBIGUOUS,
R3/6_plain_arch,R3,plain_arch,6,0.042278409004211426,104,0.04165958985686302,0.08094326202363832,0,false,false,false,2,34,0.10041431337594986,57,0.09121439605951309,0.5283952877286934,0,false,false,false,3,false,34,false,false,AMBIGUOUS,
R3/6_right_loop,R3,right_loop,136,0.9191259741783142,1,0.07607102394104004,76.56383267371974,10,true,true,true,0,95,0.13684554398059845,56,0.13141869008541107,0.22731471664817432,1,false,false,false,2,false,136,false,false,AMBIGUOUS,
R3/6_whorl,R3,whorl,137,2.1360247135162354,33,0.04966634511947632,190.03678563197755,9,true,true,true,0,6,0.1348028928041458,64,0.12607461214065552,0.4136264987049223,0,false,false,false,2,false,137,false,false,AMBIGUOUS,
R3/70_right_loop,R3,right_loop,41,0.045161813497543335,135,0.04329974576830864,0.20433056430804586,0,false,false,false,3,78,0.19177646934986115,130,0.14114482700824738,1.8273768586685222,0,false,false,false,2,false,138,false,false,AMBIGUOUS,
R3/71_right_loop,R3,right_loop,24,0.0716085433959961,132,0.054154038429260254,1.7719538455170354,0,false,false,false,1,69,0.18512964248657227,51,0.1593313068151474,0.8675016245800861,0,false,false,false,2,false,24,false,false,AMBIGUOUS,
R3/72_right_loop,R3,right_loop,140,0.10484227538108826,65,0.0402502603828907,7.4166263352445885,2,true,true,true,0,32,0.12600678205490112,88,0.12179658561944962,0.15260698166253975,0,false,false,false,3,false,140,false,false,AMBIGUOUS,
R3/73_right_loop,R3,right_loop,70,0.04949434474110603,31,0.049479976296424866,0.0016585935719494696,0,false,false,false,3,120,0.10276341438293457,1,0.08993515372276306,0.7165143701490236,0,false,false,false,2,false,141,false,false,AMBIGUOUS,
R3/74_right_loop,R3,right_loop,142,0.849936306476593,111,0.07182865589857101,88.94141983385363,3,true,true,true,0,96,0.10604468733072281,132,0.09179803729057312,0.7052343693163908,0,false,false,false,2,false,142,false,false,AMBIGUOUS,
R3/7_right_loop,R3,right_loop,143,0.2280629426240921,69,0.04811978340148926,15.703434988789812,2,true,true,true,0,84,0.1123681291937828,103,0.10198482125997543,0.5414225968756072,0,false,false,false,2,false,143,false,false,AMBIGUOUS,
R3/7_whorl,R3,whorl,144,0.18941260874271393,58,0.06345256417989731,15.564251927800788,1,false,true,true,0,58,0.2213415950536728,60,0.1880318969488144,1.115210998077264,0,false,false,false,2,false,144,false,false,AMBIGUOUS,
R3/8_right_loop,R3,right_loop,145,0.0900353267788887,41,0.04644693061709404,4.6521211946656615,1,false,true,false,1,51,0.18267381191253662,98,0.157094344496727,0.9035938391148985,0,false,false,false,2,false,145,false,false,AMBIGUOUS,
R3/8_whorl,R3,whorl,146,0.0555233359336853,4,0.05444797873497009,0.12239808275213056,0,false,false,false,3,91,0.11889555305242538,20,0.11700131744146347,0.08174648817866101,0,false,false,false,3,false,44,false,false,AMBIGUOUS,
R3/9_right_loop,R3,right_loop,147,0.13526788353919983,88,0.052987705916166306,9.692698156630062,1,false,true,false,1,97,0.09687671065330505,64,0.09461721032857895,0.12800330423563164,0,false,false,false,1,false,147,false,false,AMBIGUOUS,
R3/9_whorl,R3,whorl,148,0.46093639731407166,109,0.06111697480082512,48.463181263548314,6,true,true,true,0,89,0.1870332509279251,87,0.14552487432956696,1.6025588169470568,0,false,false,false,2,false,148,false,false,AMBIGUOUS,
R4/10_right_loop,R4,right_loop,67,0.050324469804763794,70,0.04299144074320793,0.7713439575303572,0,false,false,false,1,129,0.1597108393907547,48,0.14572393894195557,0.555477581598393,1,false,false,false,2,false,99,false,false,AMBIGUOUS,
R4/10_whorl,R4,whorl,2,0.31700190901756287,19,0.05267972871661186,28.14650314564319,6,true,true,true,0,64,0.15802063047885895,119,0.14965803921222687,0.3786477954900133,0,false,false,false,3,false,2,false,false,AMBIGUOUS,
R4/11_right_loop,R4,right_loop,3,0.06922357529401779,71,0.059851158410310745,1.082392525292712,1,false,false,false,1,49,0.1785299926996231,104,0.15661068260669708,0.9267236782804636,1,false,false,false,2,false,3,false,false,AMBIGUOUS,
R4/11_whorl,R4,whorl,119,0.05961236730217934,147,0.05917515233159065,0.05788267051611461,0,false,false,false,2,111,0.16677190363407135,119,0.15352492034435272,0.5400653675324723,0,false,false,false,3,false,119,false,false,AMBIGUOUS,
R4/12_right_loop,R4,right_loop,5,0.11301300674676895,100,0.05660836771130562,6.360218173567816,1,false,true,true,0,136,0.1727331429719925,8,0.1521584838628769,0.8409202380923742,0,false,false,false,1,false,5,false,false,AMBIGUOUS,
R4/12_whorl,R4,whorl,59,0.040285129100084305,4,0.039578188210725784,0.055121349682260234,0,false,false,false,3,62,0.16604314744472504,52,0.15132588148117065,0.6094364836033874,0,false,false,false,3,false,62,false,false,AMBIGUOUS,
R4/13_right_loop,R4,right_loop,38,0.09955064207315445,50,0.04982611536979675,4.647336224834005,1,false,true,false,1,95,0.12029498815536499,48,0.101640485227108,0.9830885557162654,1,false,false,false,1,false,50,false,false,AMBIGUOUS,
R4/13_whorl,R4,whorl,8,0.736093282699585,81,0.045089393854141235,59.792738681122906,4,true,true,true,0,70,0.18668706715106964,115,0.1554918885231018,1.089793963949916,0,false,false,false,1,false,8,false,false,AMBIGUOUS,
R4/14_right_loop,R4,right_loop,9,0.2042984515428543,39,0.04500049725174904,18.655480692247743,2,true,true,true,0,124,0.11758891493082047,100,0.10900627821683884,0.38494854985976124,0,false,false,false,1,false,9,false,false,AMBIGUOUS,
R4/14_whorl,R4,whorl,10,0.3075043857097626,11,0.0599832646548748,27.122739908636966,3,true,true,true,0,93,0.17138588428497314,52,0.1678496152162552,0.1125033031143303,0,false,false,false,1,false,10,false,false,AMBIGUOUS,
R4/15_right_loop,R4,right_loop,2,0.14994144439697266,11,0.06426399201154709,9.330195261946058,0,false,true,false,1,129,0.16949373483657837,8,0.16780680418014526,0.06537300182739139,0,false,false,false,3,false,11,false,false,AMBIGUOUS,
R4/15_whorl,R4,whorl,12,1.1771808862686157,102,0.11376950889825821,103.38216468479385,8,true,true,true,0,62,0.17772752046585083,10,0.15392448008060455,1.037869135949202,0,false,false,false,1,false,12,false,false,AMBIGUOUS,
R4/16_right_loop,R4,right_loop,72,0.04599970206618309,37,0.04541213437914848,0.0610412781812403,0,false,false,false,2,110,0.19665157794952393,69,0.16448773443698883,1.296525196896648,0,false,false,false,2,false,69,false,false,AMBIGUOUS,
R4/16_whorl,R4,whorl,34,0.07844305038452148,116,0.06748098880052567,1.1363837500022784,0,false,false,false,1,43,0.12594099342823029,107,0.12464383989572525,0.0636471752638592,0,false,false,false,2,false,4,false,false,AMBIGUOUS,
R4/17_right_loop,R4,right_loop,15,0.270175576210022,114,0.11904152482748032,20.75521443448156,3,true,true,true,0,92,0.1287069320678711,98,0.12536315619945526,0.18483769907335446,0,false,false,false,3,false,15,false,false,AMBIGUOUS,
R4/17_whorl,R4,whorl,16,0.13719886541366577,111,0.050432637333869934,7.570255089373932,0,false,true,true,0,41,0.14073337614536285,49,0.13542331755161285,0.24724744275129817,0,false,false,false,2,false,16,false,false,AMBIGUOUS,
R4/18_right_loop,R4,right_loop,17,0.263135701417923,121,0.053711920976638794,19.511009273125385,5,true,true,true,0,148,0.14220410585403442,69,0.13338737189769745,0.33609525177907684,0,false,false,false,2,false,17,false,false,AMBIGUOUS,
R4/18_whorl,R4,whorl,132,0.06597673147916794,52,0.04864274337887764,1.8342470590041604,0,false,false,false,1,123,0.2273591309785843,12,0.20635037124156952,0.7043698903796061,1,false,false,false,2,false,132,false,false,AMBIGUOUS,
R4/19_right_loop,R4,right_loop,19,0.09634830802679062,146,0.03640666976571083,6.143868516445953,1,false,true,true,0,126,0.16761372983455658,59,0.11894724518060684,2.7336290033076516,1,false,true,false,1,false,19,false,false,AMBIGUOUS,
R4/19_whorl,R4,whorl,20,0.06696483492851257,78,0.0596621036529541,0.6467275520223723,0,false,false,false,1,50,0.151192307472229,6,0.14798462390899658,0.12027707102270872,0,false,false,false,2,false,6,false,false,AMBIGUOUS,
R4/1_left_loop,R4,left_loop,21,0.15563303232192993,101,0.04016662761569023,15.13919731361613,3,true,true,false,1,106,0.14267012476921082,126,0.13037560880184174,0.5164849318470557,0,false,false,false,2,false,21,false,false,AMBIGUOUS,
R4/1_plain_arch,R4,plain_arch,22,0.2261112779378891,90,0.04282398521900177,34.29999140035606,0,false,true,true,0,20,0.11960615962743759,109,0.08113018423318863,2.357612942642714,0,false,false,false,1,false,22,false,false,AMBIGUOUS,
R4/1_right_loop,R4,right_loop,23,0.055806130170822144,5,0.051972609013319016,0.3792738998311547,0,false,false,false,2,143,0.18806476891040802,59,0.1820862889289856,0.2229692078315521,0,false,false,false,3,false,23,false,false,AMBIGUOUS,
R4/1_tented_arch,R4,tented_arch,24,0.17788390815258026,74,0.058635856956243515,12.829691619118512,1,false,true,true,0,129,0.14794594049453735,100,0.13410167396068573,0.7505352527300782,0,false,false,false,1,false,24,false,false,AMBIGUOUS,
R4/1_whorl,R4,whorl,25,0.4442257881164551,112,0.05014391243457794,39.68639983412006,3,true,true,true,0,67,0.15097077190876007,20,0.14069625735282898,0.4328668081411753,0,false,false,false,1,false,25,false,false,AMBIGUOUS,
R4/20_right_loop,R4,right_loop,26,0.2246747463941574,68,0.05976591631770134,21.593078117791485,0,false,true,true,0,44,0.1220947876572609,13,0.11272416263818741,0.40116414587810184,0,false,false,false,3,false,26,false,false,AMBIGUOUS,
R4/20_whorl,R4,whorl,27,0.21368031203746796,56,0.0531105101108551,14.510206109512307,3,true,true,true,0,113,0.24759650230407715,119,0.233838751912117,0.5465780213573651,1,false,false,false,2,false,27,false,false,AMBIGUOUS,
R4/21_right_loop,R4,right_loop,28,0.08076880872249603,35,0.05895679071545601,2.1013965719808114,1,false,false,false,1,65,0.12994660437107086,129,0.1187775731086731,0.5106627439733896,0,false,false,false,3,false,28,false,false,AMBIGUOUS,
R4/21_whorl,R4,whorl,29,0.2643375098705292,35,0.06678054481744766,19.483843938615173,5,true,true,true,0,64,0.17084139585494995,52,0.14676816761493683,1.007068938922036,0,false,false,false,1,false,29,false,false,AMBIGUOUS,
R4/22_right_loop,R4,right_loop,30,0.09023972600698471,94,0.03684631735086441,6.382863278091217,1,false,true,true,0,20,0.14901411533355713,106,0.10880597680807114,1.6856049454506081,0,false,false,true,0,false,30,false,false,AMBIGUOUS,
R4/22_whorl,R4,whorl,31,0.3920469284057617,113,0.07290881127119064,36.69612833232403,4,true,true,true,0,119,0.12108876556158066,113,0.12021050602197647,0.03929363816454133,0,false,false,false,3,false,31,false,false,AMBIGUOUS,
R4/23_right_loop,R4,right_loop,32,0.5515701174736023,109,0.05084829404950142,46.74756946143604,0,false,true,true,0,142,0.10498432070016861,4,0.09987025707960129,0.33216876972816195,0,false,false,false,3,false,32,false,false,AMBIGUOUS,
R4/23_whorl,R4,whorl,33,0.12186094373464584,6,0.04022116959095001,7.710533122107937,0,false,true,true,0,70,0.1741151362657547,45,0.15346978604793549,1.0430940231325163,0,false,false,false,2,false,33,false,false,AMBIGUOUS,
R4/24_right_loop,R4,right_loop,34,2.7023656368255615,43,0.04978106915950775,225.48695507728416,9,true,true,true,0,126,0.0992630124092102,136,0.09509923309087753,0.2351002236175524,0,false,false,false,2,false,34,false,false,AMBIGUOUS,
R4/24_whorl,R4,whorl,33,0.05816122889518738,77,0.03736153617501259,2.1691854810624323,0,false,false,false,1,137,0.1767464280128479,107,0.14629434049129486,1.2666505211856371,0,false,false,false,3,false,65,false,false,AMBIGUOUS,
R4/25_right_loop,R4,right_loop,36,0.6716058254241943,142,0.05601797625422478,53.21262351581994,6,true,true,true,0,71,0.12674684822559357,16,0.11643531173467636,0.44341358842084383,0,false,false,false,1,false,36,false,false,AMBIGUOUS,
R4/25_whorl,R4,whorl,40,0.056394774466753006,58,0.04695146903395653,0.8138888186509817,0,false,false,false,1,119,0.19403058290481567,91,0.1930662989616394,0.03504609464561694,1,false,false,false,3,false,37,false,false,AMBIGUOUS,
R4/26_right_loop,R4,right_loop,38,0.10576775670051575,99,0.06474200636148453,4.6270256334003985,1,false,true,true,0,64,0.08857542276382446,107,0.08019565790891647,0.4804172639627297,0,false,false,false,2,false,38,false,false,AMBIGUOUS,
R4/26_whorl,R4,whorl,39,0.1182594895362854,112,0.06698299199342728,5.0824185165755775,2,true,true,true,0,70,0.16612714529037476,87,0.16063296794891357,0.1934547086989783,0,false,false,false,3,false,39,false,false,AMBIGUOUS,
R4/27_right_loop,R4,right_loop,40,0.36427775025367737,125,0.048512186855077744,27.379037432965024,3,true,true,true,0,8,0.19663579761981964,110,0.16439302265644073,1.364402470903764,0,false,false,false,2,false,40,false,false,AMBIGUOUS,
R4/27_whorl,R4,whorl,41,0.18001259863376617,95,0.06137869879603386,11.847369001703973,0,false,true,true,0,123,0.18556559085845947,115,0.14771884679794312,1.3781707326410926,0,false,false,false,2,false,41,false,false,AMBIGUOUS,
R4/28_right_loop,R4,right_loop,42,0.07616690546274185,96,0.04085467383265495,4.879865413133217,0,false,true,false,1,40,0.18871314823627472,69,0.1707804650068283,0.46008517789266495,0,false,false,false,3,false,42,false,false,AMBIGUOUS,
R4/28_whorl,R4,whorl,43,0.13547249138355255,119,0.051720887422561646,8.46247084393304,1,false,true,false,1,107,0.15475241839885712,111,0.14616121351718903,0.4040536280027442,1,false,false,false,3,false,43,false,false,AMBIGUOUS,
R4/29_right_loop,R4,right_loop,81,0.04619958996772766,8,0.04508505389094353,0.12264293801858028,0,false,false,false,3,109,0.1708133965730667,20,0.14737065136432648,0.9180386293314495,0,false,false,false,3,false,109,false,false,AMBIGUOUS,
R4/29_whorl,R4,whorl,45,0.16753578186035156,96,0.06693775951862335,10.954354538046939,3,true,true,true,0,91,0.1882408857345581,99,0.17217713594436646,0.6060550352414746,0,false,false,false,2,false,45,false,false,AMBIGUOUS,
R4/2_left_loop,R4,left_loop,46,0.05668123438954353,20,0.04683259129524231,1.1184789637558918,1,false,false,false,2,15,0.11244186758995056,144,0.11132729053497314,0.07579587672351412,0,false,false,false,3,false,44,false,false,AMBIGUOUS,
R4/2_plain_arch,R4,plain_arch,47,0.06952663511037827,68,0.037033747881650925,4.313514765914719,0,false,true,true,0,94,0.11102177947759628,147,0.1050334945321083,0.304279430691577,0,false,false,false,3,false,47,false,false,AMBIGUOUS,
R4/2_right_loop,R4,right_loop,48,0.41594669222831726,107,0.046714503318071365,38.271004514828626,4,true,true,true,0,20,0.18636412918567657,98,0.16469110548496246,0.7464409729971744,0,false,false,false,1,false,48,false,false,AMBIGUOUS,
R4/2_tented_arch,R4,tented_arch,49,0.32479986548423767,32,0.0509769581258297,34.93498586511635,4,true,true,true,0,86,0.2068508416414261,109,0.16375678777694702,1.6053078033454817,0,false,false,false,2,false,49,false,false,AMBIGUOUS,
R4/2_whorl,R4,whorl,27,0.04439041018486023,137,0.03874627500772476,0.4834639391068232,0,false,false,false,1,87,0.2546332776546478,20,0.2314985990524292,0.7034029536128548,1,false,false,false,2,false,117,false,false,AMBIGUOUS,
R4/30_right_loop,R4,right_loop,14,0.056501906365156174,141,0.04542572796344757,1.4703247422729313,0,false,false,false,0,69,0.21397514641284943,139,0.14217664301395416,2.6876907417649547,0,false,true,false,1,false,141,false,false,AMBIGUOUS,
R4/30_whorl,R4,whorl,52,0.14089339971542358,64,0.05577877163887024,7.558355786482673,3,true,true,true,0,146,0.19188928604125977,58,0.1728525608778,0.5899533245228369,0,false,false,false,1,false,52,false,false,AMBIGUOUS,
R4/31_right_loop,R4,right_loop,106,0.056386325508356094,32,0.04364517703652382,1.3310692455609539,0,false,false,false,1,10,0.11126551032066345,95,0.10201936960220337,0.4311463973053962,0,false,false,false,3,false,102,false,false,AMBIGUOUS,
R4/31_whorl,R4,whorl,54,0.41411224007606506,86,0.053544431924819946,38.4480985000135,3,true,true,true,0,99,0.13182878494262695,43,0.13101358711719513,0.03727173389513215,0,false,false,false,3,false,54,false,false,AMBIGUOUS,
R4/32_right_loop,R4,right_loop,55,0.22370266914367676,60,0.0705094113945961,14.562573501937974,3,true,true,true,0,51,0.15083928406238556,143,0.12445178627967834,1.074520596700035,0,false,false,false,1,false,55,false,false,AMBIGUOUS,
R4/32_whorl,R4,whorl,73,0.0582113154232502,58,0.054342955350875854,0.5446697507502586,0,false,false,false,3,45,0.16390568017959595,95,0.16331762075424194,0.020548708391919548,1,false,false,false,2,false,105,false,false,AMBIGUOUS,
R4/33_right_loop,R4,right_loop,57,1.6115550994873047,24,0.05581231787800789,174.45386382934728,9,true,true,true,0,137,0.15631389617919922,20,0.15623624622821808,0.0031702710680371017,0,false,false,false,3,false,57,false,false,AMBIGUOUS,
R4/33_whorl,R4,whorl,58,0.06768260151147842,72,0.05934547260403633,0.8314756634653506,0,false,false,false,1,119,0.19785253703594208,146,0.14770732820034027,2.384262149295418,1,false,false,true,0,false,58,false,false,AMBIGUOUS,
R4/34_right_loop,R4,right_loop,89,0.059763818979263306,43,0.039880409836769104,1.9299057416519283,0,false,false,false,1,13,0.19808918237686157,59,0.18158137798309326,0.5247815574032357,0,false,false,false,2,false,59,false,false,AMBIGUOUS,
R4/34_whorl,R4,whorl,60,0.6175692081451416,10,0.04058343544602394,52.61852014992736,5,true,true,true,0,107,0.14748908579349518,146,0.13911385834217072,0.35520216621054623,0,false,false,false,2,false,60,false,false,AMBIGUOUS,
R4/35_right_loop,R4,right_loop,61,0.09270500391721725,15,0.05002313479781151,4.862840371582738,1,false,true,true,0,94,0.17137779295444489,8,0.14344076812267303,1.3395414989568428,0,false,false,false,1,false,61,false,false,AMBIGUOUS,
R4/35_whorl,R4,whorl,22,0.058443862944841385,107,0.046120643615722656,1.3329515944717374,0,false,false,false,1,119,0.18671371042728424,25,0.12523385882377625,2.5383937560484147,0,false,true,false,1,false,107,false,false,AMBIGUOUS,
R4/36_right_loop,R4,right_loop,63,1.0758123397827148,49,0.06922347843647003,86.06779707871345,6,true,true,true,0,40,0.14601142704486847,129,0.1371466964483261,0.35589598038068154,0,false,false,false,3,false,63,false,false,AMBIGUOUS,
R4/36_whorl,R4,whorl,64,0.18115712702274323,123,0.05751566216349602,13.47065943644685,0,false,true,true,0,93,0.16376854479312897,109,0.154362753033638,0.37688364905969507,0,false,false,false,2,false,64,false,false,AMBIGUOUS,
R4/37_right_loop,R4,right_loop,144,0.05729058384895325,126,0.049465686082839966,0.7054510524485245,0,false,false,false,2,40,0.1262955516576767,127,0.11910311132669449,0.3786013226375729,1,false,false,false,2,false,13,false,false,AMBIGUOUS,
R4/37_whorl,R4,whorl,66,0.2717745006084442,17,0.04894287511706352,22.11461143351954,3,true,true,true,0,91,0.2367181032896042,125,0.1836303323507309,1.9376429688839865,0,false,false,false,1,false,66,false,false,AMBIGUOUS,
R4/38_right_loop,R4,right_loop,35,0.05324377119541168,75,0.05205048248171806,0.12081763453605295,0,false,false,false,3,8,0.10882303863763809,100,0.1072022095322609,0.07935576471541991,0,false,false,false,3,false,67,false,false,AMBIGUOUS,
R4/38_whorl,R4,whorl,68,1.501481056213379,86,0.05491158366203308,154.31847872054257,10,true,true,true,0,14,0.17497269809246063,113,0.1422777622938156,1.5148661723780663,0,false,false,false,1,false,68,false,false,AMBIGUOUS,
R4/39_right_loop,R4,right_loop,2,0.04974350705742836,69,0.04530550539493561,0.40255874189664126,0,false,false,false,2,126,0.16069604456424713,133,0.15954917669296265,0.04097088577220572,0,false,false,false,3,false,126,false,false,AMBIGUOUS,
R4/39_whorl,R4,whorl,70,0.6925156116485596,143,0.05643308162689209,72.21546366782327,6,true,true,true,0,20,0.23943845927715302,87,0.20829494297504425,0.8885193689434728,0,false,false,false,1,false,70,false,false,AMBIGUOUS,
R4/3_left_loop,R4,left_loop,71,0.1057182177901268,97,0.04582269862294197,7.16542685470911,2,true,true,true,0,124,0.13320501148700714,13,0.12724071741104126,0.21206902516487652,0,false,false,false,2,false,71,false,false,AMBIGUOUS,
R4/3_plain_arch,R4,plain_arch,72,1.5882669687271118,68,0.0650511160492897,168.8377002504506,7,true,true,true,0,25,0.0999024510383606,120,0.09981023520231247,0.00633075873886562,0,false,false,false,3,false,72,false,false,AMBIGUOUS,
R4/3_right_loop,R4,right_loop,73,2.541091203689575,48,0.06385774910449982,262.1106389374817,10,true,true,true,0,126,0.11639047414064407,4,0.10986796021461487,0.2988687875741635,0,false,false,false,2,false,73,false,false,AMBIGUOUS,
R4/3_tented_arch,R4,tented_arch,74,1.3921810388565063,116,0.05083957314491272,147.74832697347222,9,true,true,true,0,146,0.10718772560358047,23,0.10442917793989182,0.12512020236135063,0,false,false,false,2,false,74,false,false,AMBIGUOUS,
R4/3_whorl,R4,whorl,75,0.3785795271396637,95,0.04100069776177406,44.63417392929207,3,true,true,true,0,144,0.19876360893249512,41,0.13732171058654785,2.4425926947601737,0,false,false,false,1,false,75,false,false,AMBIGUOUS,
R4/40_right_loop,R4,right_loop,124,0.06650342047214508,115,0.04393624886870384,2.3081573029077678,0,false,false,false,1,72,0.10513695329427719,62,0.10439377278089523,0.03954120557984584,0,false,false,false,3,false,124,false,false,AMBIGUOUS,
R4/40_whorl,R4,whorl,77,0.4592318832874298,35,0.04906684160232544,53.94951481651793,3,true,true,true,0,64,0.16894321143627167,31,0.13884705305099487,1.139878414892091,1,false,false,false,1,false,77,false,false,AMBIGUOUS,
R4/41_right_loop,R4,right_loop,113,0.062305282801389694,115,0.048960357904434204,1.375751294751994,0,false,false,false,2,23,0.15107427537441254,127,0.12283137440681458,1.466188050975227,1,false,false,false,2,false,127,false,false,AMBIGUOUS,
R4/41_whorl,R4,whorl,79,0.4647804796695709,4,0.05702563002705574,45.43286993157058,4,true,true,true,0,115,0.19534063339233398,119,0.18973655998706818,0.16995804611099496,0,false,false,false,3,false,79,false,false,AMBIGUOUS,
R4/42_right_loop,R4,right_loop,80,0.5910636186599731,41,0.06361056119203568,62.99311997838437,8,true,true,true,0,20,0.12634481489658356,36,0.1255996972322464,0.030001469673776367,0,false,false,false,3,false,80,false,false,AMBIGUOUS,
R4/42_whorl,R4,whorl,83,0.04522139951586723,45,0.04332229495048523,0.2259211845661791,0,false,false,false,2,10,0.12895138561725616,71,0.10061173886060715,1.782723192593112,0,false,false,false,1,false,53,false,false,AMBIGUOUS,
R4/43_right_loop,R4,right_loop,125,0.0424470417201519,101,0.04146883636713028,0.08860539642271954,0,false,false,false,3,8,0.20152707397937775,106,0.13981814682483673,2.622884432814112,2,false,true,false,1,false,78,false,false,AMBIGUOUS,
R4/43_whorl,R4,whorl,83,3.337627410888672,42,0.05508183315396309,361.35654771447,9,true,true,true,0,43,0.1516326665878296,20,0.1352388858795166,0.7877481556023944,0,false,false,false,2,false,83,false,false,AMBIGUOUS,
R4/44_right_loop,R4,right_loop,84,0.2347525805234909,146,0.1524617224931717,9.477381036201786,2,true,true,false,1,95,0.126946821808815,27,0.11112969368696213,0.7261722435441252,0,false,false,false,2,false,84,false,false,AMBIGUOUS,
R4/44_whorl,R4,whorl,85,0.451356440782547,89,0.06746182590723038,36.99268527205562,2,true,true,true,0,117,0.19675295054912567,105,0.15391556918621063,1.8844869508339919,0,false,false,false,1,false,85,false,false,AMBIGUOUS,
R4/45_right_loop,R4,right_loop,21,0.06640270352363586,83,0.046822741627693176,2.8858880280355734,0,false,true,false,1,13,0.1359224021434784,36,0.13027535378932953,0.24837338118572086,0,false,false,false,2,false,147,false,false,AMBIGUOUS,
R4/45_whorl,R4,whorl,87,0.3458135426044464,56,0.0632379874587059,27.095311074991013,4,true,true,true,0,123,0.21720503270626068,87,0.19219982624053955,0.7583774629186778,0,false,false,false,1,false,87,false,false,AMBIGUOUS,
R4/46_right_loop,R4,right_loop,88,0.05573198199272156,143,0.05421366170048714,0.18361846720969166,0,false,false,false,2,13,0.18795543909072876,46,0.1270720213651657,2.14424454735401,0,false,false,true,0,false,88,false,false,AMBIGUOUS,
R4/46_whorl,R4,whorl,89,1.3809622526168823,87,0.06019211933016777,168.07138218603245,5,true,true,true,0,58,0.14111237227916718,31,0.12330228835344315,0.8339169136784707,0,false,false,false,3,false,89,false,false,AMBIGUOUS,
R4/47_right_loop,R4,right_loop,91,0.05857717618346214,117,0.04266123101115227,1.5464284988391341,0,false,false,false,1,142,0.11925274133682251,135,0.1182008609175682,0.056572441868928874,0,false,false,false,3,false,133,false,false,AMBIGUOUS,
R4/47_whorl,R4,whorl,79,0.04318401589989662,70,0.041632261127233505,0.14265866244223444,0,false,false,false,3,58,0.2260085791349411,8,0.18749184906482697,1.2213542791531917,0,false,false,false,1,false,82,false,false,AMBIGUOUS,
R4/48_right_loop,R4,right_loop,92,0.10034207254648209,134,0.04879652336239815,5.845773355548234,0,false,true,true,0,142,0.10116634517908096,42,0.0983688235282898,0.14904098321612733,0,false,false,false,2,false,92,false,false,AMBIGUOUS,
R4/48_whorl,R4,whorl,93,0.9610590934753418,109,0.05455653741955757,105.50692822534951,7,true,true,true,0,6,0.19685296714305878,12,0.18496699631214142,0.4033645452016796,0,false,false,false,3,false,93,false,false,AMBIGUOUS,
R4/49_right_loop,R4,right_loop,94,0.42586660385131836,5,0.07055415958166122,35.5627589982086,4,true,true,true,0,48,0.14572541415691376,23,0.128301739692688,0.8429424821136678,0,false,false,false,1,false,94,false,false,AMBIGUOUS,
R4/49_whorl,R4,whorl,95,0.23137474060058594,73,0.03793415427207947,21.992577603107158,3,true,true,true,0,111,0.2150847464799881,77,0.16782020032405853,1.9592651099498992,3,true,false,true,0,false,95,false,false,AMBIGUOUS,
R4/4_left_loop,R4,left_loop,96,0.2774466872215271,111,0.04525450989603996,23.1525262352347,2,true,true,true,0,67,0.10765135288238525,137,0.09073737263679504,1.1204739658220144,1,false,false,false,2,false,96,false,false,AMBIGUOUS,
R4/4_plain_arch,R4,plain_arch,130,0.06738158315420151,97,0.06659302860498428,0.10346016814525211,0,false,false,false,2,146,0.14465846121311188,80,0.10826603323221207,2.0971330557659607,0,false,false,false,2,false,97,false,false,AMBIGUOUS,
R4/4_right_loop,R4,right_loop,47,0.04321865364909172,23,0.043133173137903214,0.01000979270952888,0,false,false,false,2,143,0.14455413818359375,91,0.1430862694978714,0.0543150125943001,0,false,false,false,3,false,120,false,false,AMBIGUOUS,
R4/4_whorl,R4,whorl,1,0.04319411516189575,25,0.04079413414001465,0.2382850120751999,0,false,false,false,3,101,0.22192756831645966,144,0.17057161033153534,1.9771252660390426,0,false,false,false,1,false,35,false,false,AMBIGUOUS,
R4/50_right_loop,R4,right_loop,100,0.15891319513320923,57,0.04681040719151497,10.973218389199413,1,false,true,true,0,20,0.13133303821086884,8,0.1304970234632492,0.03268628002567965,0,false,false,false,2,false,100,false,false,AMBIGUOUS,
R4/50_whorl,R4,whorl,101,1.2276118993759155,136,0.08387737721204758,108.71793441829361,6,true,true,true,0,91,0.13787592947483063,107,0.1323051005601883,0.21791559167384877,0,false,false,false,3,false,101,false,false,AMBIGUOUS,
R4/51_right_loop,R4,right_loop,130,0.07640720903873444,143,0.059465616941452026,1.6316214866574608,0,false,false,false,1,75,0.10761100053787231,98,0.10327395796775818,0.17936898535890938,0,false,false,false,2,false,98,false,false,AMBIGUOUS,
R4/51_whorl,R4,whorl,103,0.6407766342163086,120,0.047363314777612686,74.96325870954297,4,true,true,true,0,52,0.2068142145872116,62,0.15849731862545013,2.0165792762770565,1,false,false,false,1,false,103,false,false,AMBIGUOUS,
R4/52_right_loop,R4,right_loop,104,1.6645790338516235,97,0.1359083354473114,152.16603274818132,8,true,true,true,0,75,0.23738043010234833,59,0.1955409198999405,1.4290567088430635,1,false,false,false,1,false,104,false,false,AMBIGUOUS,
R4/52_whorl,R4,whorl,104,0.052082911133766174,77,0.040132638067007065,1.2004936915131441,0,false,false,false,1,45,0.17959268391132355,119,0.15918265283107758,0.7357280906438629,0,false,false,false,2,false,114,false,false,AMBIGUOUS,
R4/53_right_loop,R4,right_loop,106,0.3377727270126343,84,0.05614368990063667,30.355537957625963,0,false,true,true,0,127,0.15467460453510284,20,0.13581548631191254,0.7603140254579221,0,false,false,false,1,false,106,false,false,AMBIGUOUS,
R4/53_whorl,R4,whorl,14,0.06469368934631348,107,0.04310404136776924,2.0615607647368765,0,false,false,false,1,70,0.16284684836864471,119,0.1543123424053192,0.33871365479884297,0,false,false,false,1,false,14,false,false,AMBIGUOUS,
R4/54_right_loop,R4,right_loop,68,0.048651840537786484,1,0.03730763867497444,1.102467767401258,0,false,false,false,1,137,0.0911819338798523,142,0.09109818935394287,0.004175720968073742,0,false,false,false,3,false,56,false,false,AMBIGUOUS,
R4/54_whorl,R4,whorl,120,0.05549362301826477,26,0.05289078131318092,0.30112083026650016,1,false,false,false,2,148,0.1365354210138321,68,0.11382553726434708,1.0965268552861223,0,false,false,false,1,false,148,false,false,AMBIGUOUS,
R4/55_right_loop,R4,right_loop,110,0.17364931106567383,116,0.06562735885381699,13.853010160815494,3,true,true,true,0,126,0.1390589326620102,130,0.13890907168388367,0.0055032278002412295,0,false,false,false,3,false,110,false,false,AMBIGUOUS,
R4/55_whorl,R4,whorl,68,0.07665101438760757,123,0.04170292615890503,3.6123348907967268,0,false,true,false,1,86,0.14258895814418793,70,0.1311543732881546,0.5198321806345751,0,false,false,false,1,false,86,false,false,AMBIGUOUS,
R4/56_right_loop,R4,right_loop,112,0.5974151492118835,8,0.053817395120859146,51.48304175623396,5,true,true,true,0,8,0.19417321681976318,20,0.16980041563510895,0.8436905547801726,1,false,false,false,2,false,112,false,false,AMBIGUOUS,
R4/56_whorl,R4,whorl,113,0.2068684846162796,1,0.04521157220005989,15.940490480582985,3,true,true,true,0,68,0.12103214114904404,64,0.11946874111890793,0.08867676692552832,0,false,false,false,2,false,113,false,false,AMBIGUOUS,
R4/57_right_loop,R4,right_loop,7,0.07628493010997772,139,0.07392141968011856,0.23675864857507584,0,false,false,false,3,133,0.11028248816728592,50,0.10998302698135376,0.01456973180936372,1,false,false,false,2,false,7,false,false,AMBIGUOUS,
R4/57_whorl,R4,whorl,146,0.05274297669529915,18,0.04465450718998909,0.8574063766468327,0,false,false,false,2,10,0.19289648532867432,107,0.1883084923028946,0.14977727480763012,0,false,false,false,3,false,18,false,false,AMBIGUOUS,
R4/58_right_loop,R4,right_loop,116,0.9085462093353271,122,0.052210163325071335,84.40539186570757,9,true,true,true,0,71,0.1625853180885315,48,0.1348167210817337,1.0307211826919433,0,false,false,false,1,false,116,false,false,AMBIGUOUS,
R4/58_whorl,R4,whorl,98,0.0501583106815815,23,0.0492674894630909,0.09230596406538594,0,false,false,false,3,119,0.1613883227109909,91,0.1583814024925232,0.09705876752396836,0,false,false,false,2,false,91,false,false,AMBIGUOUS,
R4/59_right_loop,R4,right_loop,118,0.0640450119972229,109,0.039248377084732056,3.0288624684883403,0,false,true,false,1,142,0.11946459859609604,26,0.0836852416396141,2.020564591453956,0,false,false,true,0,false,118,false,false,AMBIGUOUS,
R4/59_whorl,R4,whorl,75,0.07031664252281189,123,0.06176375225186348,0.9561817630089983,0,false,false,false,1,123,0.17879430949687958,101,0.17205633223056793,0.2115672748250231,0,false,false,false,2,false,146,false,false,AMBIGUOUS,
R4/5_left_loop,R4,left_loop,1,0.05118335410952568,15,0.051016200333833694,0.017029802324032985,0,false,false,false,2,119,0.15124629437923431,117,0.12523768842220306,1.2076239507933595,0,false,false,false,2,false,1,false,false,AMBIGUOUS,
R4/5_plain_arch,R4,plain_arch,121,0.08030911535024643,38,0.04372516646981239,4.221161855223503,0,false,true,true,0,27,0.10896340012550354,120,0.0988125130534172,0.751544495403317,0,false,false,false,2,false,121,false,false,AMBIGUOUS,
R4/5_right_loop,R4,right_loop,122,0.07116828113794327,16,0.04927154257893562,2.2307590199489877,0,false,false,true,0,61,0.13930605351924896,129,0.10155872255563736,1.9566427345092747,0,false,false,true,0,false,122,false,false,AMBIGUOUS,
R4/5_whorl,R4,whorl,123,0.5063900351524353,144,0.11390360444784164,45.411219681575915,7,true,true,true,0,77,0.1950443983078003,123,0.1679738312959671,0.9273145538878101,1,false,false,false,1,false,123,false,false,AMBIGUOUS,
R4/60_right_loop,R4,right_loop,5,0.04599396884441376,18,0.04412366449832916,0.1626060075152676,0,false,false,false,3,31,0.1005639135837555,8,0.09783005714416504,0.12883540187982784,0,false,false,false,3,false,90,false,false,AMBIGUOUS,
R4/60_whorl,R4,whorl,125,0.1503068059682846,101,0.04544545337557793,11.079219062104848,5,true,true,true,0,50,0.15987540781497955,20,0.1530579775571823,0.20995776665219965,0,false,false,false,2,false,125,false,false,AMBIGUOUS,
R4/61_right_loop,R4,right_loop,70,0.048990409821271896,25,0.04686975106596947,0.24799439613363336,0,false,false,false,2,112,0.17416000366210938,28,0.14596009254455566,1.0743979361670548,0,false,false,false,1,false,140,false,false,AMBIGUOUS,
R4/62_right_loop,R4,right_loop,20,0.0408392958343029,87,0.036772988736629486,0.44314304997847725,0,false,false,false,2,8,0.23943324387073517,71,0.17214305698871613,2.1291025359901568,2,false,false,true,0,false,20,false,false,AMBIGUOUS,
R4/63_right_loop,R4,right_loop,128,0.39187419414520264,4,0.06551435589790344,31.357100317827086,0,false,true,true,0,20,0.17454184591770172,13,0.11364394426345825,3.1763712399184274,1,false,true,false,1,false,128,false,false,AMBIGUOUS,
R4/64_right_loop,R4,right_loop,14,0.06934476643800735,60,0.06722065806388855,0.2344991598819788,0,false,false,false,3,8,0.17154836654663086,139,0.1637267917394638,0.26844099886208184,0,false,false,false,3,false,81,false,false,AMBIGUOUS,
R4/65_right_loop,R4,right_loop,130,0.20034444332122803,124,0.049065250903367996,16.209504289358307,5,true,true,true,0,63,0.13471190631389618,110,0.10703770071268082,1.265883212880168,0,false,false,false,1,false,130,false,false,AMBIGUOUS,
R4/66_right_loop,R4,right_loop,131,0.32300588488578796,14,0.07548750936985016,25.74118208168836,4,true,true,true,0,20,0.16096246242523193,143,0.15043595433235168,0.38615609649217847,0,false,false,false,3,false,131,false,false,AMBIGUOUS,
R4/67_right_loop,R4,right_loop,15,0.0447976253926754,125,0.0440257303416729,0.08549220383388415,0,false,false,false,3,13,0.1488467901945114,114,0.14623717963695526,0.10642866124963225,0,false,false,false,3,false,51,false,false,AMBIGUOUS,
R4/68_right_loop,R4,right_loop,133,0.05929524824023247,72,0.04599623754620552,1.4120895852943394,0,false,false,false,1,110,0.16851027309894562,13,0.15079349279403687,0.7391930712807225,0,false,false,false,2,false,108,false,false,AMBIGUOUS,
R4/69_right_loop,R4,right_loop,134,0.6599909663200378,107,0.04442565515637398,63.88532714472353,8,true,true,true,0,129,0.13820774853229523,37,0.11315842717885971,1.6261498703464043,0,false,false,false,1,false,134,false,false,AMBIGUOUS,
R4/6_plain_arch,R4,plain_arch,135,0.4522949159145355,33,0.056250590831041336,43.32860777769196,6,true,true,true,0,104,0.1275925189256668,20,0.09423544257879257,1.7435232120747708,0,false,false,true,0,false,135,false,false,AMBIGUOUS,
R4/6_right_loop,R4,right_loop,18,0.0682714506983757,136,0.061185915023088455,0.6268551053183617,0,false,false,false,3,94,0.17601309716701508,104,0.14154040813446045,1.6597725193193764,0,false,false,false,2,false,46,false,false,AMBIGUOUS,
R4/6_whorl,R4,whorl,137,0.09812431782484055,51,0.040132805705070496,4.742832782765837,0,false,true,true,0,77,0.13221190869808197,95,0.12764902412891388,0.17906325880607904,0,false,false,false,3,false,137,false,false,AMBIGUOUS,
R4/70_right_loop,R4,right_loop,138,0.5475118160247803,81,0.05653565749526024,46.789832121466205,6,true,true,true,0,25,0.10631078481674194,62,0.09745240211486816,0.5241134019741847,0,false,false,false,2,false,138,false,false,AMBIGUOUS,
R4/71_right_loop,R4,right_loop,139,0.20963235199451447,38,0.06433171778917313,16.116368262342167,2,true,true,true,0,148,0.1834016591310501,109,0.17308397591114044,0.4014903400187843,0,false,false,false,2,false,139,false,false,AMBIGUOUS,
R4/72_right_loop,R4,right_loop,136,0.06862647086381912,45,0.05986197665333748,0.9677466836851915,0,false,false,false,2,98,0.13616834580898285,20,0.10982658714056015,1.0747439518599637,0,false,false,false,2,false,136,false,false,AMBIGUOUS,
R4/73_right_loop,R4,right_loop,108,0.05489126220345497,94,0.050718944519758224,0.3340560706445374,0,false,false,false,2,20,0.13139735162258148,36,0.1077185869216919,1.0349088030617315,0,false,false,false,1,false,111,false,false,AMBIGUOUS,
R4/74_right_loop,R4,right_loop,142,0.13241209089756012,147,0.05089832469820976,10.346129746837896,1,false,true,false,1,10,0.16925452649593353,58,0.14168472588062286,0.9801676135355278,0,false,false,true,0,false,142,false,false,AMBIGUOUS,
R4/7_right_loop,R4,right_loop,143,0.1917002946138382,105,0.05964231118559837,15.959190541627589,1,false,true,true,0,117,0.1362154483795166,64,0.11153652518987656,1.0115818373211893,0,false,false,false,2,false,143,false,false,AMBIGUOUS,
R4/7_whorl,R4,whorl,144,0.13491161167621613,143,0.042960356920957565,8.24487743466354,3,true,true,true,0,111,0.20368392765522003,52,0.18855459988117218,0.4039173327761734,1,false,false,false,3,false,144,false,false,AMBIGUOUS,
R4/8_right_loop,R4,right_loop,145,0.3365927040576935,36,0.044983308762311935,28.552117678152673,0,false,true,true,0,142,0.12405499815940857,83,0.12336628884077072,0.033724469566827765,0,false,false,false,2,false,145,false,false,AMBIGUOUS,
R4/8_whorl,R4,whorl,146,0.06548245996236801,64,0.05824263393878937,0.8076277089325923,0,false,false,false,1,115,0.18561238050460815,12,0.14908839762210846,1.7457322005906684,0,false,false,false,1,false,115,false,false,AMBIGUOUS,
R4/9_right_loop,R4,right_loop,83,0.06989212334156036,147,0.04936792328953743,2.217122936813867,0,false,false,false,1,8,0.1299097090959549,20,0.12696154415607452,0.11021448201065784,0,false,false,false,3,false,129,false,false,AMBIGUOUS,
R4/9_whorl,R4,whorl,146,0.06062307953834534,73,0.0524335615336895,0.6011466450323321,0,false,false,false,3,56,0.12662070989608765,25,0.12423381209373474,0.08690428763859052,0,false,false,false,2,false,76,false,false,AMBIGUOUS,
R5/10_right_loop,R5,right_loop,1,0.943943202495575,148,0.06479866057634354,98.38919558718293,10,true,true,true,0,137,0.12094668298959732,126,0.11903173476457596,0.08231370161450723,0,false,false,false,3,false,1,false,false,AMBIGUOUS,
R5/10_whorl,R5,whorl,2,0.16257880628108978,89,0.0693550780415535,9.615335947269825,1,false,true,true,0,60,0.12352445721626282,52,0.11917676776647568,0.1795447244610362,0,false,false,false,3,false,2,false,false,AMBIGUOUS,
R5/11_right_loop,R5,right_loop,147,0.09362264722585678,41,0.04286693409085274,6.088194562995283,0,false,true,true,0,18,0.1704343557357788,70,0.16841347515583038,0.07634612182698709,0,false,false,false,2,false,112,false,false,AMBIGUOUS,
R5/11_whorl,R5,whorl,4,0.42582830786705017,48,0.051140282303094864,31.479336860361993,2,true,true,true,0,18,0.20646630227565765,39,0.16638168692588806,1.5231159879639276,0,false,false,false,3,false,4,false,false,AMBIGUOUS,
R5/12_right_loop,R5,right_loop,5,0.35944661498069763,31,0.055465687066316605,24.82019565151776,3,true,true,true,0,47,0.13442298769950867,49,0.10932737588882446,1.4892214835453075,0,false,false,false,1,false,5,false,false,AMBIGUOUS,
R5/12_whorl,R5,whorl,6,0.07728282362222672,4,0.0499853640794754,2.605227523650256,0,false,true,false,2,62,0.16541363298892975,103,0.14441616833209991,0.7892919931422222,0,false,false,false,3,false,62,false,false,AMBIGUOUS,
R5/13_right_loop,R5,right_loop,7,0.9910904765129089,40,0.07927342504262924,108.938701701353,8,true,true,true,0,70,0.2955034077167511,88,0.1731407642364502,4.762469083037741,1,false,true,false,1,false,7,false,false,AMBIGUOUS,
R5/13_whorl,R5,whorl,8,0.11415761709213257,46,0.05828748643398285,5.888513208681843,0,false,true,true,0,20,0.28791481256484985,58,0.17861084640026093,3.7918242279554835,1,false,true,true,0,false,8,false,false,AMBIGUOUS,
R5/14_right_loop,R5,right_loop,50,0.08079198747873306,76,0.04115622863173485,4.034256602667629,0,false,true,false,1,107,0.10976913571357727,88,0.10480096936225891,0.22956129826937957,1,false,false,false,2,false,92,false,false,AMBIGUOUS,
R5/14_whorl,R5,whorl,18,0.06024657189846039,143,0.05968109890818596,0.05168483909761682,0,false,false,false,3,58,0.17312873899936676,146,0.1558721661567688,0.7491418912634537,0,false,false,false,3,false,79,false,false,AMBIGUOUS,
R5/15_right_loop,R5,right_loop,54,0.04911712184548378,35,0.044130176305770874,0.63204272461482,0,false,false,false,3,63,0.1526271104812622,3,0.12066998332738876,1.3117298140552849,0,false,false,false,1,false,63,false,false,AMBIGUOUS,
R5/15_whorl,R5,whorl,28,0.0712682381272316,90,0.055564459413290024,1.6258222989553703,0,false,false,false,1,60,0.2128978818655014,31,0.21217550337314606,0.02422730408543093,0,false,false,false,3,false,35,false,false,AMBIGUOUS,
R5/16_right_loop,R5,right_loop,13,0.08902842551469803,61,0.07477838546037674,1.3546332965511896,2,true,false,false,2,68,0.17159374058246613,47,0.12318599224090576,2.487265777109911,0,false,false,false,2,false,13,false,false,AMBIGUOUS,
R5/16_whorl,R5,whorl,14,0.11177460104227066,120,0.071087546646595,3.5851859857667745,2,true,true,false,1,125,0.1949051171541214,16,0.18938513100147247,0.16588395777221673,1,false,false,false,3,false,14,false,false,AMBIGUOUS,
R5/17_right_loop,R5,right_loop,15,0.4564068019390106,50,0.04781516268849373,38.97387346738968,6,true,true,true,0,4,0.13404099643230438,107,0.12496113777160645,0.42791775222373635,0,false,false,false,2,false,15,false,false,AMBIGUOUS,
R5/17_whorl,R5,whorl,16,1.4217828512191772,36,0.052750471979379654,153.6711617423053,10,true,true,true,0,107,0.215055450797081,4,0.174804225564003,1.5495955000544854,0,false,false,false,1,false,16,false,false,AMBIGUOUS,
R5/18_right_loop,R5,right_loop,17,0.6359909176826477,120,0.07015534490346909,59.41399674471337,9,true,true,true,0,126,0.20280642807483673,125,0.17946021258831024,0.8059195343024513,0,false,false,true,0,false,17,false,false,AMBIGUOUS,
R5/18_whorl,R5,whorl,98,0.08468727022409439,18,0.05510801076889038,3.433028965385231,0,false,true,false,1,60,0.20378245413303375,137,0.1567472219467163,2.056518561065385,0,false,false,false,1,false,72,false,false,AMBIGUOUS,
R5/19_right_loop,R5,right_loop,19,0.133318230509758,31,0.04902428388595581,8.622184070573029,3,true,true,true,0,118,0.1354258507490158,107,0.1211438849568367,0.6946062498127534,1,false,false,false,1,false,19,false,false,AMBIGUOUS,
R5/19_whorl,R5,whorl,20,0.5417989492416382,77,0.07478626072406769,46.49756848269404,8,true,true,true,0,52,0.21293707191944122,64,0.19337983429431915,0.7097853654639721,0,false,false,false,1,false,20,false,false,AMBIGUOUS,
R5/1_left_loop,R5,left_loop,36,0.05699552968144417,42,0.05001559853553772,0.7646107697441934,0,false,false,false,2,57,0.16788099706172943,79,0.09824202209711075,3.5544853687281632,0,false,true,false,1,false,57,false,false,AMBIGUOUS,
R5/1_plain_arch,R5,plain_arch,22,0.24920536577701569,89,0.07472705841064453,29.53060797230993,0,false,true,true,0,120,0.08176268637180328,102,0.07890763878822327,0.15081066930437573,0,false,false,false,1,false,22,false,false,AMBIGUOUS,
R5/1_right_loop,R5,right_loop,23,0.874356746673584,129,0.0669805184006691,85.38603440781199,9,true,true,true,0,146,0.11099406331777573,70,0.10972830653190613,0.06764369585965986,0,false,false,false,3,false,23,false,false,AMBIGUOUS,
R5/1_tented_arch,R5,tented_arch,24,0.06552321463823318,61,0.05350266769528389,1.0521627123145127,0,false,false,false,3,109,0.15256094932556152,56,0.11738687753677368,1.933275615220846,0,false,false,true,0,false,109,false,false,AMBIGUOUS,
R5/1_whorl,R5,whorl,25,0.12256526947021484,23,0.0459873229265213,8.368235949771314,1,false,true,true,0,111,0.15768010914325714,89,0.13732878863811493,1.0484172993506182,0,false,false,false,2,false,25,false,false,AMBIGUOUS,
R5/20_right_loop,R5,right_loop,107,0.09864947944879532,26,0.05849717557430267,4.20558221963011,0,false,true,false,1,97,0.10490640252828598,46,0.09685011953115463,0.4105195803748559,0,false,false,false,1,false,107,false,false,AMBIGUOUS,
R5/20_whorl,R5,whorl,27,0.13303448259830475,101,0.04461522772908211,8.578981542422904,0,false,true,true,0,29,0.2550777196884155,18,0.23896832764148712,0.40068395796840106,1,false,false,false,3,false,27,false,false,AMBIGUOUS,
R5/21_right_loop,R5,right_loop,28,0.5226898789405823,93,0.04872433841228485,50.7839387017612,7,true,true,true,0,102,0.13086189329624176,115,0.11606508493423462,0.8009945358730062,0,false,false,false,2,false,28,false,false,AMBIGUOUS,
R5/21_whorl,R5,whorl,29,0.061862558126449585,148,0.04165435582399368,2.431847434249059,0,false,false,true,0,54,0.14087767899036407,107,0.1349731683731079,0.3173586546206774,0,false,false,false,2,false,56,false,false,AMBIGUOUS,
R5/22_right_loop,R5,right_loop,30,0.32551342248916626,88,0.06777440011501312,21.28119189615745,3,true,true,true,0,143,0.09931568056344986,53,0.08587522059679031,0.8677642381088815,0,false,false,false,1,false,30,false,false,AMBIGUOUS,
R5/22_whorl,R5,whorl,31,0.961591899394989,120,0.0483061857521534,110.11761356263773,10,true,true,true,0,4,0.1808207780122757,79,0.11941363662481308,2.8696548376641533,0,false,true,true,0,false,31,false,false,AMBIGUOUS,
R5/23_right_loop,R5,right_loop,32,0.07742572575807571,59,0.06816988438367844,0.8739693189377792,0,false,false,false,1,92,0.11384405940771103,118,0.08524012565612793,1.7961298530348826,0,false,false,false,2,false,32,false,false,AMBIGUOUS,
R5/23_whorl,R5,whorl,33,0.26897531747817993,138,0.04505268856883049,27.86792793538599,6,true,true,true,0,93,0.13428805768489838,54,0.1289694607257843,0.22576859680623407,0,false,false,false,2,false,33,false,false,AMBIGUOUS,
R5/24_right_loop,R5,right_loop,33,0.06021733209490776,26,0.051514964550733566,1.0030802861560684,0,false,false,false,1,103,0.14175663888454437,125,0.13563118875026703,0.2576921594324307,1,false,false,false,2,false,103,false,false,AMBIGUOUS,
R5/24_whorl,R5,whorl,19,0.058701980859041214,73,0.056163255125284195,0.2565053988111518,0,false,false,false,3,60,0.24160556495189667,111,0.18477487564086914,2.135695621745778,1,false,false,false,1,false,73,false,false,AMBIGUOUS,
R5/25_right_loop,R5,right_loop,36,1.0344548225402832,107,0.06744641810655594,86.20467299951827,7,true,true,true,0,88,0.2327990084886551,21,0.1578119844198227,2.2253407841467046,0,false,false,false,1,false,36,false,false,AMBIGUOUS,
R5/25_whorl,R5,whorl,37,0.14434462785720825,3,0.03907177969813347,10.96215779897298,5,true,true,true,0,58,0.14284168183803558,4,0.13913650810718536,0.171667035422682,0,false,false,false,2,false,37,false,false,AMBIGUOUS,
R5/26_right_loop,R5,right_loop,38,0.05190278962254524,76,0.03726482763886452,1.3559789099598551,0,false,false,false,1,76,0.13524557650089264,3,0.12707577645778656,0.4233583582402768,0,false,false,false,2,false,76,false,false,AMBIGUOUS,
R5/26_whorl,R5,whorl,39,0.4294677674770355,116,0.04814683273434639,37.294304799109085,4,true,true,true,0,20,0.17456011474132538,58,0.13458260893821716,1.5659898826909955,0,false,false,false,1,false,39,false,false,AMBIGUOUS,
R5/27_right_loop,R5,right_loop,120,0.05942791327834129,115,0.05561264976859093,0.4768863330829454,0,false,false,false,3,107,0.1715577095746994,6,0.12765108048915863,2.5758775761218002,0,false,true,false,1,false,66,false,false,AMBIGUOUS,
R5/27_whorl,R5,whorl,41,0.5767194628715515,135,0.11433584243059158,42.51266170280888,8,true,true,true,0,101,0.13610386848449707,10,0.11141154915094376,1.266032111687929,0,false,false,false,1,false,41,false,false,AMBIGUOUS,
R5/28_right_loop,R5,right_loop,12,0.07718495279550552,22,0.05524739623069763,2.533239925012439,0,false,true,false,1,58,0.12101733684539795,60,0.10844528675079346,0.6806233668324435,0,false,false,false,1,false,12,false,false,AMBIGUOUS,
R5/28_whorl,R5,whorl,144,0.057759325951337814,36,0.04721050336956978,1.0081644830895164,0,false,false,false,2,125,0.15918146073818207,18,0.1448945701122284,0.580081162769237,0,false,false,false,2,false,113,false,false,AMBIGUOUS,
R5/29_right_loop,R5,right_loop,44,0.12400859594345093,90,0.04807424917817116,7.751612176217596,0,false,true,true,0,138,0.15226370096206665,2,0.11724599450826645,1.876389960205105,0,false,false,false,1,false,44,false,false,AMBIGUOUS,
R5/29_whorl,R5,whorl,45,0.26180851459503174,119,0.04555841162800789,19.74476437274542,0,false,true,true,0,52,0.14026577770709991,35,0.13176532089710236,0.3571994507758637,1,false,false,false,2,false,45,false,false,AMBIGUOUS,
R5/2_left_loop,R5,left_loop,98,0.06224644184112549,51,0.04352405667304993,2.318160155722161,0,false,false,false,1,107,0.1208898052573204,111,0.12038999050855637,0.02550007557942024,0,false,false,false,2,false,46,false,false,AMBIGUOUS,
R5/2_plain_arch,R5,plain_arch,47,0.13167372345924377,60,0.0456806980073452,11.006662910864026,0,false,true,true,0,119,0.09879124164581299,88,0.08810156583786011,0.7238831573860883,0,false,false,false,1,false,47,false,false,AMBIGUOUS,
R5/2_right_loop,R5,right_loop,146,0.051975104957818985,4,0.039971258491277695,1.5257047826584245,0,false,false,false,2,88,0.13049755990505219,94,0.124915212392807,0.25277914748074853,0,false,false,false,2,false,146,false,false,AMBIGUOUS,
R5/2_tented_arch,R5,tented_arch,49,0.7140442728996277,148,0.03896726295351982,73.95528170390418,2,true,true,true,0,52,0.12534849345684052,116,0.12187490612268448,0.21675216688085058,0,false,false,false,3,false,49,false,false,AMBIGUOUS,
R5/2_whorl,R5,whorl,50,0.167455792427063,1,0.07220744341611862,10.890385990903889,0,false,true,false,1,56,0.23521114885807037,103,0.17890433967113495,1.8674532738239156,0,false,false,false,1,false,50,false,false,AMBIGUOUS,
R5/30_right_loop,R5,right_loop,121,0.03972162678837776,99,0.039683133363723755,0.0047489461595216775,0,false,false,false,3,36,0.09371934086084366,59,0.08455196022987366,0.49081698530331536,0,false,false,false,2,false,26,false,false,AMBIGUOUS,
R5/30_whorl,R5,whorl,52,0.044726546853780746,120,0.04205842688679695,0.2835813695763284,0,false,false,false,2,58,0.1765064001083374,75,0.1562507003545761,0.6821503775758071,0,false,false,false,1,false,3,false,false,AMBIGUOUS,
R5/31_right_loop,R5,right_loop,117,0.07936572283506393,42,0.05364171788096428,2.650750573410504,1,false,true,false,1,76,0.12687502801418304,125,0.11881078034639359,0.4190423385252919,0,false,false,false,2,false,117,false,false,AMBIGUOUS,
R5/31_whorl,R5,whorl,54,0.21258644759655,135,0.06898371130228043,13.304703482141104,7,true,true,true,0,79,0.1860456019639969,29,0.18271715939044952,0.12251691851084848,0,false,false,false,3,false,54,false,false,AMBIGUOUS,
R5/32_right_loop,R5,right_loop,55,0.39064154028892517,127,0.05544528737664223,39.53448656154462,2,true,true,true,0,67,0.10953167825937271,76,0.10621753334999084,0.16957163334094497,0,false,false,false,3,false,55,false,false,AMBIGUOUS,
R5/32_whorl,R5,whorl,115,0.040699589997529984,90,0.039226189255714417,0.1552459483041067,0,false,false,false,3,20,0.13857288658618927,64,0.12488394975662231,0.5575112755599356,0,false,false,false,1,false,128,false,false,AMBIGUOUS,
R5/33_right_loop,R5,right_loop,110,0.07939613610506058,39,0.052784066647291183,2.5979308746412464,0,false,true,false,1,65,0.16516657173633575,107,0.12278250604867935,2.04244485593179,0,false,false,false,1,false,90,false,false,AMBIGUOUS,
R5/33_whorl,R5,whorl,58,0.1838502138853073,33,0.05480065941810608,19.97840625501451,0,false,true,true,0,54,0.22076182067394257,87,0.15460552275180817,2.3169878252242446,1,false,false,true,0,false,58,false,false,AMBIGUOUS,
R5/34_right_loop,R5,right_loop,59,0.16918647289276123,43,0.1312749832868576,4.11640554416437,2,true,true,false,1,25,0.11359354853630066,15,0.10285675525665283,0.5003961456768952,0,false,false,false,1,false,59,false,false,AMBIGUOUS,
R5/34_whorl,R5,whorl,60,0.10487431287765503,86,0.10312666743993759,0.21669831177294352,0,false,false,false,3,56,0.16044320166110992,6,0.15889672935009003,0.05796196018655057,0,false,false,false,3,false,60,false,false,AMBIGUOUS,
R5/35_right_loop,R5,right_loop,99,0.05873148515820503,70,0.04371039196848869,1.6994121451557311,0,false,false,false,1,21,0.12773440778255463,3,0.11958223581314087,0.31624558807996306,0,false,false,false,2,false,61,false,false,AMBIGUOUS,
R5/35_whorl,R5,whorl,148,0.07285597920417786,138,0.07011199742555618,0.3398083055790655,0,false,false,false,2,58,0.14208360016345978,101,0.12905551493167877,0.5995280272126526,0,false,false,false,2,false,138,false,false,AMBIGUOUS,
R5/36_right_loop,R5,right_loop,96,0.05708882585167885,111,0.05539466440677643,0.1948131745612532,0,false,false,false,1,125,0.13191385567188263,118,0.11235898733139038,0.8175260460968526,0,false,false,false,2,false,118,false,false,AMBIGUOUS,
R5/36_whorl,R5,whorl,64,1.0311959981918335,97,0.062450259923934937,106.23484965284369,7,true,true,true,0,29,0.17729103565216064,54,0.17632734775543213,0.03826841690695146,0,false,false,false,3,false,64,false,false,AMBIGUOUS,
R5/37_right_loop,R5,right_loop,65,1.825155258178711,1,0.067740298807621,160.26832846902676,5,true,true,true,0,123,0.10886398702859879,23,0.10793978720903397,0.03735170970554779,0,false,false,false,3,false,65,false,false,AMBIGUOUS,
R5/37_whorl,R5,whorl,25,0.050315648317337036,95,0.04504281282424927,0.5597336974358373,0,false,false,false,1,145,0.09527633339166641,66,0.09368067979812622,0.09056266901578623,0,false,false,false,3,false,34,false,false,AMBIGUOUS,
R5/38_right_loop,R5,right_loop,67,0.23738925158977509,21,0.05719197914004326,19.862050472704055,3,true,true,true,0,1,0.19557446241378784,92,0.13953295350074768,2.1033771100016345,2,false,false,false,1,false,67,false,false,AMBIGUOUS,
R5/38_whorl,R5,whorl,68,0.8722708821296692,124,0.053903669118881226,91.91260809119647,2,true,true,true,0,50,0.19733531773090363,4,0.1362253576517105,2.623292945168031,0,false,true,false,1,false,68,false,false,AMBIGUOUS,
R5/39_right_loop,R5,right_loop,69,0.08171726018190384,102,0.07173401862382889,0.9999707393585776,1,false,false,false,2,29,0.2054460197687149,40,0.19764494895935059,0.19437309894288027,1,false,false,false,2,false,102,false,false,AMBIGUOUS,
R5/39_whorl,R5,whorl,70,0.1351252645254135,77,0.054963644593954086,7.9531067470636,2,true,true,true,0,8,0.18187029659748077,93,0.165419802069664,0.5400056433640542,0,false,false,false,2,false,70,false,false,AMBIGUOUS,
R5/3_left_loop,R5,left_loop,23,0.04918986186385155,93,0.0356028787791729,1.3729543940109037,0,false,false,false,1,25,0.0947062149643898,30,0.09447778016328812,0.012292856431030692,0,false,false,false,3,false,42,false,false,AMBIGUOUS,
R5/3_plain_arch,R5,plain_arch,97,0.06355864554643631,131,0.05866396799683571,0.5647073098040502,0,false,false,false,3,129,0.10121425986289978,57,0.09773433208465576,0.20048920601220876,0,false,false,false,3,false,127,false,false,AMBIGUOUS,
R5/3_right_loop,R5,right_loop,142,0.051452457904815674,11,0.04723610356450081,0.5471077934493144,0,false,false,false,2,3,0.08296090364456177,49,0.07677240669727325,0.3871276739532207,0,false,false,false,1,false,11,false,false,AMBIGUOUS,
R5/3_tented_arch,R5,tented_arch,74,0.23328857123851776,33,0.03682288900017738,19.294667436266494,1,false,true,true,0,66,0.12969981133937836,126,0.10229116678237915,1.1593284811141333,0,false,false,false,1,false,74,false,false,AMBIGUOUS,
R5/3_whorl,R5,whorl,75,0.7888336181640625,142,0.07053681463003159,72.87833763744548,5,true,true,true,0,103,0.19815784692764282,8,0.1408599466085434,2.5213095974448354,0,false,true,false,1,false,75,false,false,AMBIGUOUS,
R5/40_right_loop,R5,right_loop,65,0.04654005542397499,87,0.03732934594154358,1.115634830595598,0,false,false,false,2,107,0.22318828105926514,78,0.15657958388328552,2.699644112230736,1,false,true,false,1,false,40,false,false,AMBIGUOUS,
R5/40_whorl,R5,whorl,2,0.04639444872736931,115,0.040657415986061096,0.5580338282744784,0,false,false,false,1,20,0.17183025181293488,58,0.17108143866062164,0.02656849075657144,0,false,false,false,3,false,6,false,false,AMBIGUOUS,
R5/41_right_loop,R5,right_loop,73,0.06841813027858734,126,0.03940889611840248,3.298283465261894,0,false,true,true,0,3,0.10677460581064224,88,0.10108701139688492,0.2833748945062819,0,false,false,false,2,false,126,false,false,AMBIGUOUS,
R5/41_whorl,R5,whorl,88,0.0615709014236927,129,0.042327526956796646,2.0068948949768983,0,false,false,true,0,58,0.1902448982000351,64,0.1536373496055603,1.4151555634083337,0,false,false,false,1,false,119,false,false,AMBIGUOUS,
R5/42_right_loop,R5,right_loop,80,0.5894010663032532,72,0.06321004033088684,55.01917357061374,3,true,true,true,0,126,0.1234758272767067,136,0.12229009717702866,0.05407052006219286,0,false,false,false,3,false,80,false,false,AMBIGUOUS,
R5/42_whorl,R5,whorl,81,0.18619699776172638,63,0.059862080961465836,14.275965099203972,1,false,true,true,0,146,0.17308127880096436,93,0.1703263521194458,0.1085554569200229,0,false,false,false,3,false,81,false,false,AMBIGUOUS,
R5/43_right_loop,R5,right_loop,82,1.7555999755859375,72,0.04477434232831001,172.45980255544566,5,true,true,true,0,40,0.10628647357225418,92,0.08452209830284119,1.2651150004756773,0,false,false,false,2,false,82,false,false,AMBIGUOUS,
R5/43_whorl,R5,whorl,83,0.10564756393432617,119,0.056823596358299255,5.5154690830246205,0,false,true,true,0,148,0.18618999421596527,123,0.1414009928703308,1.7381676974148998,0,false,false,false,1,false,83,false,false,AMBIGUOUS,
R5/44_right_loop,R5,right_loop,84,0.3406588137149811,41,0.08641346544027328,27.149172718105234,4,true,true,true,0,107,0.10485729575157166,97,0.09389480948448181,0.7227574627777066,0,false,false,false,3,false,84,false,false,AMBIGUOUS,
R5/44_whorl,R5,whorl,85,0.2443566769361496,28,0.047675397247076035,21.450431137571652,6,true,true,true,0,87,0.15558375418186188,64,0.15527628362178802,0.012276958328333198,1,false,false,false,3,false,85,false,false,AMBIGUOUS,
R5/45_right_loop,R5,right_loop,86,0.10923150926828384,77,0.05107879638671875,6.471697307663763,0,false,true,true,0,18,0.13593624532222748,68,0.13459628820419312,0.07438443633716293,1,false,false,false,2,false,86,false,false,AMBIGUOUS,
R5/45_whorl,R5,whorl,87,0.3048417270183563,102,0.07779311388731003,26.125032864518683,2,true,true,true,0,29,0.15442045032978058,144,0.14303694665431976,0.462742646257988,1,false,false,false,1,false,87,false,false,AMBIGUOUS,
R5/46_right_loop,R5,right_loop,88,0.08262575417757034,99,0.04743148013949394,3.7845570571450082,0,false,true,false,1,107,0.10857510566711426,113,0.10234663635492325,0.33777256160196295,1,false,false,false,2,false,88,false,false,AMBIGUOUS,
R5/46_whorl,R5,whorl,89,2.103944778442383,132,0.04593542218208313,244.57896022257586,8,true,true,true,0,13,0.10871494561433792,79,0.10472628474235535,0.19260430461514233,0,false,false,false,3,false,89,false,false,AMBIGUOUS,
R5/47_right_loop,R5,right_loop,43,0.062224145978689194,59,0.04916192218661308,1.4901843535164607,0,false,false,false,2,21,0.14860934019088745,3,0.14396919310092926,0.1773642604105901,0,false,false,false,3,false,43,false,false,AMBIGUOUS,
R5/47_whorl,R5,whorl,91,0.8601276278495789,78,0.062391165643930435,82.12936036324578,8,true,true,true,0,20,0.15277306735515594,29,0.13761654496192932,0.6053167482822801,0,false,false,true,0,false,91,false,false,AMBIGUOUS,
R5/48_right_loop,R5,right_loop,64,0.03598526492714882,38,0.03359145671129227,0.26141635756887643,0,false,false,false,3,70,0.13596533238887787,110,0.12735426425933838,0.38631493339261125,0,false,false,false,3,false,38,false,false,AMBIGUOUS,
R5/48_whorl,R5,whorl,93,0.2869108319282532,118,0.04744385555386543,26.919275670891015,3,true,true,true,0,54,0.1378100961446762,50,0.13017159700393677,0.3356982686180362,0,false,false,false,2,false,93,false,false,AMBIGUOUS,
R5/49_right_loop,R5,right_loop,94,1.597007393836975,72,0.03931575268507004,150.41386730418165,8,true,true,true,0,44,0.1375301331281662,143,0.1362869292497635,0.0536357043200688,1,false,false,false,2,false,94,false,false,AMBIGUOUS,
R5/49_whorl,R5,whorl,95,1.9627801179885864,28,0.05168590322136879,223.945443918835,9,true,true,true,0,79,0.1517089605331421,31,0.1458769142627716,0.19829477825034045,0,false,false,false,1,false,95,false,false,AMBIGUOUS,
R5/4_left_loop,R5,left_loop,96,0.10571657866239548,75,0.05707114562392235,4.299470422903773,0,false,true,true,0,29,0.10494876652956009,115,0.10269055515527725,0.11228740600870978,0,false,false,false,3,false,96,false,false,AMBIGUOUS,
R5/4_plain_arch,R5,plain_arch,17,0.05119498074054718,27,0.05020016059279442,0.10278179130033924,0,false,false,false,3,99,0.13285118341445923,81,0.09674817323684692,2.154312963313693,0,false,false,false,1,false,99,false,false,AMBIGUOUS,
R5/4_right_loop,R5,right_loop,98,0.2435692995786667,146,0.06416691839694977,18.386894305960674,2,true,true,true,0,134,0.15330733358860016,17,0.12243262678384781,1.2870197110675834,0,false,false,false,2,false,98,false,false,AMBIGUOUS,
R5/4_whorl,R5,whorl,23,0.05237680301070213,140,0.045101869851350784,0.7206511236996535,0,false,false,false,2,18,0.23031245172023773,39,0.16839943826198578,2.558303784909132,1,false,true,false,1,false,18,false,false,AMBIGUOUS,
R5/50_right_loop,R5,right_loop,106,0.0732344463467598,22,0.05941015109419823,1.3588940130106633,0,false,false,false,2,47,0.09667464345693588,124,0.09302922338247299,0.17368659271329798,0,false,false,false,2,false,106,false,false,AMBIGUOUS,
R5/50_whorl,R5,whorl,101,0.4630495309829712,53,0.05777816101908684,50.735306695323004,7,true,true,true,0,137,0.11727651953697205,60,0.11287564039230347,0.24824625005173898,0,false,false,false,3,false,101,false,false,AMBIGUOUS,
R5/51_right_loop,R5,right_loop,10,0.057471949607133865,118,0.04676287993788719,1.0117151108974871,0,false,false,false,2,137,0.167665496468544,5,0.1585557609796524,0.335945183285519,1,false,false,false,3,false,10,false,false,AMBIGUOUS,
R5/51_whorl,R5,whorl,97,0.07302730530500412,86,0.059448812156915665,1.4209871005738857,0,false,false,false,1,8,0.1302517056465149,54,0.12476027756929398,0.23908251723900265,0,false,false,false,2,false,97,false,false,AMBIGUOUS,
R5/52_right_loop,R5,right_loop,104,0.3773077428340912,141,0.050123658031225204,32.04258291805066,5,true,true,true,0,125,0.12192479521036148,44,0.11138048022985458,0.43862449322398067,0,false,false,false,2,false,104,false,false,AMBIGUOUS,
R5/52_whorl,R5,whorl,105,0.6704051494598389,144,0.04685339331626892,73.24274585619715,5,true,true,true,0,64,0.20542581379413605,111,0.19921551644802094,0.2723540133273128,0,false,false,false,3,false,105,false,false,AMBIGUOUS,
R5/53_right_loop,R5,right_loop,15,0.08308922499418259,132,0.05617713928222656,2.950366161867417,0,false,true,false,1,76,0.13701790571212769,107,0.1332179605960846,0.18679999758262447,0,false,false,false,3,false,136,false,false,AMBIGUOUS,
R5/53_whorl,R5,whorl,15,0.047972533851861954,60,0.04431309923529625,0.331776243637085,0,false,false,false,2,20,0.1651809811592102,77,0.16052722930908203,0.17392739522860573,0,false,false,false,3,false,77,false,false,AMBIGUOUS,
R5/54_right_loop,R5,right_loop,108,0.10123654454946518,142,0.04398229718208313,5.810095662210783,0,false,true,true,0,145,0.09820327907800674,90,0.09421276301145554,0.21774028561582678,0,false,false,false,2,false,108,false,false,AMBIGUOUS,
R5/54_whorl,R5,whorl,105,0.051639631390571594,20,0.04576302692294121,0.5742163281845847,0,false,false,false,2,70,0.12561342120170593,101,0.11992987245321274,0.4012244065512036,0,false,false,false,2,false,53,false,false,AMBIGUOUS,
R5/55_right_loop,R5,right_loop,110,0.18355484306812286,88,0.04967076703906059,13.540022657494907,1,false,true,false,1,123,0.12445267289876938,70,0.11589720100164413,0.4595370727931963,0,false,false,false,2,false,110,false,false,AMBIGUOUS,
R5/55_whorl,R5,whorl,111,1.080098032951355,104,0.05930550768971443,103.89201664203601,10,true,true,true,0,6,0.1926085501909256,81,0.1790134161710739,0.4797118820825498,0,false,false,false,2,false,111,false,false,AMBIGUOUS,
R5/56_right_loop,R5,right_loop,71,0.05694647505879402,100,0.05206860974431038,0.4801291933777305,0,false,false,false,2,46,0.09274739027023315,92,0.08645928651094437,0.3566632639880903,0,false,false,false,1,false,100,false,false,AMBIGUOUS,
R5/56_whorl,R5,whorl,14,0.06259288638830185,48,0.05543709918856621,0.643185928266259,0,false,false,false,1,16,0.17603254318237305,91,0.1744624823331833,0.055263240355475626,0,false,false,false,3,false,29,false,false,AMBIGUOUS,
R5/57_right_loop,R5,right_loop,114,0.8551169037818909,33,0.07606299966573715,83.56057066823516,4,true,true,true,0,141,0.1332504004240036,86,0.12832523882389069,0.2138387766564982,0,false,false,false,2,false,114,false,false,AMBIGUOUS,
R5/57_whorl,R5,whorl,115,0.4351257085800171,63,0.07520851492881775,32.801528523852,2,true,true,true,0,137,0.15830905735492706,77,0.15001285076141357,0.29282181745139696,0,false,false,false,2,false,115,false,false,AMBIGUOUS,
R5/58_right_loop,R5,right_loop,116,0.3919188976287842,115,0.08151545375585556,30.529501040711953,2,true,true,true,0,110,0.14852802455425262,68,0.13499225676059723,0.6265002086293517,0,false,false,false,2,false,116,false,false,AMBIGUOUS,
R5/58_whorl,R5,whorl,134,0.05863545462489128,93,0.04712299630045891,1.057959487679276,0,false,false,false,1,95,0.18208712339401245,52,0.1644318550825119,0.7241819446207883,0,false,false,false,2,false,52,false,false,AMBIGUOUS,
R5/59_right_loop,R5,right_loop,97,0.04604692757129669,6,0.040893424302339554,0.5916100259050047,0,false,false,false,2,68,0.20963256061077118,48,0.17968697845935822,1.0139244735383668,0,false,false,false,2,false,48,false,false,AMBIGUOUS,
R5/59_whorl,R5,whorl,71,0.05646173655986786,141,0.05411326512694359,0.2481333039534839,0,false,false,false,3,67,0.17475293576717377,25,0.17265069484710693,0.06589413293483214,0,false,false,false,2,false,71,false,false,AMBIGUOUS,
R5/5_left_loop,R5,left_loop,120,0.3172309100627899,31,0.05484519526362419,30.057917654037087,0,false,true,true,0,92,0.1519901007413864,6,0.13831204175949097,0.6547397514253014,2,false,false,false,2,false,120,false,false,AMBIGUOUS,
R5/5_plain_arch,R5,plain_arch,121,0.8813295960426331,86,0.045986443758010864,79.46483357315766,6,true,true,true,0,73,0.1195274069905281,56,0.09587254375219345,1.5949023272732872,0,false,false,false,2,false,121,false,false,AMBIGUOUS,
R5/5_right_loop,R5,right_loop,122,1.9405428171157837,133,0.046160727739334106,232.6468775328799,7,true,true,true,0,92,0.12922410666942596,39,0.12534116208553314,0.16585094931764946,0,false,false,false,1,false,122,false,false,AMBIGUOUS,
R5/5_whorl,R5,whorl,123,0.8444390296936035,146,0.04301485791802406,63.717432042772366,7,true,true,true,0,4,0.16305173933506012,31,0.1589144915342331,0.16117210935628618,0,false,false,false,3,false,123,false,false,AMBIGUOUS,
R5/60_right_loop,R5,right_loop,124,0.13111762702465057,4,0.06125887855887413,8.517572910614644,2,true,true,true,0,6,0.13917012512683868,21,0.1387563794851303,0.015026084299582097,0,false,false,false,3,false,124,false,false,AMBIGUOUS,
R5/60_whorl,R5,whorl,120,0.10056964308023453,125,0.09020599722862244,1.0145427550457002,0,false,false,false,1,45,0.17941243946552277,27,0.16284909844398499,0.7665350357847893,0,false,false,false,2,false,125,false,false,AMBIGUOUS,
R5/61_right_loop,R5,right_loop,4,0.058600082993507385,69,0.04396040737628937,1.4593983851907317,0,false,false,false,2,134,0.13768193125724792,107,0.1260371208190918,0.5366853302595775,0,false,false,false,2,false,133,false,false,AMBIGUOUS,
R5/62_right_loop,R5,right_loop,13,0.04853365942835808,144,0.048255786299705505,0.031465326005811506,0,false,false,false,2,21,0.15242379903793335,70,0.14364908635616302,0.32237106730879916,0,false,false,false,3,false,21,false,false,AMBIGUOUS,
R5/63_right_loop,R5,right_loop,125,0.03998272493481636,47,0.038629550486803055,0.1520996396337834,0,false,false,false,2,24,0.11046955734491348,141,0.09549924731254578,0.872621683806266,0,false,false,false,2,false,24,false,false,AMBIGUOUS,
R5/64_right_loop,R5,right_loop,129,0.5053064227104187,44,0.062230002135038376,51.47720043770951,5,true,true,true,0,115,0.11027652025222778,27,0.11007362604141235,0.008174661323656034,0,false,false,false,3,false,129,false,false,AMBIGUOUS,
R5/65_right_loop,R5,right_loop,130,0.43871769309043884,83,0.09459111839532852,36.82895853812121,3,true,true,true,0,84,0.11543294042348862,78,0.11526448279619217,0.008210913883728835,0,false,false,false,1,false,130,false,false,AMBIGUOUS,
R5/66_right_loop,R5,right_loop,131,0.1365702897310257,37,0.058036983013153076,10.259785094243197,1,false,true,true,0,49,0.12248373031616211,115,0.11381793767213821,0.44397365527199184,0,false,false,false,2,false,131,false,false,AMBIGUOUS,
R5/67_right_loop,R5,right_loop,132,0.13767200708389282,101,0.047572243958711624,9.685326859000522,4,true,true,true,0,92,0.1128915324807167,136,0.09566882997751236,0.793401116498344,1,false,false,false,1,false,132,false,false,AMBIGUOUS,
R5/68_right_loop,R5,right_loop,136,0.047119200229644775,36,0.042786236852407455,0.46554709930194543,0,false,false,false,1,107,0.13444174826145172,36,0.1329343318939209,0.07441850491696757,0,false,false,false,3,false,69,false,false,AMBIGUOUS,
R5/69_right_loop,R5,right_loop,134,0.3809374272823334,140,0.051258306950330734,32.60689752052618,6,true,true,true,0,118,0.090739905834198,138,0.08540710061788559,0.3060155818740279,0,false,false,false,3,false,134,false,false,AMBIGUOUS,
R5/6_plain_arch,R5,plain_arch,41,0.045416492968797684,144,0.043002914637327194,0.422383819507279,0,false,false,false,1,51,0.12145663052797318,1,0.11020603030920029,0.6433692428086952,1,false,false,false,1,false,51,false,false,AMBIGUOUS,
R5/6_right_loop,R5,right_loop,123,0.05091008171439171,135,0.046954721212387085,0.4016300453612242,0,false,false,false,2,76,0.12905307114124298,52,0.1268358677625656,0.07937325457096167,0,false,false,false,3,false,135,false,false,AMBIGUOUS,
R5/6_whorl,R5,whorl,49,0.071322962641716,80,0.0677109956741333,0.379538621157268,0,false,false,false,2,56,0.16573090851306915,79,0.14522002637386322,0.5839586999181912,0,false,false,false,0,false,78,false,false,AMBIGUOUS,
R5/70_right_loop,R5,right_loop,9,0.07346609979867935,32,0.05502649024128914,1.9720239488984765,0,false,false,false,1,110,0.16808150708675385,1,0.15405888855457306,0.4467846268004089,0,false,false,false,2,false,9,false,false,AMBIGUOUS,
R5/71_right_loop,R5,right_loop,139,0.3872673809528351,89,0.040212471038103104,32.999296347309176,1,false,true,true,0,70,0.19355355203151703,77,0.12072098255157471,3.6386945149481846,0,false,true,true,0,false,139,false,false,AMBIGUOUS,
R5/72_right_loop,R5,right_loop,140,0.32296133041381836,11,0.04690107703208923,28.887679971499395,4,true,true,true,0,137,0.15313754975795746,110,0.14775450527668,0.19536464529916042,0,false,false,false,2,false,140,false,false,AMBIGUOUS,
R5/73_right_loop,R5,right_loop,141,0.13754726946353912,116,0.05565039440989494,10.581376660636064,2,true,true,true,0,107,0.14353102445602417,135,0.13250350952148438,0.48884828440701095,1,false,false,false,3,false,141,false,false,AMBIGUOUS,
R5/74_right_loop,R5,right_loop,142,1.0583833456039429,88,0.0639987364411354,128.6018235217817,6,true,true,true,0,49,0.1382453292608261,86,0.1183345690369606,0.8416115680739692,0,false,false,false,1,false,142,false,false,AMBIGUOUS,
R5/7_right_loop,R5,right_loop,143,0.24934613704681396,80,0.055492181330919266,21.993680107323502,4,true,true,true,0,113,0.20513315498828888,107,0.1775377243757248,1.0152474194341858,0,false,false,false,2,false,143,false,false,AMBIGUOUS,
R5/7_whorl,R5,whorl,144,0.2029195874929428,90,0.052133310586214066,13.197473187475959,0,false,true,true,0,20,0.17130441963672638,54,0.12839770317077637,2.112708696515845,0,false,false,false,1,false,144,false,false,AMBIGUOUS,
R5/8_right_loop,R5,right_loop,145,0.1291382908821106,6,0.09037917852401733,3.946012481328992,0,false,true,false,1,145,0.19508247077465057,113,0.19368435442447662,0.044941318999769574,0,false,false,false,3,true,145,true,false,AMBIGUOUS,
R5/8_whorl,R5,whorl,101,0.05976645648479462,98,0.03808495029807091,2.540185762627766,0,false,true,false,1,125,0.1397964358329773,60,0.12401533871889114,0.7674921122215052,0,false,false,false,2,false,137,false,false,AMBIGUOUS,
R5/9_right_loop,R5,right_loop,147,1.5365749597549438,59,0.07348925620317459,129.87927260388452,10,true,true,true,0,3,0.11382675170898438,59,0.09312471002340317,1.291008961248155,0,false,false,false,2,false,147,false,false,AMBIGUOUS,
R5/9_whorl,R5,whorl,148,0.09516415745019913,72,0.03767681121826172,6.7539950845119225,0,false,true,true,0,58,0.147404745221138,66,0.11723581701517105,1.1868008876945657,0,false,false,false,1,false,148,false,false,AMBIGUOUS,
