canonical_image_id,run,pattern,image_relative_path,annotation_relative_path,image_sha256,annotation_sha256,width,height,annotation_count,out_of_bounds_count,duplicate_coordinate_record_count,estimated_fingerprint_area_px,estimated_fingerprint_area_fraction,annotation_density_per_100k_estimated_fingerprint_px,inside_estimated_fingerprint_mask_count,within_16px_edge_count,within_5pct_edge_count,nearest_neighbor_median_px,otsu_dark_ridge_threshold
R1/10_right_loop,R1,right_loop,Pore ground truth/Fingerprint Images/R1/10_right_loop.jpg,Pore ground truth/Ground truth/R1/10_right_loop.tsv,ddad833966f20c1afa5f7294c154847f69a854b23b82a6ad36a20bbee2cbc80f,ce69cc4a61698afb7a20bc8e61db461ca8207220f5022f00df30939c49ec680b,512,512,404,0,0,260858,0.9950942993164062,154.87353272661753,403,54,83,15.620499351813308,117.0
R1/10_whorl,R1,whorl,Pore ground truth/Fingerprint Images/R1/10_whorl.jpg,Pore ground truth/Ground truth/R1/10_whorl.tsv,43776532b57fc8bf75bbd05bef34d0c2209c99aa25677e88e8c89a1a66d34c5f,39bd4e1366e7dc577936fdf9fdc192ee3ea97ecc26f4fdf86f498cc5b9afc236,512,512,359,0,0,261873,0.9989662170410156,137.08935247238165,359,40,58,15.132745950421556,124.0
R1/11_right_loop,R1,right_loop,Pore ground truth/Fingerprint Images/R1/11_right_loop.jpg,Pore ground truth/Ground truth/R1/11_right_loop.tsv,1e9a65abde20f10880bb229f5a3094ed48e4ec107ff9f0c873c7a06fe779b53a,715c9f8e490e50fae9bcf96e4f9bd624cce5ba916c9245f899daa7b42acd44b2,512,512,484,0,0,262144,1.0,184.63134765625,484,55,84,14.317821063276353,124.0
R1/11_whorl,R1,whorl,Pore ground truth/Fingerprint Images/R1/11_whorl.jpg,Pore ground truth/Ground truth/R1/11_whorl.tsv,5efa49c6ddd1ddfde5736985c8fdc4832a30ea8ada9519cfebab56bcddecea95,db4298344815acfe27a52c0b94545c084ccbf24d7dd314f8ac52d442a09a418f,512,512,336,0,1,257031,0.9804954528808594,130.7235314028269,336,27,51,15.231546211727817,121.0
R1/12_right_loop,R1,right_loop,Pore ground truth/Fingerprint Images/R1/12_right_loop.jpg,Pore ground truth/Ground truth/R1/12_right_loop.tsv,61a1fc76dcfe16d5ffcd461ef9223c3f8c8e631dfd4af65bb24000027f32b777,7a691129943b5cbd3d2f3cc00dbbc68dda1feba3ec888ced183e0b826f52fb66,512,512,397,0,0,262144,1.0,151.4434814453125,397,53,78,15.264337522473747,114.0
R1/12_whorl,R1,whorl,Pore ground truth/Fingerprint Images/R1/12_whorl.jpg,Pore ground truth/Ground truth/R1/12_whorl.tsv,dc479fa346c7ff6a90aca0d0e2e2fbcda3809fbeb79c488973b87b04306f00a8,f90dc073f187b1c65a7d519cac626cf4e1746e0eb886e824a39f0218c7d4a8e2,512,512,423,0,0,258819,0.9873161315917969,163.43467828868825,420,48,74,15.620499351813308,116.0
R1/13_right_loop,R1,right_loop,Pore ground truth/Fingerprint Images/R1/13_right_loop.jpg,Pore ground truth/Ground truth/R1/13_right_loop.tsv,e02717fbc0b86a300480b85a7340536c664dc8a86159281f7374392b07f7bf95,7570d5d9f436b5441dd18ed793e3885f3387270d1bb8f390aadf86529b4a2f71,512,512,344,0,0,262144,1.0,131.2255859375,344,50,64,15.588424268958676,119.0
R1/13_whorl,R1,whorl,Pore ground truth/Fingerprint Images/R1/13_whorl.jpg,Pore ground truth/Ground truth/R1/13_whorl.tsv,38a4255ab00294a17b5a43e17dd54862ebdc3a0ed180d436664648537313b266,0f3c95a8ec6a49c7ea6c70682bc0e3d964ac78f95ae519e7c70e8fdb706dac01,512,512,368,0,0,258236,0.9850921630859375,142.5053052246782,367,41,74,14.866068747318506,122.0
R1/14_right_loop,R1,right_loop,Pore ground truth/Fingerprint Images/R1/14_right_loop.jpg,Pore ground truth/Ground truth/R1/14_right_loop.tsv,abc618deb5aaaf7048ff26d9fd61ce42108e0d9c70b39baa2e5f7737e08e7ad9,bb4832824a012f4adf3d2cdf85450185bf99475e9668596682d656eab3afb9d0,512,512,449,0,0,260363,0.9932060241699219,172.45153881311862,447,54,81,16.0312195418814,119.0
R1/14_whorl,R1,whorl,Pore ground truth/Fingerprint Images/R1/14_whorl.jpg,Pore ground truth/Ground truth/R1/14_whorl.tsv,d3a0e11c4932204742a3097fe5ddce1d6fe37296efa9dd99a78ae6d729b09cbf,cd179cc6be1dbf2c2e6cf2a77891e56f44abc8d182036946b3101264ea79e5a9,512,512,491,0,0,262144,1.0,187.3016357421875,491,61,92,15.0,110.0
R1/15_right_loop,R1,right_loop,Pore ground truth/Fingerprint Images/R1/15_right_loop.jpg,Pore ground truth/Ground truth/R1/15_right_loop.tsv,8b3ae7b7c98abf33b17097fd07e3a53ef002e7f505568a529822e574c24f4289,abdd45fa15a14e8b6b3fcb91beb2a8a92585365e94cbe16311558d8b2ad5fc2b,512,512,495,0,1,255281,0.9738197326660156,193.90397248522217,480,65,93,15.524174696260024,118.0
R1/15_whorl,R1,whorl,Pore ground truth/Fingerprint Images/R1/15_whorl.jpg,Pore ground truth/Ground truth/R1/15_whorl.tsv,30d26c51e8573d64c4ff501c03c0e984080f2f62ef59723a78c82ac3ad67c067,8c615b5a9e463138967b74f5d53475e9efd9cb8f1757ab39132b0c6d46bec6f0,512,512,321,0,0,262144,1.0,122.4517822265625,321,42,63,16.492422502470642,118.0
R1/16_right_loop,R1,right_loop,Pore ground truth/Fingerprint Images/R1/16_right_loop.jpg,Pore ground truth/Ground truth/R1/16_right_loop.tsv,d8860bfe001ee7368217376b42c0025d7d2397d3f93ce0f4c9919118d6269a05,485b74445842abb8c2e5294391471618e9b7b1296e88a60de072e255c5b6acd3,512,512,410,0,1,262144,1.0,156.402587890625,410,54,80,15.652475842498529,111.0
R1/16_whorl,R1,whorl,Pore ground truth/Fingerprint Images/R1/16_whorl.jpg,Pore ground truth/Ground truth/R1/16_whorl.tsv,3a9fc0fd31fbae653088a55fbf6cbfd2850b7d296f78787884a81b21290abc82,b6958ffbb82c3f5d46ff23622bba9fc6d47efe7b1905395ba1c512694b6023e1,512,512,352,0,1,261452,0.9973602294921875,134.6327432951364,352,48,65,15.132745950421556,117.0
R1/17_right_loop,R1,right_loop,Pore ground truth/Fingerprint Images/R1/17_right_loop.jpg,Pore ground truth/Ground truth/R1/17_right_loop.tsv,9ea297c71e7e72df46e4eb69c5abadeebb29ef635577b270823e30fd2ce0a08c,130d389c33f16b73e1f9545d4cfebc2327d6a86452e17a2439efa95fc1343368,512,512,442,0,0,261771,0.9985771179199219,168.849872598569,442,51,81,15.556349186104045,116.0
R1/17_whorl,R1,whorl,Pore ground truth/Fingerprint Images/R1/17_whorl.jpg,Pore ground truth/Ground truth/R1/17_whorl.tsv,544d3eeaee1bd3f348a1ae2b10b9c1dc13f1eca37bef6e730ec79e8b72394718,183d00fb4d74fc16415c0a7ff57617c91f814cffbc1e2ec8c15b691b27b6d8c5,512,512,499,0,0,262144,1.0,190.3533935546875,499,68,95,15.264337522473747,107.0
R1/18_right_loop,R1,right_loop,Pore ground truth/Fingerprint Images/R1/18_right_loop.jpg,Pore ground truth/Ground truth/R1/18_right_loop.tsv,04af4e5fe5638008ef89c3012e73dbef32dd358fbb34c994877453832eaf02a2,f6f12779555ce3c1a565621e99a9bd2bffa708bd2b87492cbc0b87a3d8871772,512,512,468,0,0,253215,0.9659385681152344,184.82317398258397,453,52,81,15.132745950421556,133.0
R1/18_whorl,R1,whorl,Pore ground truth/Fingerprint Images/R1/18_whorl.jpg,Pore ground truth/Ground truth/R1/18_whorl.tsv,97b9ddd2da2ee5805dfe2f5d7a98816fd29600c2d2e83f080a20da6d190c7e71,aa039b44f2ca0073ad500a720050e44140470fccc394ffd2154fbe7f7b1832c5,512,512,386,0,0,260706,0.9945144653320312,148.05949997314983,386,37,64,15.620499351813308,115.0
R1/19_right_loop,R1,right_loop,Pore ground truth/Fingerprint Images/R1/19_right_loop.jpg,Pore ground truth/Ground truth/R1/19_right_loop.tsv,b63006a662f296df8a7da782965eb1c8286786b27de8b0647e4fdf8d2db01b93,b8b84c22d731e1d3421b5f61a945329d19654d55e171e4f21c768624566fa589,512,512,459,0,1,261979,0.9993705749511719,175.2048828341203,459,62,87,15.033296378372908,124.0
R1/19_whorl,R1,whorl,Pore ground truth/Fingerprint Images/R1/19_whorl.jpg,Pore ground truth/Ground truth/R1/19_whorl.tsv,e8d767e768aec06a61843c391aae88d26188bb7a88583fdd9f74cf77a6cf37e1,6e07d36a716e50bc1318596a84f7e70003136498658fe4655b6ef86a96f2f151,512,512,329,0,0,261382,0.9970932006835938,125.86941717486285,329,42,59,15.811388300841896,117.0
R1/1_left_loop,R1,left_loop,Pore ground truth/Fingerprint Images/R1/1_left_loop.jpg,Pore ground truth/Ground truth/R1/1_left_loop.tsv,bd74db956a8adb54491704e878f62116f195bff18056ccd08d045b66253e1a0e,09188e911380c5e247171184f9b3ec6f0a22a6fd5144b564b0caaba8ac0c2e5f,512,512,339,0,0,262144,1.0,129.3182373046875,339,41,67,15.524174696260024,117.0
R1/1_plain_arch,R1,plain_arch,Pore ground truth/Fingerprint Images/R1/1_plain_arch.jpg,Pore ground truth/Ground truth/R1/1_plain_arch.tsv,656808f1e725209fcc142bfad1b98567bf9a3832644dbb9c1ae24aeae6f52108,d103f1a79417724e6a16aba18eb9a5ffae2c2db4e04a97080af582ad83f593b1,512,512,397,0,0,260696,0.994476318359375,152.2846533893884,397,48,67,14.866068747318506,146.0
R1/1_right_loop,R1,right_loop,Pore ground truth/Fingerprint Images/R1/1_right_loop.jpg,Pore ground truth/Ground truth/R1/1_right_loop.tsv,16aa1bff1180f32fe28ca296a43d52d4554298c02811a43450f2b0c7d8e9d313,1a6abc3fef8c3986aa288ed29d793d43d05c53fb441083fe5a2370aefad90408,512,512,402,0,0,262144,1.0,153.350830078125,402,37,67,15.888495669547813,118.0
R1/1_tented_arch,R1,tented_arch,Pore ground truth/Fingerprint Images/R1/1_tented_arch.jpg,Pore ground truth/Ground truth/R1/1_tented_arch.tsv,ecd5afe59281e8b98d8189b7a66c40dd1308eefe2f1ea560f85d2c447fdf13f2,c931e9f526a697f66b0eb621eef18022e6a771c071aab97f11568cbc5cf57269,512,512,520,0,2,262144,1.0,198.3642578125,520,66,106,14.815445903775952,121.0
R1/1_whorl,R1,whorl,Pore ground truth/Fingerprint Images/R1/1_whorl.jpg,Pore ground truth/Ground truth/R1/1_whorl.tsv,4e281f1cdd1cda531d5df6d69beb7af0b0eed940e019329376a2894ecd28e6ee,7c5f72396d88f9af727cb50f717618e5ecec8142df2a89c0f70312860a4dc6a8,512,512,454,0,0,261849,0.9988746643066406,173.38236922806655,454,52,73,15.620499351813308,109.0
R1/20_right_loop,R1,right_loop,Pore ground truth/Fingerprint Images/R1/20_right_loop.jpg,Pore ground truth/Ground truth/R1/20_right_loop.tsv,22b8277288ebfb7868897d0a0f3ed0a57c2e942579a4657c1450b482886a5177,ee41221d1e9ae1886ed1d0b5a99cb0e702627a8bdfc080a61e7d867dbf27d044,512,512,363,0,0,262144,1.0,138.4735107421875,363,34,63,15.524174696260024,115.0
R1/20_whorl,R1,whorl,Pore ground truth/Fingerprint Images/R1/20_whorl.jpg,Pore ground truth/Ground truth/R1/20_whorl.tsv,15bc266e518198fa18e6ec27d139e92630815e08dd55feb839450311e16f5d27,54934a547ee2908868dec8221dd82318ec952e2812bcaa5fb1316ff3a9a534b6,512,512,427,0,2,261149,0.9962043762207031,163.50818881175115,427,46,70,16.0,114.0
R1/21_right_loop,R1,right_loop,Pore ground truth/Fingerprint Images/R1/21_right_loop.jpg,Pore ground truth/Ground truth/R1/21_right_loop.tsv,2324f6750bb027b426b7cb42227b3ed21be00bc77ce1771f31300e054f7589aa,236f6a5449c6a7a72542b2ce6ddfd67d30f0019fba19779d1f9524eb5777fb37,512,512,349,0,0,262144,1.0,133.1329345703125,349,43,77,15.811388300841896,126.0
R1/21_whorl,R1,whorl,Pore ground truth/Fingerprint Images/R1/21_whorl.jpg,Pore ground truth/Ground truth/R1/21_whorl.tsv,b9b9ce995c4a75132b6676fc4aa05015b8be991e95221ba23a2da8762c400f8b,74c95183bcc3634a5887220c77cd528a6fdcaa42f8f816ef66957d988ddf1cf0,512,512,371,0,1,255222,0.9735946655273438,145.3636441999514,369,51,78,16.15549442140351,148.0
R1/22_right_loop,R1,right_loop,Pore ground truth/Fingerprint Images/R1/22_right_loop.jpg,Pore ground truth/Ground truth/R1/22_right_loop.tsv,3aa614f95c01e2638b55c757065f84511404e0e162fda07e21bdcf335b4a8b14,cbcec9973a7eb36bd7b8f34c294422ea0f112cc76a665be97a68cc3e814c60b4,512,512,435,0,0,262144,1.0,165.9393310546875,435,53,86,16.492422502470642,114.0
R1/22_whorl,R1,whorl,Pore ground truth/Fingerprint Images/R1/22_whorl.jpg,Pore ground truth/Ground truth/R1/22_whorl.tsv,f0f904d1293507e63f170c96136ed390dd431386e293968255d523b52411ac54,e1dcce866e45e482a682705193cca511388a3bde51c268c53b22de935c0a70a1,512,512,456,0,0,261951,0.9992637634277344,174.07835816622193,456,60,85,14.933034373659254,110.0
R1/23_right_loop,R1,right_loop,Pore ground truth/Fingerprint Images/R1/23_right_loop.jpg,Pore ground truth/Ground truth/R1/23_right_loop.tsv,88ed925f4406512e2479263d9a2ccb66e30bb7472006808f0fb2d7664b7ee2b6,6f2c1a1789a88a043f6829526879f96070d0a8fdb1a079abdfb21e2059e3fde2,512,512,480,0,0,262144,1.0,183.10546875,480,58,80,15.264337522473747,111.0
R1/23_whorl,R1,whorl,Pore ground truth/Fingerprint Images/R1/23_whorl.jpg,Pore ground truth/Ground truth/R1/23_whorl.tsv,ebb400ef032b7d78f1f8b8ee245d24c847c6201703d4e1cbeeee2ec7db9a0c35,b10ec44bdb966f2188ef31d9e4d8021a726a6ab1bb5f69da0646af67d68ac71b,512,512,351,0,0,258449,0.9859046936035156,135.8101598381112,351,34,55,15.811388300841896,130.0
R1/24_right_loop,R1,right_loop,Pore ground truth/Fingerprint Images/R1/24_right_loop.jpg,Pore ground truth/Ground truth/R1/24_right_loop.tsv,1ae30263eaba62a07d177f5055ead489dc837adb16d6d7acce29aac30da4ccfa,f1b6a1fbd432c4fe37498ef858e4d2eabb97bfb9c6bb2ec0eb43f665feb3f5ee,512,512,433,0,0,262144,1.0,165.1763916015625,433,57,85,15.811388300841896,110.0
R1/24_whorl,R1,whorl,Pore ground truth/Fingerprint Images/R1/24_whorl.jpg,Pore ground truth/Ground truth/R1/24_whorl.tsv,13c25a39901662a9791fc9e6b3fe55e2e7aea2a67eb487d5a053e3c0be2495b2,63d150619bb7866b360e3160c3cefd0d8ba5bab1647ea9ddc403d3c05858e180,512,512,490,0,0,261929,0.9991798400878906,187.07359627990792,490,51,88,16.55294535724685,109.0
R1/25_right_loop,R1,right_loop,Pore ground truth/Fingerprint Images/R1/25_right_loop.jpg,Pore ground truth/Ground truth/R1/25_right_loop.tsv,78665412380d0f93e375b9a911aae10bb39e918e047948d04f1c008a0a277678,8b651997033269963711593295d4014d40c1513105c981cbf585231c4d58944d,512,512,399,0,2,260803,0.9948844909667969,152.98903770278716,399,55,78,14.212670403551895,122.0
R1/25_whorl,R1,whorl,Pore ground truth/Fingerprint Images/R1/25_whorl.jpg,Pore ground truth/Ground truth/R1/25_whorl.tsv,1badcd995871c616d3af62dbc5776e332b2fbd2caf563c809890417e232cf1d6,8a484ff75af75642b86294412d35e6f5566a774b6f1428183645927112965113,512,512,450,0,1,261345,0.9969520568847656,172.18619066750847,450,57,84,16.140004959000304,115.0
R1/26_right_loop,R1,right_loop,Pore ground truth/Fingerprint Images/R1/26_right_loop.jpg,Pore ground truth/Ground truth/R1/26_right_loop.tsv,a4737e69f9c8e87a15fe5306b7bfc6779daa29b62712861eb1802b701f78c527,bf2c326d34cf022bad7b8ebe55c6c04679755f5979eb69b9441fbfc9bd0f5d1c,512,512,430,0,1,260995,0.9956169128417969,164.7541140634878,428,52,84,15.556349186104045,119.0
R1/26_whorl,R1,whorl,Pore ground truth/Fingerprint Images/R1/26_whorl.jpg,Pore ground truth/Ground truth/R1/26_whorl.tsv,9daf9650d2480453863173f1e3e933f0cb213880512b0dd6c3210e0e3f8b2cbb,18d5623788c957ac3865cd8d8150fc7b1fb76a9e03506b29130ea8832dd1ed5d,512,512,314,0,1,262144,1.0,119.781494140625,314,43,72,16.34002003147822,118.0
R1/27_right_loop,R1,right_loop,Pore ground truth/Fingerprint Images/R1/27_right_loop.jpg,Pore ground truth/Ground truth/R1/27_right_loop.tsv,5b92011f0644fa412f1c373c12224c89e0decefe00d11d52042ca588f46f8332,1c388195c5c55124c5dad5e257e32b7e361cd318833301c4a0e6bcf891d91f6d,512,512,396,0,1,261717,0.9983711242675781,151.30847442084388,396,49,69,15.280698031626052,132.0
R1/27_whorl,R1,whorl,Pore ground truth/Fingerprint Images/R1/27_whorl.jpg,Pore ground truth/Ground truth/R1/27_whorl.tsv,e5e9f821b15253822fccc559f8683161b2b11e2308c1d67a5f9af5ced5ce5b4d,d8b0e1690103a7916ae6ba32ce68ebbec36b49b39181b8ae2b99421da3d0bd10,512,512,480,0,0,262144,1.0,183.10546875,480,64,100,15.905694150420949,120.0
R1/28_right_loop,R1,right_loop,Pore ground truth/Fingerprint Images/R1/28_right_loop.jpg,Pore ground truth/Ground truth/R1/28_right_loop.tsv,50642b3c2765db42ace154f0100be1b9f32fdfc208c316b5ee92e26604567080,ceabba1143fd007914619e27d5b2c793a00ad6fdaa6643a2692e1820c096f5fd,512,512,389,0,1,261834,0.9988174438476562,148.56741294102372,389,51,72,15.524174696260024,118.0
R1/28_whorl,R1,whorl,Pore ground truth/Fingerprint Images/R1/28_whorl.jpg,Pore ground truth/Ground truth/R1/28_whorl.tsv,200740b83137cf2ee05ee86371311f5a68ae2b33a83933b5227f4ac2f3f98bdf,62a1215d314d36b78f36baf00465644980d8a4b9a9c5da9db4cfc2d3840314b0,512,512,411,0,0,259667,0.9905509948730469,158.2796427732442,409,48,74,15.811388300841896,139.0
R1/29_right_loop,R1,right_loop,Pore ground truth/Fingerprint Images/R1/29_right_loop.jpg,Pore ground truth/Ground truth/R1/29_right_loop.tsv,7970dcf965c34122cf286b558a95179302701dd8af8ce962c3bec099b5b13ea7,b89f5f3f3dd4fe3b7f646a55e6191b95debfaef6d6c4378790427446b3342e64,512,512,413,0,0,261695,0.9982872009277344,157.8173064063127,413,54,81,15.264337522473747,124.0
R1/29_whorl,R1,whorl,Pore ground truth/Fingerprint Images/R1/29_whorl.jpg,Pore ground truth/Ground truth/R1/29_whorl.tsv,407d30e1bc49a2ee77c801399b4d0132db4170af481723c7c520f60e39d94d0e,7179b241f78eb2c7311ff987c6111b692a70c65b6d924b5604126717b9426fcd,512,512,374,0,0,261259,0.9966239929199219,143.15296315150866,374,38,64,16.217157508751608,117.0
R1/2_left_loop,R1,left_loop,Pore ground truth/Fingerprint Images/R1/2_left_loop.jpg,Pore ground truth/Ground truth/R1/2_left_loop.tsv,5dc8fc46dcd33d38d9f9692f07b269770988fc616371ee3f3544208bdf0d01b0,4774199238e59d07d2a3e84a598a87016ca1bb34b03c5beac21b808f632b2911,512,512,392,0,0,261414,0.9972152709960938,149.95371326707829,392,50,78,17.102625129629374,112.0
R1/2_plain_arch,R1,plain_arch,Pore ground truth/Fingerprint Images/R1/2_plain_arch.jpg,Pore ground truth/Ground truth/R1/2_plain_arch.tsv,200604fc996a2aa428b77e750d208fc4870d9d6736acaee0dd7e27f4c8bdfb6c,dbcb997d67a5544f71a866442a6a8049a5759e78b60e701975ebe070a94e0ca8,512,512,471,0,0,262144,1.0,179.6722412109375,471,52,83,15.0,117.0
R1/2_right_loop,R1,right_loop,Pore ground truth/Fingerprint Images/R1/2_right_loop.jpg,Pore ground truth/Ground truth/R1/2_right_loop.tsv,1ca369de0d264b8c466d259642c6711f909dacc2de6650988b723ebf66ee2fb5,dfa3dafde93447601d33d0949125405d2376ade37a2592707fcf535579ccbb71,512,512,455,0,2,262144,1.0,173.5687255859375,455,63,91,15.811388300841896,111.0
R1/2_tented_arch,R1,tented_arch,Pore ground truth/Fingerprint Images/R1/2_tented_arch.jpg,Pore ground truth/Ground truth/R1/2_tented_arch.tsv,0d0161811d751c4eb2e4293464aee61b74bd037db34ec9f5028c6b0b2f17e582,da745e83e5d16eb080b050a2dd9a8a90697368397705968f2358da8f1e33ea37,512,512,448,0,0,262144,1.0,170.8984375,448,59,84,14.142135623730951,117.0
R1/2_whorl,R1,whorl,Pore ground truth/Fingerprint Images/R1/2_whorl.jpg,Pore ground truth/Ground truth/R1/2_whorl.tsv,5a1dbe82bb1f4f01bde1903f596f592288328b61fc0fd622c242986a0685d345,8b7739582506b89ef43599c9b01d696496e0968ea4cd58e51713bf6bafc95e69,512,512,397,0,0,253930,0.9686660766601562,156.34229905879573,393,49,69,15.033296378372908,144.0
R1/30_right_loop,R1,right_loop,Pore ground truth/Fingerprint Images/R1/30_right_loop.jpg,Pore ground truth/Ground truth/R1/30_right_loop.tsv,a3ef880cb441939d0c37c2620781c217def9c9086cc4990a9cd1f408a293802c,a39c62f331d533c2295085b84ac447b82b8f4c113e3c1abceb747d9b2baa22a6,512,512,345,0,1,261279,0.9967002868652344,132.04275888992225,345,43,72,15.524174696260024,135.0
R1/30_whorl,R1,whorl,Pore ground truth/Fingerprint Images/R1/30_whorl.jpg,Pore ground truth/Ground truth/R1/30_whorl.tsv,0be782bfb48c052519244781938e784dbbfb564d312d1fca9e92bcb6ef2eb717,8e61475cf77b8745f4e36f4edabcb4d23a50bbabf201c02d74c589b2df29e0aa,512,512,445,0,0,257980,0.9841156005859375,172.4939917823087,443,44,71,15.132745950421556,138.0
R1/31_right_loop,R1,right_loop,Pore ground truth/Fingerprint Images/R1/31_right_loop.jpg,Pore ground truth/Ground truth/R1/31_right_loop.tsv,5a715eb944c11fece1a76c2458668b1224d95e520d4e93ec216aa228102cb042,0aff31799b3f55debcddacd2a31a065259b17499d096405c0c8339036aaf55dc,512,512,372,0,0,262144,1.0,141.90673828125,372,45,66,15.264337522473747,122.0
R1/31_whorl,R1,whorl,Pore ground truth/Fingerprint Images/R1/31_whorl.jpg,Pore ground truth/Ground truth/R1/31_whorl.tsv,6cc06afe52746fd80896a681ccef91aa964ea90d0f620f8b97879779447fdca8,b2223b6681b1c948a83dd190f16bb7398621e68dfc21a78849538ab4ee355e6a,512,512,411,0,0,255311,0.9739341735839844,160.9801379494029,407,40,66,15.811388300841896,112.0
R1/32_right_loop,R1,right_loop,Pore ground truth/Fingerprint Images/R1/32_right_loop.jpg,Pore ground truth/Ground truth/R1/32_right_loop.tsv,62c9791232d95179b7ba7cfc6e5df8ee58dc40f68abf9bf0dac1d8f571368a63,5f7a9444b3ab6ad30c765fe039bb14b2e16469fea0217fbaf49b57362f628752,512,512,395,0,0,262144,1.0,150.6805419921875,395,62,87,14.7648230602334,121.0
R1/32_whorl,R1,whorl,Pore ground truth/Fingerprint Images/R1/32_whorl.jpg,Pore ground truth/Ground truth/R1/32_whorl.tsv,0110db959e9c6c7bf0b0ef781bbd80fa356944ec71e0ad598daa3f6740bfc9bf,6da7f921405c52e6b4f1db1bc61d194bb31b8698457fbaab50c4fc10b63730a0,512,512,444,0,0,262144,1.0,169.37255859375,444,56,80,15.811388300841896,123.0
R1/33_right_loop,R1,right_loop,Pore ground truth/Fingerprint Images/R1/33_right_loop.jpg,Pore ground truth/Ground truth/R1/33_right_loop.tsv,e04f5961bd234c9237f76c3febc1d727bd2ef2c17d259de4e6bee97df2f9bad8,5b5a339573334ce4854b5d2bf66c61bb5aa6b0ef5a49561aed3fa4a9e98892f8,512,512,418,0,0,262144,1.0,159.454345703125,418,50,70,16.0,117.0
R1/33_whorl,R1,whorl,Pore ground truth/Fingerprint Images/R1/33_whorl.jpg,Pore ground truth/Ground truth/R1/33_whorl.tsv,3ff4944018fc12b6d4123f28b7825423e861050e772a692a8ee9d6ef64638470,b2c157c1fd93775e67ffc961c95d8ddb1284c52baee9a07cc91f155fd50aa77a,512,512,339,0,0,258427,0.9858207702636719,131.1782437593595,333,49,72,16.278820596099706,119.0
R1/34_right_loop,R1,right_loop,Pore ground truth/Fingerprint Images/R1/34_right_loop.jpg,Pore ground truth/Ground truth/R1/34_right_loop.tsv,fe6cb4f0c6fc8eb775e8009fab2e2fcea6b718cff97c0d45c483b4f285ee4e3e,aaf472ed3b11771a6880dd6edb24120562fbb4c073d73fe75af2959c5e2792c6,512,512,453,0,0,262144,1.0,172.8057861328125,453,57,85,15.811388300841896,109.0
R1/34_whorl,R1,whorl,Pore ground truth/Fingerprint Images/R1/34_whorl.jpg,Pore ground truth/Ground truth/R1/34_whorl.tsv,56ac10546eb33b5caa56a179017a13f892612289812636061be0a2164dea0ab4,4c59da511842d334633490b592c38937be8fc157f2bde666e8f20e29e8060821,512,512,319,0,0,261881,0.9989967346191406,121.8110515844983,319,34,53,16.0312195418814,115.0
R1/35_right_loop,R1,right_loop,Pore ground truth/Fingerprint Images/R1/35_right_loop.jpg,Pore ground truth/Ground truth/R1/35_right_loop.tsv,0c3679d77c1c19d0e35f0c354fb943dc65e676f6ec327f3a76a06aea84eae698,8738b63234a5a496da87d32ed8a235950b80e88afbdd56a39ed4553ebe70d60a,512,512,416,0,0,260723,0.9945793151855469,159.55631072057318,413,40,74,14.0,123.0
R1/35_whorl,R1,whorl,Pore ground truth/Fingerprint Images/R1/35_whorl.jpg,Pore ground truth/Ground truth/R1/35_whorl.tsv,1e0f6b925c5717d57667dfa2299ce9ca973e8b33252e9c9929eb348ad70b4727,7e871aba29c2efb004137de1b48e2f78ac8cac9fe4ea8ab3650610fbab1ba164,512,512,397,0,0,259250,0.9889602661132812,153.1340405014465,397,44,77,15.811388300841896,148.0
R1/36_right_loop,R1,right_loop,Pore ground truth/Fingerprint Images/R1/36_right_loop.jpg,Pore ground truth/Ground truth/R1/36_right_loop.tsv,7fe1753f0a696fae25e5f13baf2e4b73945befc44234aa838c3a973b2dcceb96,ba455eb52e503aefe44cf2a6f5855afbada095c3c5654282bab6be6d0aace8ea,512,512,428,0,0,261963,0.9993095397949219,163.38185163553632,428,53,83,15.0,113.0
R1/36_whorl,R1,whorl,Pore ground truth/Fingerprint Images/R1/36_whorl.jpg,Pore ground truth/Ground truth/R1/36_whorl.tsv,74976d359f1f62fcd794b39699f16f89c7e69bffde3f48a54a4a0d2610fac6aa,09778dc746e752c115c7f09a94f80b9097a9924ccdae4151ce4ef2ca4fd5f33f,512,512,451,0,1,257462,0.9821395874023438,175.1714816167046,448,58,97,16.0312195418814,138.0
R1/37_right_loop,R1,right_loop,Pore ground truth/Fingerprint Images/R1/37_right_loop.jpg,Pore ground truth/Ground truth/R1/37_right_loop.tsv,50e42d9680e460c68917d0c0352d0b5376985e7a9d4916f085da93fd8c6ae1e6,d7fec8bed9291cc206ede062a3a917e21920bfc4acf86cdf11299bebb2d27a20,512,512,420,0,0,262144,1.0,160.21728515625,420,62,91,15.811388300841896,112.0
R1/37_whorl,R1,whorl,Pore ground truth/Fingerprint Images/R1/37_whorl.jpg,Pore ground truth/Ground truth/R1/37_whorl.tsv,67e3efb90397e782e6a28a64de18da0c9752a1d64f1d5b4db7174e4f9989c67e,49d73b421eff7377970f0b40fbce7e2d311aa9ba30aebbbeef34194acb71d62b,512,512,481,0,1,262144,1.0,183.4869384765625,481,52,80,16.0312195418814,109.0
R1/38_right_loop,R1,right_loop,Pore ground truth/Fingerprint Images/R1/38_right_loop.jpg,Pore ground truth/Ground truth/R1/38_right_loop.tsv,017d6716788b8e1964feb15022afd820eb676a552609c40b175eca43a268fccf,ca8b72fa5bd33d0544e5af1c0f696195ff4613362471ac99e8af4b8051df19a1,512,512,399,0,1,261911,0.9991111755371094,152.34182604014342,399,57,84,16.15549442140351,113.0
R1/38_whorl,R1,whorl,Pore ground truth/Fingerprint Images/R1/38_whorl.jpg,Pore ground truth/Ground truth/R1/38_whorl.tsv,4783b60be246e9cc5000c9bdf442fb887310fefa86751edf3f2d7596f56a6c7d,10b16df2c0f461af11178190f8f2ac725cd9e8af4617c54d53c04c07de836c49,512,512,345,0,0,260095,0.9921836853027344,132.64384167323476,345,38,65,15.033296378372908,129.0
R1/39_right_loop,R1,right_loop,Pore ground truth/Fingerprint Images/R1/39_right_loop.jpg,Pore ground truth/Ground truth/R1/39_right_loop.tsv,00f0708355291ef2c8d9731556b63fca04debb1462e2ec61c28401ba9c21c00e,14d9d09a3bdef1db0d4cf2537f44cb1cb855cb1a5d10f683e925aa9a9a2af33f,512,512,473,0,0,262144,1.0,180.4351806640625,473,58,90,15.0,126.0
R1/39_whorl,R1,whorl,Pore ground truth/Fingerprint Images/R1/39_whorl.jpg,Pore ground truth/Ground truth/R1/39_whorl.tsv,8ec1db08f9199bac456dbab8e26d680ad16f268560945a67807cbeb9a2650efe,e8aac746355bba49d9df01220819711c03d147bc595f21e35b27915526c5ee79,512,512,400,0,1,261508,0.9975738525390625,152.95899169432676,400,43,73,16.0312195418814,115.0
R1/3_left_loop,R1,left_loop,Pore ground truth/Fingerprint Images/R1/3_left_loop.jpg,Pore ground truth/Ground truth/R1/3_left_loop.tsv,8243a6cc2f6d78521c6d03ca22fac9047ba46b3d836310511fd252f57c8d1d18,1d41e35e111a7d73f2e7374ee0d7f6f97747a34603687f452e96547acb675687,512,512,471,0,0,261543,0.9977073669433594,180.08511028779205,470,59,82,16.0312195418814,107.0
R1/3_plain_arch,R1,plain_arch,Pore ground truth/Fingerprint Images/R1/3_plain_arch.jpg,Pore ground truth/Ground truth/R1/3_plain_arch.tsv,fd500035804486161e950cec1031a99724b291baa533911506dd35ccf7a8e90c,dafc5e797d12e050d37eaea68374353f55770274e004af6d942a039337770670,512,512,386,0,1,262144,1.0,147.247314453125,386,50,73,16.217157508751608,128.0
R1/3_right_loop,R1,right_loop,Pore ground truth/Fingerprint Images/R1/3_right_loop.jpg,Pore ground truth/Ground truth/R1/3_right_loop.tsv,a1a73395a545cc620590ce5c4349d362809843cd5fe94aac1fc3e30ad8411d3a,7a8d7e2dd84cfd40c103b2b1efe6ef06a00765c3c2124172e9d0a3f1af742a8c,512,512,347,0,0,261608,0.997955322265625,132.64120363291642,347,49,70,16.97056274847714,130.0
R1/3_tented_arch,R1,tented_arch,Pore ground truth/Fingerprint Images/R1/3_tented_arch.jpg,Pore ground truth/Ground truth/R1/3_tented_arch.tsv,38972b4f428bfb9b2bc8f24f23e4bca226375373ec5f857f2eff8c20896056fc,9cc77d29e268231afa6e15de780d3b24142067fb60d2802ac9822324eab80f4b,512,512,487,0,0,262144,1.0,185.7757568359375,487,64,95,15.0,111.0
R1/3_whorl,R1,whorl,Pore ground truth/Fingerprint Images/R1/3_whorl.jpg,Pore ground truth/Ground truth/R1/3_whorl.tsv,0462495b90c1fb3917d025ca731ff5cf92733cb1c3a51a5b35e8bee202253718,197f6875f0cd19f5c7bea1e05bae84fcacecad2a77a02252bbc7289039995e0b,512,512,385,0,0,262144,1.0,146.8658447265625,385,49,80,15.620499351813308,117.0
R1/40_right_loop,R1,right_loop,Pore ground truth/Fingerprint Images/R1/40_right_loop.jpg,Pore ground truth/Ground truth/R1/40_right_loop.tsv,9fe2c57b3e746bc7ab79869d7e2fef9e4f2db9af203c22851100c06923bcde63,1129d0b37254d1a3f1aed972665898076176a1943093562ca4cb5a8a7c6c4847,512,512,422,0,1,261938,0.9992141723632812,161.1068268063435,422,52,72,16.97056274847714,115.0
R1/40_whorl,R1,whorl,Pore ground truth/Fingerprint Images/R1/40_whorl.jpg,Pore ground truth/Ground truth/R1/40_whorl.tsv,2017272370bdc4d67e4a927ffe39d118657750d2658babae331b3264f7a66a58,84e198e7de3bb5a01088ef2f4f400c6585560a4a252320c90729ca250044787f,512,512,391,0,1,262144,1.0,149.1546630859375,391,58,89,15.297058540778355,128.0
R1/41_right_loop,R1,right_loop,Pore ground truth/Fingerprint Images/R1/41_right_loop.jpg,Pore ground truth/Ground truth/R1/41_right_loop.tsv,69cae04bb6cc63e4f27178c8efdf86b55732da7da31419634376d00dee0ffb2c,dd747fdab4e48e77091158309a7ec28822ef7c406e1c788ba789691e94c9b3c8,512,512,426,0,1,262144,1.0,162.506103515625,426,54,81,16.415882976673277,116.0
R1/41_whorl,R1,whorl,Pore ground truth/Fingerprint Images/R1/41_whorl.jpg,Pore ground truth/Ground truth/R1/41_whorl.tsv,077facbc9b97c7caeb726666674947b0651c815e17c2bf618c77bec2115b95f3,8148b21d2f83b5b7b32270d4d77fd12481ebcb19dfc314ac1f5187d53f85f8a0,512,512,343,0,1,260131,0.9923210144042969,131.85664146141752,343,32,53,15.297058540778355,122.0
R1/42_right_loop,R1,right_loop,Pore ground truth/Fingerprint Images/R1/42_right_loop.jpg,Pore ground truth/Ground truth/R1/42_right_loop.tsv,c28104bc734cdf4771494b493478c74dfd220274a9071aacd18a0816140569c2,d1b5c435d58d2c59974d06096b64f5f94a124ab7a52ba358e884a93b8a57e779,512,512,348,0,1,259946,0.9916152954101562,133.87395843752165,348,43,62,16.15549442140351,139.0
R1/42_whorl,R1,whorl,Pore ground truth/Fingerprint Images/R1/42_whorl.jpg,Pore ground truth/Ground truth/R1/42_whorl.tsv,51d0cbe3f662a1e1cbfdebe45f175f7502a12bc1666e0b13cf0bc58961e3e571,5831d7d859fa73b9adebba273d5b39feb128a921371e967d1ee6c12f602af186,512,512,437,0,0,261332,0.9969024658203125,167.22024091959653,437,55,75,16.55294535724685,110.0
R1/43_right_loop,R1,right_loop,Pore ground truth/Fingerprint Images/R1/43_right_loop.jpg,Pore ground truth/Ground truth/R1/43_right_loop.tsv,7dfa763d05447b1a62510a42aff243971784935ee052d178b687059f8f185b10,9fcbc2aaf3214a304a58b39f258b0de4ee8272612dddb433b46df1416ec53bd0,512,512,406,0,0,262144,1.0,154.876708984375,406,61,83,15.426703863441201,119.0
R1/43_whorl,R1,whorl,Pore ground truth/Fingerprint Images/R1/43_whorl.jpg,Pore ground truth/Ground truth/R1/43_whorl.tsv,a4fb2b8c7251b3258cba2ecabd7a132c22812e3854f588a4c3b46e506602f1ed,f9bff49be5523781454404989356d365049278f1bf9c3e7439b79dabca55beb0,512,512,450,0,0,262144,1.0,171.661376953125,450,65,87,14.7648230602334,118.0
R1/44_right_loop,R1,right_loop,Pore ground truth/Fingerprint Images/R1/44_right_loop.jpg,Pore ground truth/Ground truth/R1/44_right_loop.tsv,3ff70299750045b4f773222cb22426e6fbb5b5806f7aeba146608ef9d4f12b58,44e56da83de4f5f39f0c0a0f37d2c0ee8629254967f353fbdca06540acee9186,512,512,418,0,0,260260,0.9928131103515625,160.6086221470837,416,55,77,15.620499351813308,140.0
R1/44_whorl,R1,whorl,Pore ground truth/Fingerprint Images/R1/44_whorl.jpg,Pore ground truth/Ground truth/R1/44_whorl.tsv,1430f3ec01a56d2662f3878a85203820cf56a75e248d3eac9565699f3d489fcf,b3f47808a5d411c3f6c33e7e5a5af9a1642c514fed9bc46c650a17551f7962d9,512,512,475,0,0,262144,1.0,181.1981201171875,475,61,89,15.297058540778355,108.0
R1/45_right_loop,R1,right_loop,Pore ground truth/Fingerprint Images/R1/45_right_loop.jpg,Pore ground truth/Ground truth/R1/45_right_loop.tsv,47cbe792c23570bdd0d810d8a62bd1bc6343c7da88f7cdf2d2dd9d82f3360ab3,2e57628c0cc104c3e0d5ee495a0b95ea779c546531cb2140e6133266b76bd164,512,512,425,0,0,259936,0.9915771484375,163.50178505478272,423,58,83,15.620499351813308,138.0
R1/45_whorl,R1,whorl,Pore ground truth/Fingerprint Images/R1/45_whorl.jpg,Pore ground truth/Ground truth/R1/45_whorl.tsv,de5738441d3cf00a8a3bb3dcc18dd9c73b1ca17eec252fbe29484e8b92a2bebe,ea95bc71a36f41a97cb8109c16ef4678161bb5099efb67c8d69c4a462aff8871,512,512,344,0,0,261917,0.9991340637207031,131.33931741734975,344,38,56,14.815445903775952,116.0
R1/46_right_loop,R1,right_loop,Pore ground truth/Fingerprint Images/R1/46_right_loop.jpg,Pore ground truth/Ground truth/R1/46_right_loop.tsv,4af341835b96041f33541c37a2c8e0c502304930b75eb76c522fb865417f5b44,48dab225f5f5ad2581c03045815b538a4459eed5d1778845b9e2fa4f6e858cd0,512,512,383,0,0,261839,0.9988365173339844,146.27309147987884,383,41,72,16.0312195418814,120.0
R1/46_whorl,R1,whorl,Pore ground truth/Fingerprint Images/R1/46_whorl.jpg,Pore ground truth/Ground truth/R1/46_whorl.tsv,1dffd5df4c6e5645b206aa173e3850cf0782f3e7081350aa991f3009cde2e341,7facc441ad682417e0e080e38808479a75662f0d7fb143c077f80bcb86b31241,512,512,486,0,0,262144,1.0,185.394287109375,486,62,96,16.0312195418814,112.0
R1/47_right_loop,R1,right_loop,Pore ground truth/Fingerprint Images/R1/47_right_loop.jpg,Pore ground truth/Ground truth/R1/47_right_loop.tsv,c9da45c753b8cf89cc73b9009c139af3d95b07287e69550635dba29e60999544,c5f2654dc4d5c72b11d9a7e8dd164b699fcfeb7b0c0568f3bb37ec629fd0dc3e,512,512,334,0,1,262144,1.0,127.410888671875,334,47,70,16.15549442140351,116.0
R1/47_whorl,R1,whorl,Pore ground truth/Fingerprint Images/R1/47_whorl.jpg,Pore ground truth/Ground truth/R1/47_whorl.tsv,8df0a22761600ee05ff7c2bd676405346db59d6918a07aa97ea9c2f45b5448e6,23b679912c5facc7bccbb9e27bad45451f210f5fc14fb4e1228c5d41123408bd,512,512,476,0,1,259875,0.9913444519042969,183.16498316498314,473,60,98,13.746957249092624,111.0
R1/48_right_loop,R1,right_loop,Pore ground truth/Fingerprint Images/R1/48_right_loop.jpg,Pore ground truth/Ground truth/R1/48_right_loop.tsv,08803ffe5cc4c5a84d3c820d7e93f868a592f469189ebe845896f26662b47ad6,d7d2ccf79d153ce7f2aef8912be64e0a7a7e9e0a72315bce6e982fe88ec0c7fa,512,512,391,0,0,262144,1.0,149.1546630859375,391,53,85,15.264337522473747,112.0
R1/48_whorl,R1,whorl,Pore ground truth/Fingerprint Images/R1/48_whorl.jpg,Pore ground truth/Ground truth/R1/48_whorl.tsv,70df2bd20d56b3fac03b44cd2ba129a6b69ee38d75aa3c6eaf3414cd1c9ef31f,77c0b27034a94682bdad0c72c8f90a7d5f812f6061ce561e35a615be98d1430e,512,512,335,0,0,256589,0.9788093566894531,130.5589873299323,330,40,64,16.278820596099706,130.0
R1/49_right_loop,R1,right_loop,Pore ground truth/Fingerprint Images/R1/49_right_loop.jpg,Pore ground truth/Ground truth/R1/49_right_loop.tsv,bd8a76cc9caa7ded03fa324b0b3ba3ec7c1883ed1f1668fcdd459fae6fdeb77c,727ae77816f9b87ef57fdd73b75b7c30cbe8825b9e1d0119e764bea25540c1d5,512,512,414,0,1,261903,0.9990806579589844,158.0737906782282,414,53,78,15.0,118.0
R1/49_whorl,R1,whorl,Pore ground truth/Fingerprint Images/R1/49_whorl.jpg,Pore ground truth/Ground truth/R1/49_whorl.tsv,2f2df0d913c3d8060d12c55bf270707c667703dc620498079a5643d391f4b841,4cdf1aa0ba880055d4cd8832b7dad698d86b248817f5beefad64b5ca395fbea8,512,512,328,0,0,256460,0.9783172607421875,127.89518833346331,323,39,63,16.278820596099706,133.0
R1/4_left_loop,R1,left_loop,Pore ground truth/Fingerprint Images/R1/4_left_loop.jpg,Pore ground truth/Ground truth/R1/4_left_loop.tsv,cb01dfa0341c6cf90e3c481a5a3565fa623e3f5f028a1734a641eaff98468be3,7b08170c5be26ff53035c7dc9af2a6974bac76e4cd0b1fe7057740b090d316fc,512,512,348,0,1,261259,0.9966239929199219,133.20115287894387,346,38,62,15.731932071670212,134.0
R1/4_plain_arch,R1,plain_arch,Pore ground truth/Fingerprint Images/R1/4_plain_arch.jpg,Pore ground truth/Ground truth/R1/4_plain_arch.tsv,2f6e5a4c0e4283661a4eaf6815e8c9d12fef407824a2099baa01eb20ae4d3df8,a16f8ffc867c9a9fdb3a0156eff01eb5d503b926a4c341000c372b5b7b9ca809,512,512,434,0,0,261401,0.9971656799316406,166.028439064885,434,54,84,16.76305461424021,134.0
R1/4_right_loop,R1,right_loop,Pore ground truth/Fingerprint Images/R1/4_right_loop.jpg,Pore ground truth/Ground truth/R1/4_right_loop.tsv,af3b0b2b89d88d73adbe52850b70476b0a26c6422249dd748fb25b944f2fd141,59fbf532c181ab28b67f3c9375c98956513976b5e39fe20bda39fac0ddcdd036,512,512,335,0,1,261926,0.9991683959960938,127.89871948565626,335,37,68,15.811388300841896,117.0
R1/4_whorl,R1,whorl,Pore ground truth/Fingerprint Images/R1/4_whorl.jpg,Pore ground truth/Ground truth/R1/4_whorl.tsv,61afb6386e9af7a04c7b73d3812ff91d69f9a8533cca87d267a84619cf6ea299,fc7819639c4531b9b221c7b2cf9e48f2432e6a4e094e32941e068dab45a52638,512,512,363,0,0,260341,0.9931221008300781,139.4325135111258,363,49,72,14.866068747318506,123.0
R1/50_right_loop,R1,right_loop,Pore ground truth/Fingerprint Images/R1/50_right_loop.jpg,Pore ground truth/Ground truth/R1/50_right_loop.tsv,dad208bdff83f27d4f1b663588fc3f9c10052e26535436d444368b38cb9ac4d5,2fcb0f11b619ef0f296d8a1876762edeeaf68be71206eebb06845278e9efa3e3,512,512,370,0,0,262144,1.0,141.143798828125,370,51,76,14.866068747318506,114.0
R1/50_whorl,R1,whorl,Pore ground truth/Fingerprint Images/R1/50_whorl.jpg,Pore ground truth/Ground truth/R1/50_whorl.tsv,c32f8667fdad5d6f6e439aaee639df27e68e2a00012ffc1ddcdd937a0478f0ef,52495a4943d43f661b96bd05ca99fed56ef4a41c6070e15e15e5315d82616645,512,512,350,0,1,260713,0.9945411682128906,134.24723738363642,350,44,72,16.401219466856727,117.0
R1/51_right_loop,R1,right_loop,Pore ground truth/Fingerprint Images/R1/51_right_loop.jpg,Pore ground truth/Ground truth/R1/51_right_loop.tsv,ac4738f463c5055c7fd5b484ea3d6a423e91ab6b544c186b0728432f8bba4534,57e3b8f3a4f772801f53226607d9a78cf16308b7732ef8a8c3791b0fc25b3e41,512,512,362,0,0,257078,0.9806747436523438,140.81329401971385,362,37,64,15.652475842498529,132.0
R1/51_whorl,R1,whorl,Pore ground truth/Fingerprint Images/R1/51_whorl.jpg,Pore ground truth/Ground truth/R1/51_whorl.tsv,b936630606cb8bd0ac5673811b96497e82b0bf2c33a1b93cf08a99aee0427906,1a0bc5276306fe5308eb356da77b305cc43c41846e632ec877ec8278cfe41653,512,512,343,0,0,258939,0.9877738952636719,132.463630430333,343,44,63,15.297058540778355,127.0
R1/52_right_loop,R1,right_loop,Pore ground truth/Fingerprint Images/R1/52_right_loop.jpg,Pore ground truth/Ground truth/R1/52_right_loop.tsv,bc822202a85eed7fc341b29195478b22e23facb872ec76dbb4aec54309c6f326,f482e9ae15687a9c2e6fcf434286ac81c366a2b26b93e0ce0fc816d4b2110cbe,512,512,399,0,1,262144,1.0,152.2064208984375,399,53,77,15.620499351813308,114.0
R1/52_whorl,R1,whorl,Pore ground truth/Fingerprint Images/R1/52_whorl.jpg,Pore ground truth/Ground truth/R1/52_whorl.tsv,045d819144d2acb4765d703e0297ea97e4595c5503e29f6749998b72fd2ea807,cd1fa54471dc1a2814b8e800a800c9323980d0b90b3745cc075eb6c728822497,512,512,455,0,0,261938,0.9992141723632812,173.70522795470686,455,56,85,15.132745950421556,138.0
R1/53_right_loop,R1,right_loop,Pore ground truth/Fingerprint Images/R1/53_right_loop.jpg,Pore ground truth/Ground truth/R1/53_right_loop.tsv,8f6a4325f3091d31de96c10f97a4abf68d4f0ff0e827c37b753c62601efcb885,b550abc7140aa7448fa4b64968833ff481097f02e19c4dfd1250e5c6f4202732,512,512,344,0,1,261938,0.9992141723632812,131.32878772839373,344,46,68,17.05869692828073,122.0
R1/53_whorl,R1,whorl,Pore ground truth/Fingerprint Images/R1/53_whorl.jpg,Pore ground truth/Ground truth/R1/53_whorl.tsv,48a3b23eb086cd02adb326faadf2d078a5434c8624f355e4b641a8750557d7fd,e26967d6cf8f555e4fd092f51536d70182964f522b4c5b099af198da835ab61e,512,512,433,0,0,261023,0.9957237243652344,165.88576485597054,433,57,78,15.132745950421556,143.0
R1/54_right_loop,R1,right_loop,Pore ground truth/Fingerprint Images/R1/54_right_loop.jpg,Pore ground truth/Ground truth/R1/54_right_loop.tsv,3140f16f4df7719b587851050259d19fb66521744cfe4a6a898a121be4e7236f,a80d9a0a0839b33bfc0601a8f3c35324c59674e404ae474a559f8843ef6a98b7,512,512,453,0,1,260381,0.9932746887207031,173.97582772936582,452,55,85,15.811388300841896,130.0
R1/54_whorl,R1,whorl,Pore ground truth/Fingerprint Images/R1/54_whorl.jpg,Pore ground truth/Ground truth/R1/54_whorl.tsv,8e91636623801898157c72fef901ba43d26399bf56b2aa6bc8b1991997f81645,8508399cdd66318ceaa119284591278a7c1b7729e79cc71975a884828dce5d61,512,512,452,0,0,259158,0.9886093139648438,174.41097708733668,448,58,89,16.34002003147822,129.0
R1/55_right_loop,R1,right_loop,Pore ground truth/Fingerprint Images/R1/55_right_loop.jpg,Pore ground truth/Ground truth/R1/55_right_loop.tsv,9d81e98422cea65578bdb7a9a0a08c97bbcf29229bc91eee967dcd99a4a4307c,95a379b6ce426bc8c5141463610f7b6095b16008035969b9dfee8fb8f6e62f10,512,512,338,0,0,261585,0.9978675842285156,129.2123019286274,338,49,70,16.522683929858744,124.0
R1/55_whorl,R1,whorl,Pore ground truth/Fingerprint Images/R1/55_whorl.jpg,Pore ground truth/Ground truth/R1/55_whorl.tsv,d07bbd35aa8b0a2891a846aa61551aac4b259acc1113598b8dc7313e3477d08a,705ffe6d01ec8192587e65a885044804f520228cf3771d9872d5663a44d40cf5,512,512,401,0,0,259435,0.9896659851074219,154.5666544606549,398,54,74,15.652475842498529,128.0
R1/56_right_loop,R1,right_loop,Pore ground truth/Fingerprint Images/R1/56_right_loop.jpg,Pore ground truth/Ground truth/R1/56_right_loop.tsv,c3811dd2d9f67577cc105476455e86ffde860d767d34ca4b68a05a5590bfd9d0,6de8622a5c021e589c61d14c09add2ebb3f17a75885ad9593e6871d355d97fdf,512,512,418,0,1,260914,0.9953079223632812,160.20604490368473,418,55,82,15.524174696260024,132.0
R1/56_whorl,R1,whorl,Pore ground truth/Fingerprint Images/R1/56_whorl.jpg,Pore ground truth/Ground truth/R1/56_whorl.tsv,01bb9ba7f479221b2d7f31098e00e57e1a6988e7f38b97d55f6673582cdee2a0,31e54b8259684ca9c9950fd154ac480a70e6d4b8ddce24b97763fda9abaaad64,512,512,382,0,0,262144,1.0,145.721435546875,382,47,67,16.278820596099706,117.0
R1/57_right_loop,R1,right_loop,Pore ground truth/Fingerprint Images/R1/57_right_loop.jpg,Pore ground truth/Ground truth/R1/57_right_loop.tsv,c7d38d974678d47eb0ea7a68bb1f262052e0775b1658e89d2d358276e67d9db3,b935520713f29b84d8b3510f854abb0e03518f03a29c09f008dc21a28ac90e6b,512,512,477,0,1,261829,0.9987983703613281,182.1799724247505,476,59,85,15.297058540778355,120.0
R1/57_whorl,R1,whorl,Pore ground truth/Fingerprint Images/R1/57_whorl.jpg,Pore ground truth/Ground truth/R1/57_whorl.tsv,336e1cd7f604ac1663cc7afb6aa5847a702b23fc666fbfbc4be90a06f5a50439,98dab51149340f60103141f7cbb3cd716d4f3f127e74b02cca0db013f1cc0fd2,512,512,436,0,0,261074,0.9959182739257812,167.00245907290653,436,49,77,14.7648230602334,131.0
R1/58_right_loop,R1,right_loop,Pore ground truth/Fingerprint Images/R1/58_right_loop.jpg,Pore ground truth/Ground truth/R1/58_right_loop.tsv,0723f144cfe032f61da9d0d5fa05d40a5de5ebedc1b9be362ab188d1b65f9aac,c1f23f14e32569b7d1fe9c82b937ac4cc29d2f4816302c7b612b1769671ed198,512,512,484,0,2,261580,0.9978485107421875,185.02943650126156,484,59,91,14.7648230602334,137.0
R1/58_whorl,R1,whorl,Pore ground truth/Fingerprint Images/R1/58_whorl.jpg,Pore ground truth/Ground truth/R1/58_whorl.tsv,7af890ebef1ae51a95eb96201e283f2be14aeafc8ccd605fab078b04ba556c45,6efdc150cf7fc8954b1107d36f78ffe461d3cd28b0969cad4e6c3969b3b79d6a,512,512,486,0,0,260042,0.9919815063476562,186.89288653371378,483,61,95,15.132421295050364,122.0
R1/59_right_loop,R1,right_loop,Pore ground truth/Fingerprint Images/R1/59_right_loop.jpg,Pore ground truth/Ground truth/R1/59_right_loop.tsv,92916e5ea47a7e0bdb46b92c6f80b21607bfd0a67d9b8d486b5148b2f4a830c2,ccb45dfb82cef10ec294601851d189a2a01cb85650151314ef6c79a4a05ef3aa,512,512,503,0,0,261162,0.9962539672851562,192.6007612133465,502,64,94,15.264337522473747,116.0
R1/59_whorl,R1,whorl,Pore ground truth/Fingerprint Images/R1/59_whorl.jpg,Pore ground truth/Ground truth/R1/59_whorl.tsv,f685c3e48c37f3fd82d3ca77e7230473338732817b77c81aeb7b9b007eec7d37,3fc2a3b3b99fc208ba2884c24271efdf180effaf027f400a04e812e19ba613cd,512,512,502,0,0,262144,1.0,191.497802734375,502,59,93,14.491212440208496,132.0
R1/5_left_loop,R1,left_loop,Pore ground truth/Fingerprint Images/R1/5_left_loop.jpg,Pore ground truth/Ground truth/R1/5_left_loop.tsv,34c5b40a7299aaf9f29b35062e9e0b26a81939eac5d6329158fa74b96129986c,00f5dad3847f84b0c32db37a7d2e0e3bae741b35c5d9c34ea0add2e03c7e6c52,512,512,463,0,1,262144,1.0,176.6204833984375,463,60,76,15.231546211727817,106.0
R1/5_plain_arch,R1,plain_arch,Pore ground truth/Fingerprint Images/R1/5_plain_arch.jpg,Pore ground truth/Ground truth/R1/5_plain_arch.tsv,d0addf3510fa8c29f37ac0ab8a6ec401c3cad21dea99a0ccc564c7b6b33c92e2,d234e3621a9bd8829075458c8f26a4c678350226712a3d71c34ccb2c01f5cef6,512,512,455,0,0,262144,1.0,173.5687255859375,455,56,85,16.1245154965971,132.0
R1/5_right_loop,R1,right_loop,Pore ground truth/Fingerprint Images/R1/5_right_loop.jpg,Pore ground truth/Ground truth/R1/5_right_loop.tsv,3480cee8436c9daa9eddef800c4bebc0e3706553c80a08b4b1fdd7ee2a60c103,8adb4d58e759482a10f304576300a90519d3f2bdff6d4311500de8cf09515545,512,512,459,0,1,261021,0.9957160949707031,175.84792028227614,458,62,96,15.524174696260024,112.0
R1/5_whorl,R1,whorl,Pore ground truth/Fingerprint Images/R1/5_whorl.jpg,Pore ground truth/Ground truth/R1/5_whorl.tsv,ccf8190b8920cc6457babd7167d5d822dca1ee09dc212de910a584d13304e673,ba9f5a27e277b9cb9af34b446f5784b853b3201f1403623b5424510af90b8077,512,512,440,0,0,262144,1.0,167.8466796875,440,48,79,15.811388300841896,112.0
R1/60_right_loop,R1,right_loop,Pore ground truth/Fingerprint Images/R1/60_right_loop.jpg,Pore ground truth/Ground truth/R1/60_right_loop.tsv,0cb7fd669c7c7be7e5f0554b35eeed46a4713534e207a08ec99891368924b17b,8e4c704263c2b85ee206cf26ceacb7655e362f437a6a51445f191f8183cf6b6f,512,512,342,0,1,261077,0.9959297180175781,130.99583647736108,342,42,64,16.598131167170045,126.0
R1/60_whorl,R1,whorl,Pore ground truth/Fingerprint Images/R1/60_whorl.jpg,Pore ground truth/Ground truth/R1/60_whorl.tsv,48e4ab375678350fb6421519930b6fb3366f1822d4a2face4b87c32313c4ba90,4b2c936a176a76a2d8200afb9982005871f5fc21e53043286ac3eb901ebba336,512,512,485,0,1,262144,1.0,185.0128173828125,485,63,87,15.811388300841896,108.0
R1/61_right_loop,R1,right_loop,Pore ground truth/Fingerprint Images/R1/61_right_loop.jpg,Pore ground truth/Ground truth/R1/61_right_loop.tsv,9dc5c09a212355f6641ac07d9be48d749f871d65a9183a167d5b7a53f40060eb,2d7b4fabef823be632e67f48c8958540b25ae00d20f3ad9af677876d67d6a92e,512,512,482,0,0,262144,1.0,183.868408203125,482,72,102,15.016648189186455,109.0
R1/62_right_loop,R1,right_loop,Pore ground truth/Fingerprint Images/R1/62_right_loop.jpg,Pore ground truth/Ground truth/R1/62_right_loop.tsv,ab94779014c0a26e805a34dc3a8a0355a803c57537928f8d5557b2322830575e,db356c2ceb68dbe5d1ac3becdf934b35dd93a9adeb6934306b245ca624c39192,512,512,398,0,0,261233,0.9965248107910156,152.3544115789353,397,47,71,13.601470508735444,123.0
R1/63_right_loop,R1,right_loop,Pore ground truth/Fingerprint Images/R1/63_right_loop.jpg,Pore ground truth/Ground truth/R1/63_right_loop.tsv,f06aca8f63f91891ba965d35d638916fa2196a18066947286ac5cc5160581949,317957e183c6643d26cc49bb04dbc34f37c7e21b940d355f2aa4abe2f0a0c099,512,512,424,0,0,254489,0.9707984924316406,166.60837992997733,414,47,69,15.264337522473747,127.0
R1/64_right_loop,R1,right_loop,Pore ground truth/Fingerprint Images/R1/64_right_loop.jpg,Pore ground truth/Ground truth/R1/64_right_loop.tsv,dba112dd73e5db032b7a6e2ad6ad37367be984d73eb656109eb2306fe64ee0f9,4b3e3ed08d2c4ae04ccb565765f9de7c77324d304509e610d6d12d87f2c72fbb,512,512,340,0,0,259850,0.9912490844726562,130.84471810659997,339,44,64,17.0292851195561,118.0
R1/65_right_loop,R1,right_loop,Pore ground truth/Fingerprint Images/R1/65_right_loop.jpg,Pore ground truth/Ground truth/R1/65_right_loop.tsv,d63d5684e39b12afd8ebf2bfec33f3013391f15f72bda03cc241e7f3506a3271,81d5d9e588aef8f76d6aa114a8f2804e36b0b210d8475a6eeed65fefbf19a6d2,512,512,474,0,0,262144,1.0,180.816650390625,474,63,93,14.7648230602334,110.0
R1/66_right_loop,R1,right_loop,Pore ground truth/Fingerprint Images/R1/66_right_loop.jpg,Pore ground truth/Ground truth/R1/66_right_loop.tsv,60aac2a7ed114f92732115ecdde30112f254ab362533ae2ccf7a4df373d8e332,185d1012e22357becd622da358d8d5be4258e00d7a85e167395225e50ac390eb,512,512,454,0,0,262144,1.0,173.187255859375,454,46,83,16.262867481726914,109.0
R1/67_right_loop,R1,right_loop,Pore ground truth/Fingerprint Images/R1/67_right_loop.jpg,Pore ground truth/Ground truth/R1/67_right_loop.tsv,b2c0c804529869c82a13b5a4d6111c591dccb9fb70d377637a30202263b88afc,b70d4187ed7b09de2519ca25e293d7583afb8f0a093065d1dd9f4f7971088489,512,512,360,0,1,256946,0.9801712036132812,140.10725989118336,350,45,70,15.132421295050364,118.0
R1/68_right_loop,R1,right_loop,Pore ground truth/Fingerprint Images/R1/68_right_loop.jpg,Pore ground truth/Ground truth/R1/68_right_loop.tsv,cb9cac651efbfa8fae0654783e7673936a02f031c210b38728b3a0551273afe5,88097c46893d0a664d2c0ff1ba68ff12c7bce9b3cbc8755b06a38f40c295ca20,512,512,403,0,1,261194,0.9963760375976562,154.2914462047367,403,53,81,15.524174696260024,122.0
R1/69_right_loop,R1,right_loop,Pore ground truth/Fingerprint Images/R1/69_right_loop.jpg,Pore ground truth/Ground truth/R1/69_right_loop.tsv,7986f064652b33459ce4c66136202eb24b605c0be9086c132eac045cd7ce47e9,30fd5f6f5bf7e14e3940848064874f2d2e5e41ac67cc0a6f34c7b7f98b0ef7a1,512,512,333,0,0,262144,1.0,127.0294189453125,333,39,57,15.620499351813308,115.0
R1/6_plain_arch,R1,plain_arch,Pore ground truth/Fingerprint Images/R1/6_plain_arch.jpg,Pore ground truth/Ground truth/R1/6_plain_arch.tsv,41975426c0fb4df4ae1df944253dc345c05ca27c77459e447234f0cce08236b5,e3d2d2e8a20478c080b5cab43d46b28bd4c54a5866f42bffdf2f29e9610c2ec5,512,512,323,0,0,260199,0.9925804138183594,124.13575763165885,323,42,61,17.029386365926403,126.0
R1/6_right_loop,R1,right_loop,Pore ground truth/Fingerprint Images/R1/6_right_loop.jpg,Pore ground truth/Ground truth/R1/6_right_loop.tsv,c6bb2e214ab988ada602558bf8dc7c66c438d9c436188ffaeb0aa67f5fc5793e,c5da6a2ab2e816dc36316cb17fc6beebf25f2317d8852ce1aa635e510e491222,512,512,409,0,1,262144,1.0,156.0211181640625,409,43,77,15.652475842498529,113.0
R1/6_whorl,R1,whorl,Pore ground truth/Fingerprint Images/R1/6_whorl.jpg,Pore ground truth/Ground truth/R1/6_whorl.tsv,7bb4451e3e14e1c382a8bd042d5bdfea91814ac0aeb10bb34043d4fb2f376213,08374a49cd6cb8bdef2a0b0fa86a56f29c2f3aec62aa3c173ff4971aa0af31ab,512,512,339,0,1,259432,0.989654541015625,130.67007925005396,339,39,61,16.0,129.0
R1/70_right_loop,R1,right_loop,Pore ground truth/Fingerprint Images/R1/70_right_loop.jpg,Pore ground truth/Ground truth/R1/70_right_loop.tsv,208a6b13bde134982d9efd90383aff74e56bf9eb10f179297fdda7a977089210,e564631c7b43dede4ec2e13d072acb377eb23b50057e19975d44953beca9f758,512,512,519,0,0,262144,1.0,197.9827880859375,519,68,97,14.422205101855956,109.0
R1/71_right_loop,R1,right_loop,Pore ground truth/Fingerprint Images/R1/71_right_loop.jpg,Pore ground truth/Ground truth/R1/71_right_loop.tsv,1a629d9f74bd0db89785e2148050240864592c88aff05e8e12a44ac914bf4da4,cbde92efaf264273eca2069c060fdc41be67a2f9151a7ba7ccfb68e5af4f8437,512,512,431,0,0,262144,1.0,164.4134521484375,431,61,82,14.7648230602334,140.0
R1/72_right_loop,R1,right_loop,Pore ground truth/Fingerprint Images/R1/72_right_loop.jpg,Pore ground truth/Ground truth/R1/72_right_loop.tsv,4c9f89895978f2746de58d4f089ce10d2f31a1d12e202b11444a67f44ae4d101,ec5d596fc3a0ea4b13ca2cdfbcad6d4a4dc559e7753ab38b5c5b83bac0a63250,512,512,372,0,1,262144,1.0,141.90673828125,372,48,68,15.811388300841896,115.0
R1/73_right_loop,R1,right_loop,Pore ground truth/Fingerprint Images/R1/73_right_loop.jpg,Pore ground truth/Ground truth/R1/73_right_loop.tsv,df7f5f3c504273645cbfa34952f4be401ed2b32e09e310000050f0a76e473d92,663838cfe0a9da87e2fdbd9e90d2b314029cf318558edb667afc74ca23d0c58e,512,512,353,0,0,262144,1.0,134.6588134765625,353,45,70,16.1245154965971,115.0
R1/74_right_loop,R1,right_loop,Pore ground truth/Fingerprint Images/R1/74_right_loop.jpg,Pore ground truth/Ground truth/R1/74_right_loop.tsv,576b0d267deb132966a60703ada5d0bad3cba5b88eba012d371a344e7b2638fd,0a0ac4e4a3133d5f04ba7b32a91f32c51efd110ce48d1efb098f67e31d46edc1,512,512,503,0,0,262144,1.0,191.8792724609375,503,63,99,14.7648230602334,111.0
R1/7_right_loop,R1,right_loop,Pore ground truth/Fingerprint Images/R1/7_right_loop.jpg,Pore ground truth/Ground truth/R1/7_right_loop.tsv,105b26a48a8425a3dbd2304b35411700a56919badbc684f0e2ba4fe4d49b205c,e435b133ac494da8b78382779eaa2d194e87d48f0d3401a795c5d6ba4dcc569e,512,512,482,0,0,262144,1.0,183.868408203125,482,62,91,15.231546211727817,110.0
R1/7_whorl,R1,whorl,Pore ground truth/Fingerprint Images/R1/7_whorl.jpg,Pore ground truth/Ground truth/R1/7_whorl.tsv,13f37f9854375a1a30710964270d1e59fb89380c95dac748f3883cc1914d234b,ba86c8a3f30a1408b4300a7342b3f0b26e6d094c4827bb740a9e076ab8d69ae3,512,512,405,0,0,258435,0.9858512878417969,156.71251958906495,403,48,77,16.55294535724685,147.0
R1/8_right_loop,R1,right_loop,Pore ground truth/Fingerprint Images/R1/8_right_loop.jpg,Pore ground truth/Ground truth/R1/8_right_loop.tsv,d0550c632802ea914379e30dfa237789deb08ff77d57f7ba41be149e89e23e00,6548c6dae645301fa4498b8f2ee087775e871a3d6ae1a1b656faf94b8b19ceef,512,512,326,0,1,261267,0.9966545104980469,124.77656956293754,326,40,64,17.0,118.0
R1/8_whorl,R1,whorl,Pore ground truth/Fingerprint Images/R1/8_whorl.jpg,Pore ground truth/Ground truth/R1/8_whorl.tsv,eab8bbfc9cfb4f277271b40709f63bb8db881871a3447a1c2e59f6637877fae6,c0e7bde2112f604b6bddd503724c1de65ecf550489aef04d5278f5c2c8590bbe,512,512,495,0,1,262144,1.0,188.8275146484375,495,61,90,15.132745950421556,108.0
R1/9_right_loop,R1,right_loop,Pore ground truth/Fingerprint Images/R1/9_right_loop.jpg,Pore ground truth/Ground truth/R1/9_right_loop.tsv,fb82e9d766ace7a0ff7082fa9c7c6301ac2d7944b8642b2f6634e597aa152fe5,862d81a3c8277fbf8067548b9e0551dfb97628a362436c78726b7361b6c0f4a2,512,512,415,0,0,262144,1.0,158.3099365234375,415,56,77,14.560219778561036,114.0
R1/9_whorl,R1,whorl,Pore ground truth/Fingerprint Images/R1/9_whorl.jpg,Pore ground truth/Ground truth/R1/9_whorl.tsv,cec0876fd06fe4b0687242a145026f5f018fb92ac1196f7010c3466f6dc9a8fc,feedf1007b29b43212a913b878a68a095747feb2092d7077a34808d899fd432b,512,512,380,0,0,259331,0.9892692565917969,146.53088138325154,378,54,74,16.1245154965971,128.0
R2/10_right_loop,R2,right_loop,Pore ground truth/Fingerprint Images/R2/10_right_loop.jpg,Pore ground truth/Ground truth/R2/10_right_loop.tsv,27f21cde65294a8dd9cdd74269772b8a58d7552bf06ddbd95dbf3cf765d83648,b41d254380e71fa5019e34b6a589540d3a133d3b2e35f09de74188c923242c7a,512,512,471,0,0,262144,1.0,179.6722412109375,471,64,99,15.0,120.0
R2/10_whorl,R2,whorl,Pore ground truth/Fingerprint Images/R2/10_whorl.jpg,Pore ground truth/Ground truth/R2/10_whorl.tsv,2172d9bb4e4ae8988fe0bd1cad4e1845a333f35029adfa114674abc23035d496,5a466ac74d3cdec43926a7060caaf751faa757059ee2aee78ba40b5c709453cd,512,512,510,0,0,250660,0.9561920166015625,203.4628580547355,495,55,86,15.132745950421556,113.0
R2/11_right_loop,R2,right_loop,Pore ground truth/Fingerprint Images/R2/11_right_loop.jpg,Pore ground truth/Ground truth/R2/11_right_loop.tsv,0df20bcb1bac03630d339b7a8880a0296917c6f204997a0b0c35de319f2f2ae7,3d372dc00c640b77f57d151555728fbadce9344cdadc9a20c2c01736a60d40ee,512,512,418,0,1,261474,0.9974441528320312,159.86293092238617,418,55,79,16.34002003147822,124.0
R2/11_whorl,R2,whorl,Pore ground truth/Fingerprint Images/R2/11_whorl.jpg,Pore ground truth/Ground truth/R2/11_whorl.tsv,c04ebd9f2019764c88fdfe6a760143a5169dc6118677a9415c7746f2c58a8061,1419914e4a8282af77425bf11a4659a89947914bdf351da1166ac87ec0fa7600,512,512,357,0,1,262144,1.0,136.1846923828125,357,45,69,17.0,115.0
R2/12_right_loop,R2,right_loop,Pore ground truth/Fingerprint Images/R2/12_right_loop.jpg,Pore ground truth/Ground truth/R2/12_right_loop.tsv,37fc674a545a0663f68402ebfab373548e025eafd96fd98696a25baf6a6fc362,bf4704932c16dec0a7b87a5b7918b9650688a764125213e9c91db2cdd145bc5f,512,512,384,0,0,262144,1.0,146.484375,384,50,79,16.34002003147822,113.0
R2/12_whorl,R2,whorl,Pore ground truth/Fingerprint Images/R2/12_whorl.jpg,Pore ground truth/Ground truth/R2/12_whorl.tsv,716699617ffc11b295b0a7c440aee6b99ba132fa3691f5920293da42a1bfaf87,9fcc5603db34f72f9148120a442c698aada0ccb8da9ad8f79505982a37c058e3,512,512,361,0,0,261757,0.9985237121582031,137.91417230484763,361,50,76,15.033296378372908,114.0
R2/13_right_loop,R2,right_loop,Pore ground truth/Fingerprint Images/R2/13_right_loop.jpg,Pore ground truth/Ground truth/R2/13_right_loop.tsv,901c21e70328fb7048e47aebd4dce23f6abde596eead44d527d5bb46d0d91553,38438aca6d085928c0461da59fc190b20fddf9e9a4e655c362746bd5c1749650,512,512,403,0,0,262144,1.0,153.7322998046875,403,59,78,16.15549442140351,115.0
R2/13_whorl,R2,whorl,Pore ground truth/Fingerprint Images/R2/13_whorl.jpg,Pore ground truth/Ground truth/R2/13_whorl.tsv,f044464bcf652bda49a5614ceef1007dab4bb00d3b47559142dc58455de5333f,dcd454340ae809373b1e43e1a9e6130c3e67c3e0d4598f81be6c55c8440aa917,512,512,363,0,0,260767,0.9947471618652344,139.2047306599378,363,37,70,16.1245154965971,134.0
R2/14_right_loop,R2,right_loop,Pore ground truth/Fingerprint Images/R2/14_right_loop.jpg,Pore ground truth/Ground truth/R2/14_right_loop.tsv,d97a4ca8170e14ef67b95e6dbf47d9da4335068319d7fbb2f4dde082938686ac,018126a6d29987c1e84c03cf12b075dd1e92914bca2e2912aedff60f44851511,512,512,518,0,2,262144,1.0,197.601318359375,518,64,102,14.317821063276353,112.0
R2/14_whorl,R2,whorl,Pore ground truth/Fingerprint Images/R2/14_whorl.jpg,Pore ground truth/Ground truth/R2/14_whorl.tsv,aee87d846fabdfc506ce0419d9ae1cdbb47c0d4d3e4aef7f43c8d68db2afde6b,3d28fe65c6a8b06308b03a5c8e7062b3deee8dc95d4ff1e3cde3435f564cfda9,512,512,528,0,0,261084,0.9959564208984375,202.23376384611848,528,56,90,15.297058540778355,108.0
R2/15_right_loop,R2,right_loop,Pore ground truth/Fingerprint Images/R2/15_right_loop.jpg,Pore ground truth/Ground truth/R2/15_right_loop.tsv,96321e5cc43ad63656005163f3a176d9b441b741d69f61ba3558c1a814171afb,cf3fac095674a0e8483d096a625951b4de6b8962a3396879df0a67c5bc227729,512,512,336,0,0,262144,1.0,128.173828125,336,34,61,15.731932071670212,117.0
R2/15_whorl,R2,whorl,Pore ground truth/Fingerprint Images/R2/15_whorl.jpg,Pore ground truth/Ground truth/R2/15_whorl.tsv,2fcadc31a0be10e420815af5312ace9c7728bb6d0d2abef9871fa63e1819a687,591c319304cfb98f66f1be4ac91cfc5699f66f328485aa90a90dae78a79537f7,512,512,400,0,1,261903,0.9990806579589844,152.72830017220116,400,47,76,16.0312195418814,115.0
R2/16_right_loop,R2,right_loop,Pore ground truth/Fingerprint Images/R2/16_right_loop.jpg,Pore ground truth/Ground truth/R2/16_right_loop.tsv,6e1e39dfbdbae89975700f15d412e54e715abb2f971082dbda1e8453256b9fd1,c94a39f00ad294ac9fec37f537a699915e258f1b194bf7f27e80bd61d3de161a,512,512,439,0,0,261792,0.9986572265625,167.69038014912604,439,60,82,15.556349186104045,118.0
R2/16_whorl,R2,whorl,Pore ground truth/Fingerprint Images/R2/16_whorl.jpg,Pore ground truth/Ground truth/R2/16_whorl.tsv,5fbd6025c84f99a3a31d162cbee72fdf7538bcd1b5c2f4131fdcbbbb5174a634,0ba3150f8075a29c8169ea86b232b2637c3424f2f941fe5453722c6a66165f2c,512,512,467,0,1,252078,0.9616012573242188,185.26011790001508,456,52,84,14.142135623730951,117.0
R2/17_right_loop,R2,right_loop,Pore ground truth/Fingerprint Images/R2/17_right_loop.jpg,Pore ground truth/Ground truth/R2/17_right_loop.tsv,a924e14d354d66a60ef6d57931739fe88b061adbf2b39ff2696265b004a28cde,da0b81abbba110da7afbac2b1bc13a90f33a9e3cc74e1f97884f368a723ffb55,512,512,362,0,0,259961,0.9916725158691406,139.25165697931612,362,46,65,16.278820596099706,128.0
R2/17_whorl,R2,whorl,Pore ground truth/Fingerprint Images/R2/17_whorl.jpg,Pore ground truth/Ground truth/R2/17_whorl.tsv,dd78c7377b867a5a17c231e1b2d08b53d91696b00ebbb327550a93ee36f42551,ad76043fc770556620eae2d6e01b7cf713429fe47ed7950dfff31efdaaabb855,512,512,479,0,1,262144,1.0,182.7239990234375,479,66,95,15.620499351813308,108.0
R2/18_right_loop,R2,right_loop,Pore ground truth/Fingerprint Images/R2/18_right_loop.jpg,Pore ground truth/Ground truth/R2/18_right_loop.tsv,71813b0828c26b712a2489e8626bce554c5ddf57cbb98bf0b24b890a91ee8cb3,cb9703edd6ff63885f3ece95eb577f606128bbd045c22c1b7ba18710dc9fe715,512,512,466,0,0,261273,0.9966773986816406,178.35750345424137,466,60,88,15.652475842498529,129.0
R2/18_whorl,R2,whorl,Pore ground truth/Fingerprint Images/R2/18_whorl.jpg,Pore ground truth/Ground truth/R2/18_whorl.tsv,efad236ebf2cde2571de2d1b355ba1830ddba714ab6d912c2678b5932a4759a7,c14cf0f36a8ed60bb2db8213d3d02733640dc81ecaf659d3509db620be88b6cf,512,512,537,0,0,259139,0.9885368347167969,207.22469408309829,530,60,97,15.524174696260024,127.0
R2/19_right_loop,R2,right_loop,Pore ground truth/Fingerprint Images/R2/19_right_loop.jpg,Pore ground truth/Ground truth/R2/19_right_loop.tsv,8419300bb888316ee9db1f3a59a914ff2ec8fca55d1dc0c96354f7905b0da523,2da71543878fca30a5ca42c7bdac38100a6e48cf01fe2b6ef2117421ab0b0d9f,512,512,344,0,0,261930,0.9991836547851562,131.33279883938457,344,35,55,14.866068747318506,120.0
R2/19_whorl,R2,whorl,Pore ground truth/Fingerprint Images/R2/19_whorl.jpg,Pore ground truth/Ground truth/R2/19_whorl.tsv,8579974a42121cfd3ee1e80da4223ba3dda65662d191e7f771614c6bcd28df75,383479d67bc2ed46089d730686751b1afebea85ff8437038e2e7b8591252ddda,512,512,339,0,0,259386,0.9894790649414062,130.69325252712173,339,41,63,16.1245154965971,133.0
R2/1_left_loop,R2,left_loop,Pore ground truth/Fingerprint Images/R2/1_left_loop.jpg,Pore ground truth/Ground truth/R2/1_left_loop.tsv,9d0bbd92f10c7e98bf7399707bc039664df148cba9aa1d251d15d3b7fc3ccd71,9858cc2a86c35463b1fbac2dbba0a124e03ff1dc63940aa619dbfb55e5362013,512,512,450,0,0,262144,1.0,171.661376953125,450,59,79,16.140004959000304,114.0
R2/1_plain_arch,R2,plain_arch,Pore ground truth/Fingerprint Images/R2/1_plain_arch.jpg,Pore ground truth/Ground truth/R2/1_plain_arch.tsv,2a6cbc2599a7facc932325ad6f91b878e28889c6d62f0bfd209381fee8fd2287,5c02babcb37b11265bed79eecff8c62576c97c679338c2f04874fc2c92482c45,512,512,462,0,0,262144,1.0,176.239013671875,462,52,87,17.029386365926403,134.0
R2/1_right_loop,R2,right_loop,Pore ground truth/Fingerprint Images/R2/1_right_loop.jpg,Pore ground truth/Ground truth/R2/1_right_loop.tsv,b5e0ff8abea767c3a06a54ff835b9345b8c99343c129ad577b730217f7361616,0e185aa958c10968bed8bc3b789bf178ca42ec8468ed5ccc5d9dc01fa3db1f22,512,512,375,0,1,259486,0.9898605346679688,144.51646716971243,372,50,73,15.264337522473747,116.0
R2/1_tented_arch,R2,tented_arch,Pore ground truth/Fingerprint Images/R2/1_tented_arch.jpg,Pore ground truth/Ground truth/R2/1_tented_arch.tsv,922e388f63895c3df114e2b72839473cbb508edece0c13cef2501981af67b5f9,a10351863c7e33f60b2eb048f2c3b84959f6b670c8a47b738a02e01789bf0cbb,512,512,435,0,0,262144,1.0,165.9393310546875,435,56,84,14.7648230602334,110.0
R2/1_whorl,R2,whorl,Pore ground truth/Fingerprint Images/R2/1_whorl.jpg,Pore ground truth/Ground truth/R2/1_whorl.tsv,6e061e6be038efc44a44876f92a37d33e5ea900c144c82148e4621acc797d031,e692cb8a798cd12869c40351f0da136e01d4e0e3e69807757f69a493d4e91d2f,512,512,498,0,0,261131,0.9961357116699219,190.70887791951165,496,62,102,15.297058540778355,115.0
R2/20_right_loop,R2,right_loop,Pore ground truth/Fingerprint Images/R2/20_right_loop.jpg,Pore ground truth/Ground truth/R2/20_right_loop.tsv,68d9abc760aa05d3357879ed6e3710ec0401fbf4898cbe76062e5a8db2e1c774,edf6d3e2aaf1dcf1163c70d0dff449b7eb4263d36aa340a0b689856eb4ecf8da,512,512,493,0,1,262144,1.0,188.0645751953125,493,65,101,15.0,118.0
R2/20_whorl,R2,whorl,Pore ground truth/Fingerprint Images/R2/20_whorl.jpg,Pore ground truth/Ground truth/R2/20_whorl.tsv,ece9f40c305e8a030482ffe2bffc1a025028ae5c22c3bbb1f6c05f97cc697e81,eb3d6611d20b8a4f326a93d0d77de1651f08af71665a3623eedd8fca17bcba1b,512,512,321,0,0,262011,0.9994926452636719,122.5139402544168,321,36,60,16.0,119.0
R2/21_right_loop,R2,right_loop,Pore ground truth/Fingerprint Images/R2/21_right_loop.jpg,Pore ground truth/Ground truth/R2/21_right_loop.tsv,0994ec9f3fe41565663003a0ccb40995c94770f32a45731173a16f4d11293df2,c2d853d60431f7ff58fc0ab4def809df44d72a4d3bdfb2e2628b87ea455f7f64,512,512,462,0,0,262144,1.0,176.239013671875,462,54,86,16.34002003147822,111.0
R2/21_whorl,R2,whorl,Pore ground truth/Fingerprint Images/R2/21_whorl.jpg,Pore ground truth/Ground truth/R2/21_whorl.tsv,37b45793ad2e3365b844b09c945d5bf73086efc455b49bddda5f53fe05ba28d0,1fcfbbde39d2b469979c1673a26c965fcd7dc1181184c2726ced087729a7ed69,512,512,472,0,1,259601,0.9902992248535156,181.81748144267547,470,64,92,16.64331697709324,138.0
R2/22_right_loop,R2,right_loop,Pore ground truth/Fingerprint Images/R2/22_right_loop.jpg,Pore ground truth/Ground truth/R2/22_right_loop.tsv,aef263d5cfee1870c1e71bf7745b3c8e8d79e05b5ec4b2d282ba92742bb99fba,c973bef3f289819f50d804a30561dd810a3dcdae186cf54681b2e4aa9d2714f7,512,512,411,0,0,262144,1.0,156.7840576171875,411,58,81,15.811388300841896,130.0
R2/22_whorl,R2,whorl,Pore ground truth/Fingerprint Images/R2/22_whorl.jpg,Pore ground truth/Ground truth/R2/22_whorl.tsv,30490247e27ff140545276282b33c276cee68e4524168520380ceb490f7290d3,bb953a851ae5d9258305332059302f2550cacaa2fe0b64f48667bdc243d9e2b2,512,512,442,0,0,260048,0.99200439453125,169.96862117762873,442,47,75,14.933034373659254,120.0
R2/23_right_loop,R2,right_loop,Pore ground truth/Fingerprint Images/R2/23_right_loop.jpg,Pore ground truth/Ground truth/R2/23_right_loop.tsv,fe5461527c3bc911ecdea9c17d44bbd033f278ba2e56d211eeaf5d36a24e0310,79a2fa400a91ec03c74f54d424b20aa4739f056e643e8548ee6ce0fc195032b5,512,512,397,0,0,262144,1.0,151.4434814453125,397,64,89,17.204650534085253,117.0
R2/23_whorl,R2,whorl,Pore ground truth/Fingerprint Images/R2/23_whorl.jpg,Pore ground truth/Ground truth/R2/23_whorl.tsv,ada7ba2a8a3a0193bcc628e95b0595be75b5004f1c92c9d0f0a7fc70885188f5,799c5b08fa4b3955e5cf177da55bb35eec9f949c9a3aa785cdb8058b2e694ce5,512,512,454,0,0,262144,1.0,173.187255859375,454,55,85,16.492422502470642,107.0
R2/24_right_loop,R2,right_loop,Pore ground truth/Fingerprint Images/R2/24_right_loop.jpg,Pore ground truth/Ground truth/R2/24_right_loop.tsv,93189c2abe9043ef8310a94dbb8c5c0bea0f33182d78f23a8b6e1b45040c022d,4e7927fcda0701fbad95ffd39f4d310856a407f305917929d92dd08a6e7f0ce5,512,512,377,0,0,262144,1.0,143.8140869140625,377,42,73,15.652475842498529,112.0
R2/24_whorl,R2,whorl,Pore ground truth/Fingerprint Images/R2/24_whorl.jpg,Pore ground truth/Ground truth/R2/24_whorl.tsv,cbb2afed40027e7f8ff9f72390d0f05e8be072c3f742cc8e2ade5cc00702ec71,f82b64f6eca45d4f2eb8f191ed9ec91ddb48a4cae1b4509f3168a7ad0504240f,512,512,476,0,0,260988,0.9955902099609375,182.3838643922326,476,39,75,14.560219778561036,134.0
R2/25_right_loop,R2,right_loop,Pore ground truth/Fingerprint Images/R2/25_right_loop.jpg,Pore ground truth/Ground truth/R2/25_right_loop.tsv,85c6df0d0675d8e1e03e98b0af616fe0d26d1c007698cccd8a1d588bdd3a71ee,4a9a7b9f8de771fe843cd0f7c578ff24ff6b3c9c18ca34d3b525cee29f4a8563,512,512,380,0,0,262144,1.0,144.95849609375,380,43,67,16.492422502470642,115.0
R2/25_whorl,R2,whorl,Pore ground truth/Fingerprint Images/R2/25_whorl.jpg,Pore ground truth/Ground truth/R2/25_whorl.tsv,d47c7c10c814a6cf2ed50808cebdeb882993bab4a4fe06b9ff00043f09a031cd,7e452c81fe9441228c3accffd39596f23007313ffd7992504930185c5d440b2d,512,512,314,0,0,260140,0.9923553466796875,120.7042361805182,314,37,61,16.821658488546618,128.0
R2/26_right_loop,R2,right_loop,Pore ground truth/Fingerprint Images/R2/26_right_loop.jpg,Pore ground truth/Ground truth/R2/26_right_loop.tsv,1456c98011fe67cc4336706628367f8e010c51962b3a36115f2d184eb057ff5e,9449737576ec681918360a94609c119bda07ebc2841b6f90ce00c0876538196a,512,512,419,0,1,262144,1.0,159.8358154296875,419,55,83,16.0312195418814,114.0
R2/26_whorl,R2,whorl,Pore ground truth/Fingerprint Images/R2/26_whorl.jpg,Pore ground truth/Ground truth/R2/26_whorl.tsv,8e6e224c0b0c257b67698d4687d60ebe5d465180760c10dc89a955936a51b2ca,3bbfa3111f5f4a60215f5cad31fccee0f17b53a431d1035ce4060f0791a493b7,512,512,521,0,0,262144,1.0,198.7457275390625,521,63,98,14.422205101855956,107.0
R2/27_right_loop,R2,right_loop,Pore ground truth/Fingerprint Images/R2/27_right_loop.jpg,Pore ground truth/Ground truth/R2/27_right_loop.tsv,e9fcf6ccf91d673e5c5a4ba6855c0a57a01768ae73a8c2c4ff26a8eee446e20f,b9a37a90952aa1bb7e0f73495e401cebad6a63ab08419fccb56feeb458e0f3b7,512,512,339,0,0,262144,1.0,129.3182373046875,339,37,66,16.15549442140351,115.0
R2/27_whorl,R2,whorl,Pore ground truth/Fingerprint Images/R2/27_whorl.jpg,Pore ground truth/Ground truth/R2/27_whorl.tsv,67818b2e7a0df37a669c159914e7be1be8da286fbcd35920ae8fd469c90636fa,b05e378e0d64ea65c976743d2c0dba1f9c903124a8e07a360f35bec969ab9833,512,512,348,0,1,259628,0.9904022216796875,134.037931193862,348,44,66,15.811388300841896,127.0
R2/28_right_loop,R2,right_loop,Pore ground truth/Fingerprint Images/R2/28_right_loop.jpg,Pore ground truth/Ground truth/R2/28_right_loop.tsv,7122a4aaafc3a064a21d28a4ecf6e9540458184ee42e5aab9e653579eb91a127,f8939d26d39ff5f0d843bed02fe710892258b37fb4d248dc5ee20ab24c2578cb,512,512,490,0,0,261122,0.9961013793945312,187.65174899089314,489,56,85,16.278820596099706,113.0
R2/28_whorl,R2,whorl,Pore ground truth/Fingerprint Images/R2/28_whorl.jpg,Pore ground truth/Ground truth/R2/28_whorl.tsv,97412b659ad5caf2d8ea0b0f89d9f0ba92e7b560caf8810ef823aaaa483a8585,9d9611f426293f72e90ad797769c211dcff6470d78f0376644f9928f768dc018,512,512,380,0,1,261491,0.9975090026855469,145.32048904168786,380,53,67,15.620499351813308,116.0
R2/29_right_loop,R2,right_loop,Pore ground truth/Fingerprint Images/R2/29_right_loop.jpg,Pore ground truth/Ground truth/R2/29_right_loop.tsv,c553badd38218c395482f78e6d3321b3b9018650a27bba859b03c248b6274361,677aacc616bf2968a9586df185f0ead273c4cfc266a919e7fb3ed064c9114174,512,512,411,0,0,261881,0.9989967346191406,156.94151160259813,411,54,78,15.231546211727817,117.0
R2/29_whorl,R2,whorl,Pore ground truth/Fingerprint Images/R2/29_whorl.jpg,Pore ground truth/Ground truth/R2/29_whorl.tsv,246644c795a89889012e8327b3bb3b5b247d6dd6430187700b99bae81ff478c5,56668681907ce686fdd85372a22959accad6b12a30baf1bb161380513965b746,512,512,463,0,0,261881,0.9989967346191406,176.7978585693502,463,46,74,15.652475842498529,109.0
R2/2_left_loop,R2,left_loop,Pore ground truth/Fingerprint Images/R2/2_left_loop.jpg,Pore ground truth/Ground truth/R2/2_left_loop.tsv,68a04a4dc4b05112327d92b9abc59ea50e61bd67fe19e8926e51988c5353352d,5ca74a4d330680f9e60441e84763611485976ce927440a3ca9b9084d6148b41f,512,512,394,0,0,259978,0.9917373657226562,151.55128510873996,394,54,78,16.97056274847714,139.0
R2/2_plain_arch,R2,plain_arch,Pore ground truth/Fingerprint Images/R2/2_plain_arch.jpg,Pore ground truth/Ground truth/R2/2_plain_arch.tsv,94f5cfa1f022ba042fe5730cf28758ea761cf1a288f3663eb4c773779d40c44c,6cb47d8358a340fc5d7fd4078adc347f75756259c3d1693b7d4cda6fff9584b7,512,512,487,0,0,262144,1.0,185.7757568359375,487,49,82,16.97056274847714,125.0
R2/2_right_loop,R2,right_loop,Pore ground truth/Fingerprint Images/R2/2_right_loop.jpg,Pore ground truth/Ground truth/R2/2_right_loop.tsv,8ae9d948cf3670912255a3e377fd01227216083597a267c4644338e976b2ccb9,0d5906b72fe1a0d73078dc39630a9a4252309c009ad83e176f21a882180e9b22,512,512,339,0,0,260041,0.9919776916503906,130.3640579754731,339,39,60,15.132745950421556,132.0
R2/2_tented_arch,R2,tented_arch,Pore ground truth/Fingerprint Images/R2/2_tented_arch.jpg,Pore ground truth/Ground truth/R2/2_tented_arch.tsv,6adbd013b5dd1d5757f1cf3382a5d66e7c44f675e8e485242d7dab296a3a9516,9b4efec4ea8e55ebfd83c6db82e7e9743872c5aa57624b14dd3f5c6ea9fbedb1,512,512,433,0,0,261603,0.9979362487792969,165.51797953387384,433,48,68,14.866068747318506,117.0
R2/2_whorl,R2,whorl,Pore ground truth/Fingerprint Images/R2/2_whorl.jpg,Pore ground truth/Ground truth/R2/2_whorl.tsv,4f4c5f490b634ab26f5440f630fc9dbb89ccfd5cfc72f27da21e6537cddad79e,07deaf08f90d9e162db0dea7090e36fb5d1a340695f0a0d3e82ad5d38342dad4,512,512,459,0,0,261648,0.99810791015625,175.42652724270775,459,64,89,16.1245154965971,136.0
R2/30_right_loop,R2,right_loop,Pore ground truth/Fingerprint Images/R2/30_right_loop.jpg,Pore ground truth/Ground truth/R2/30_right_loop.tsv,6b4aa6b519e687826c703dd7e79a932d6122fab99a59e437882371ccda589850,38974f2377b79bd86aced907ac38815a771130634898045209e0a3aea46cf94b,512,512,521,0,2,261668,0.9981842041015625,199.10726569546145,519,60,91,14.866068747318506,113.0
R2/30_whorl,R2,whorl,Pore ground truth/Fingerprint Images/R2/30_whorl.jpg,Pore ground truth/Ground truth/R2/30_whorl.tsv,f647b0076966a90d840c8d0f33c528edfd2168e6ed815511a29d8abc72f37e39,6c94acd261ba6fec3511f7da820d7e9fa3b45ce458981b0f812172633ca8d492,512,512,382,0,1,254996,0.9727325439453125,149.80627147092505,378,45,73,15.297058540778355,132.0
R2/31_right_loop,R2,right_loop,Pore ground truth/Fingerprint Images/R2/31_right_loop.jpg,Pore ground truth/Ground truth/R2/31_right_loop.tsv,984104f9c7f9123f9744d148c9d4b43add2f4b8e6a2c364adf9d842a532611a2,d59aabf4a5ed09e4d4cedd16ad21f7148ca6b19efde8c582dbec66a48683367a,512,512,388,0,2,260112,0.99224853515625,149.16651288675646,387,54,69,14.933034373659254,143.0
R2/31_whorl,R2,whorl,Pore ground truth/Fingerprint Images/R2/31_whorl.jpg,Pore ground truth/Ground truth/R2/31_whorl.tsv,967b5066b68d948559ff2775fe3e51854090919059fe739cf6010b18b8fb6229,f0b4be03eea51f802e7efaa59d3a4af8677893cf1012d0e80a2283ab9d391448,512,512,396,0,0,262144,1.0,151.06201171875,396,52,76,14.422205101855956,114.0
R2/32_right_loop,R2,right_loop,Pore ground truth/Fingerprint Images/R2/32_right_loop.jpg,Pore ground truth/Ground truth/R2/32_right_loop.tsv,9f0223ed03d42c590ba9cce103a6965f42702ad47058e3ea618ac413540f4d33,56387ae0e707d37fb46cf14f4bae309c232ed3f2bbeed3b01f5f90d7168cc6cb,512,512,395,0,1,261897,0.9990577697753906,150.8226516531308,395,48,73,14.422205101855956,120.0
R2/32_whorl,R2,whorl,Pore ground truth/Fingerprint Images/R2/32_whorl.jpg,Pore ground truth/Ground truth/R2/32_whorl.tsv,130f6d657ea18e112cee25e3aa3c20e9f2caf33bfc514bf56ae9285dbbbe9f32,7d8c6f06ee21a469c7e860bb2aad4c06872210dc05cbb611340cbb1ff141a3a6,512,512,408,0,0,260716,0.9945526123046875,156.49212169563816,408,56,77,15.132745950421556,125.0
R2/33_right_loop,R2,right_loop,Pore ground truth/Fingerprint Images/R2/33_right_loop.jpg,Pore ground truth/Ground truth/R2/33_right_loop.tsv,e9e674d6327d82aadcf2b7c24187d0d1c9943cd53ae1d3482161f0ac84f6bef7,fbfbbce890a5757f4ae9164154003fed059fbdbeb50c12b9fc2ca3ed92335cca,512,512,360,0,0,262144,1.0,137.3291015625,360,53,73,15.297058540778355,116.0
R2/33_whorl,R2,whorl,Pore ground truth/Fingerprint Images/R2/33_whorl.jpg,Pore ground truth/Ground truth/R2/33_whorl.tsv,f95548c6a2bc90337bcb28aa82737b0182abea38a181ecdc5e2e250d33c3e31e,b008d475597e0361f1102465634d9dfb1d0bcaa44c9e5ed8e92fd73b2d41c593,512,512,429,0,0,261660,0.9981536865234375,163.95322173813344,429,49,75,16.0312195418814,130.0
R2/34_right_loop,R2,right_loop,Pore ground truth/Fingerprint Images/R2/34_right_loop.jpg,Pore ground truth/Ground truth/R2/34_right_loop.tsv,a2136b09bd7c84a1cc43872a40ef3ec5faf4ce4a9b92f2bb068143c24903e8de,3e1dbfafc29751277445ce630c6140355d6f3c986e4cbb8b7de8a19b564a0594,512,512,403,0,0,261459,0.9973869323730469,154.13506515361874,403,43,75,15.0,136.0
R2/34_whorl,R2,whorl,Pore ground truth/Fingerprint Images/R2/34_whorl.jpg,Pore ground truth/Ground truth/R2/34_whorl.tsv,c8547d02c5acd31d9e5e3c3c1b23c87b283f946095a6c410da71af4029c45efa,f8a6e7204b4a9e534a43f0a48b30427e38e5d6891ea295ca99af54c3b4484ef5,512,512,477,0,0,262144,1.0,181.9610595703125,477,58,88,15.556349186104045,111.0
R2/35_right_loop,R2,right_loop,Pore ground truth/Fingerprint Images/R2/35_right_loop.jpg,Pore ground truth/Ground truth/R2/35_right_loop.tsv,090be3405cbf661ea2631e96573fba116b4c54666a35fd62ed9140c3fbdb1b9c,1f239372022a4c6958a7e9c3c118ae06739fca6165528599783f6ccbe530fe05,512,512,466,0,0,262144,1.0,177.764892578125,466,60,97,15.524174696260024,109.0
R2/35_whorl,R2,whorl,Pore ground truth/Fingerprint Images/R2/35_whorl.jpg,Pore ground truth/Ground truth/R2/35_whorl.tsv,d1b9e6612f88b29412c0bc17c4bc6b8c746c7273ee2d69a1672ac3030c5cef3e,7acaacf01df218cc2418b6e985eb2169ca1c5242082351d7a2172b8d4e25b708,512,512,336,0,0,261216,0.9964599609375,128.62918044836456,336,40,61,16.881527307120106,126.0
R2/36_right_loop,R2,right_loop,Pore ground truth/Fingerprint Images/R2/36_right_loop.jpg,Pore ground truth/Ground truth/R2/36_right_loop.tsv,adad2bd8dd623a1318f4a0c2b9e8c52c482da14d591eae5f81a21fcda30110b9,6c72514522ba7f58c9a025635b324de844ed8d3fbe79428a499cf23972d4c346,512,512,390,0,0,262144,1.0,148.773193359375,390,51,68,15.264337522473747,120.0
R2/36_whorl,R2,whorl,Pore ground truth/Fingerprint Images/R2/36_whorl.jpg,Pore ground truth/Ground truth/R2/36_whorl.tsv,ce366e80ac86a584008844c26967343fc2cc1dbe23609315b5dd742eceb52b49,da4c11c3a6dc0a71f71831d73006f04aa0e93b35d21d7a68057626ee9d769b74,512,512,488,0,1,262144,1.0,186.1572265625,488,51,96,15.604412514301288,108.0
R2/37_right_loop,R2,right_loop,Pore ground truth/Fingerprint Images/R2/37_right_loop.jpg,Pore ground truth/Ground truth/R2/37_right_loop.tsv,45e0fc29a596c5cd9ca2a7bdb509c087ad5bc35ea99e802bee72b124d88be6bb,e222807df4d5c6f3fd4f695e221b64338ec68368ef66fc741c5b5bac4a1953d7,512,512,405,0,0,262144,1.0,154.4952392578125,405,47,71,15.132745950421556,122.0
R2/37_whorl,R2,whorl,Pore ground truth/Fingerprint Images/R2/37_whorl.jpg,Pore ground truth/Ground truth/R2/37_whorl.tsv,96862fe08d312f328462e05e26676b18f151b18a42f18f9ba87ec51dffde9376,f3cd3e0d7cbfddf7351ccdf37226c6bb39786a45d8db1e7dddb2be5ef305cb08,512,512,398,0,1,262144,1.0,151.824951171875,398,41,72,16.401219466856727,114.0
R2/38_right_loop,R2,right_loop,Pore ground truth/Fingerprint Images/R2/38_right_loop.jpg,Pore ground truth/Ground truth/R2/38_right_loop.tsv,172de780308622589f6d727c3312dde66cf6f0861fbfb30bbd63857388d971d9,87f5e985403b3e735323d779cfed08593a122edbe2121cc3f0874e871cf25377,512,512,307,0,0,255414,0.9743270874023438,120.19701347616028,300,36,52,15.811388300841896,119.0
R2/38_whorl,R2,whorl,Pore ground truth/Fingerprint Images/R2/38_whorl.jpg,Pore ground truth/Ground truth/R2/38_whorl.tsv,c70d5667f0c1add59aaee451b768b18b8110c461ab9354e63d0614d5085bd085,7238349642a689fb416dd136680f6e4cb8c69c26254d6b37b1740193ea91aa74,512,512,379,0,1,261804,0.9987030029296875,144.76478587034575,379,44,73,15.231546211727817,116.0
R2/39_right_loop,R2,right_loop,Pore ground truth/Fingerprint Images/R2/39_right_loop.jpg,Pore ground truth/Ground truth/R2/39_right_loop.tsv,15e04ba12efcdffe9ac50acc42be496a6fc06d18e832976c990a4ba3ba89ae5e,fc0de609e648cf0d71bc8663d38e809d3df226adc1a90fdaee39b63d14b59d11,512,512,384,0,0,261598,0.9979171752929688,146.79011307425898,384,46,67,17.23366351785866,115.0
R2/39_whorl,R2,whorl,Pore ground truth/Fingerprint Images/R2/39_whorl.jpg,Pore ground truth/Ground truth/R2/39_whorl.tsv,f50d88e453d5c59b65346bca0ad7e1aa453e461f04d5e9b8908b8213c39d154c,c97a7d7c2b13e0a4b4062e5bd675e0664810c3ae6d52c0c06f4d7a4954af7b18,512,512,354,0,0,262144,1.0,135.040283203125,354,40,63,14.866068747318506,118.0
R2/3_left_loop,R2,left_loop,Pore ground truth/Fingerprint Images/R2/3_left_loop.jpg,Pore ground truth/Ground truth/R2/3_left_loop.tsv,4fb868bc0cf93f805b080c5dd6c95f6067b778a2d01c97330cca2f4e384a136a,19b676bdf983df37d8088a0b6a8934db709d61e16556447036b53684aed425ba,512,512,355,0,0,261484,0.9974822998046875,135.76356488351104,355,46,72,16.15549442140351,113.0
R2/3_plain_arch,R2,plain_arch,Pore ground truth/Fingerprint Images/R2/3_plain_arch.jpg,Pore ground truth/Ground truth/R2/3_plain_arch.tsv,9365fd3e4035ab13b449f44bcc909596c579e4b055b4fff03fc07f7c650330f2,06f329fa6276a48c6a51e95e6e21f08cd482f24bc96faaa58d94b18fb7630161,512,512,439,0,0,262144,1.0,167.4652099609375,439,72,94,16.76305461424021,133.0
R2/3_right_loop,R2,right_loop,Pore ground truth/Fingerprint Images/R2/3_right_loop.jpg,Pore ground truth/Ground truth/R2/3_right_loop.tsv,44b8b7542a5a32506a132642810a70f1bb770d2a1add6fbbff0166b6c600b18f,95b55b1531d9661adc67d5aa49006e111d8cfce58f5cf3a2616e330588de79d9,512,512,419,0,0,261594,0.9979019165039062,160.17186938538347,419,54,83,16.278820596099706,130.0
R2/3_tented_arch,R2,tented_arch,Pore ground truth/Fingerprint Images/R2/3_tented_arch.jpg,Pore ground truth/Ground truth/R2/3_tented_arch.tsv,ce60e4c5250d8e8e83b0d26552f878763ecb3fc538a68bca8665910313a4fed9,61749a6c334218dfcbcfea31c916ee44dc867ce1b8f7d1358fdf11ef17d402fd,512,512,326,0,0,261307,0.9968070983886719,124.75746918375702,326,47,67,15.458778946295832,125.0
R2/3_whorl,R2,whorl,Pore ground truth/Fingerprint Images/R2/3_whorl.jpg,Pore ground truth/Ground truth/R2/3_whorl.tsv,c89a3b932c992636e06ea109e4f0b08917105ae07ac40ba1538c1e3f630e6eb7,4862ef091e15eac0d3038fa88d9f139cc6623f725566c7efafcd863a2d60a5d9,512,512,379,0,1,261705,0.9983253479003906,144.8195487285302,379,56,76,15.264337522473747,117.0
R2/40_right_loop,R2,right_loop,Pore ground truth/Fingerprint Images/R2/40_right_loop.jpg,Pore ground truth/Ground truth/R2/40_right_loop.tsv,5f8d59719bf4a06191e7297c68a90ae18717bad8ec24be73e38f7dde7316b152,7ecf24c72f987d93941274d0a2dabb1c0306f81e73e1e3f8a3472793b2a40739,512,512,379,0,1,262144,1.0,144.5770263671875,379,45,71,17.08800749063506,113.0
R2/40_whorl,R2,whorl,Pore ground truth/Fingerprint Images/R2/40_whorl.jpg,Pore ground truth/Ground truth/R2/40_whorl.tsv,06bc8e4c5b2d7c1f6d9f55026df3ca7ab734d32727ab88fe472a11d6ba47e95a,9451579180b2b116f122176b38913a8a9e1b4c272a93790c57422bb370d5a411,512,512,498,0,1,262144,1.0,189.971923828125,498,61,90,13.601470508735444,119.0
R2/41_right_loop,R2,right_loop,Pore ground truth/Fingerprint Images/R2/41_right_loop.jpg,Pore ground truth/Ground truth/R2/41_right_loop.tsv,f44dab6d171422478136e9048a63618cf03f074be929e385fec01f8c08158f8e,f25eb8bd61d39b2f4fe2fb0bd34c1b851deed63cb3e44124a4e5767a9993470f,512,512,417,0,0,260905,0.9952735900878906,159.82828999060962,414,49,76,15.620499351813308,120.0
R2/41_whorl,R2,whorl,Pore ground truth/Fingerprint Images/R2/41_whorl.jpg,Pore ground truth/Ground truth/R2/41_whorl.tsv,be89e3fe312de74a6d621108378635a9306b6fa922c883ec0cb1b74571ce8615,968584af4f65e08863f5aa901be5dd73dd504c85e28534b5c2071ffd1a85cd49,512,512,475,0,0,261762,0.9985427856445312,181.46254994995454,475,55,82,15.556349186104045,122.0
R2/42_right_loop,R2,right_loop,Pore ground truth/Fingerprint Images/R2/42_right_loop.jpg,Pore ground truth/Ground truth/R2/42_right_loop.tsv,26696d2c17021c46b2aa4b6319d5c875cd0f4c10f7f55613dd0c22bc9241fe90,7c499b169a72e48b3390bac043aab895830fadbd3152e9faa2fec1a6179d223a,512,512,344,0,2,261098,0.9960098266601562,131.75129644807697,344,40,65,16.1245154965971,121.0
R2/42_whorl,R2,whorl,Pore ground truth/Fingerprint Images/R2/42_whorl.jpg,Pore ground truth/Ground truth/R2/42_whorl.tsv,53c72bedf205b33d8ee5ba981b5ef55c9f83a7e6f331435fd961d76e6b3f0948,cfc8087184dc6c96ecf456afa4d97298493f372a1e5bfc721ce6f59f591a5197,512,512,495,0,0,262144,1.0,188.8275146484375,495,58,97,15.620499351813308,108.0
R2/43_right_loop,R2,right_loop,Pore ground truth/Fingerprint Images/R2/43_right_loop.jpg,Pore ground truth/Ground truth/R2/43_right_loop.tsv,25a8b0e1f423d32a0e6fd04d697f184c564b35df2f1b73459aff9ea6ca1d38c2,04fd0566e01465c623ba75ad0df8917f3636e26d2bb7fa9ab6ecd6958c867981,512,512,521,0,0,262144,1.0,198.7457275390625,521,74,104,14.317821063276353,109.0
R2/43_whorl,R2,whorl,Pore ground truth/Fingerprint Images/R2/43_whorl.jpg,Pore ground truth/Ground truth/R2/43_whorl.tsv,2d06688d51b357cac670b2245390d3238ae213749353b61cff681b2a79a81aad,1b50b211c59481630613d93dc96efaa23ec577cc4d12c9f201aabf018e01bb1d,512,512,414,0,1,259318,0.9892196655273438,159.64954226085345,412,51,73,15.556349186104045,117.0
R2/44_right_loop,R2,right_loop,Pore ground truth/Fingerprint Images/R2/44_right_loop.jpg,Pore ground truth/Ground truth/R2/44_right_loop.tsv,4c12d529e3c7fb4296242b2fc2785ea8491d37f2fa148e856fede62e1a241256,50902d9c9a8be5b2f91c9f15d9d90451ed02b571e9ffacf3765c9a5dca275198,512,512,404,0,0,262144,1.0,154.11376953125,404,51,76,14.866068747318506,128.0
R2/44_whorl,R2,whorl,Pore ground truth/Fingerprint Images/R2/44_whorl.jpg,Pore ground truth/Ground truth/R2/44_whorl.tsv,9a14a2839e2afa33b3ad4daf14e1c7a0631ca1b0211b3c3d8598d38d8c167bea,ff0d8bde874b780c6bb1dc08040daea816f767d42ddaf860a1adfb227b9cb970,512,512,504,0,1,262144,1.0,192.2607421875,504,56,90,15.652475842498529,109.0
R2/45_right_loop,R2,right_loop,Pore ground truth/Fingerprint Images/R2/45_right_loop.jpg,Pore ground truth/Ground truth/R2/45_right_loop.tsv,de88adad6cd73a3d97d08d2fa553c09ecfe831388900ebf7bafa8a53f18abcb6,698403ff9d90d143cc16d62398ff7e116753085cb40aa741e543874729fb8ac5,512,512,452,0,1,261248,0.99658203125,173.015678588927,451,57,86,15.016648189186455,108.0
R2/45_whorl,R2,whorl,Pore ground truth/Fingerprint Images/R2/45_whorl.jpg,Pore ground truth/Ground truth/R2/45_whorl.tsv,bd407ba5278ab8a9c6bdcd18f99d0eb5d0dc92008be697122273257c0bfcbf4e,94c01954f5f0c71c592aa89a8c9d3fcc92d8b004776ead2da7f50676ac00b933,512,512,411,0,1,261832,0.998809814453125,156.97088209233402,410,56,79,16.1245154965971,114.0
R2/46_right_loop,R2,right_loop,Pore ground truth/Fingerprint Images/R2/46_right_loop.jpg,Pore ground truth/Ground truth/R2/46_right_loop.tsv,e8336ef3625618d90bdaccf60e4def0db09d586fdca84f14240699be530a8f1d,835ac17db7e5714a9565e5fa69947c4d1033a67b7face6730f5d1a83a5d4ca79,512,512,341,0,0,261851,0.9988822937011719,130.22673199644072,341,38,65,14.866068747318506,117.0
R2/46_whorl,R2,whorl,Pore ground truth/Fingerprint Images/R2/46_whorl.jpg,Pore ground truth/Ground truth/R2/46_whorl.tsv,2bd8a8720b9bc6f1af7ea82fdc17c24631d16930e0176f9a8786151841448e9e,d7412cdfd95cef522e443869c8e92b4c1bcdc9f3f004d724fcc168b75f27ad54,512,512,355,0,0,260412,0.9933929443359375,136.32244289817675,354,47,71,16.401219466856727,115.0
R2/47_right_loop,R2,right_loop,Pore ground truth/Fingerprint Images/R2/47_right_loop.jpg,Pore ground truth/Ground truth/R2/47_right_loop.tsv,2fed46d3e432f5c295af3dfc6a2e2c88b2e984c139fd3ce2903cfda4b6e8b8d8,8497537b50f493328964fc4e346f9731d0f70cbbc4a7518e991cf52893e67d2e,512,512,366,0,0,260613,0.9941596984863281,140.4381208918972,365,51,74,12.649110640673518,118.0
R2/47_whorl,R2,whorl,Pore ground truth/Fingerprint Images/R2/47_whorl.jpg,Pore ground truth/Ground truth/R2/47_whorl.tsv,622815b470b0353820b4e558e8fe3b9f0207bf4696326a5f53fa60d017ad4da4,bab4e177badfd15ec3ddb0e300666d5e6471f01428ff48918ed970adad8c90ad,512,512,391,0,0,253654,0.9676132202148438,154.1469876288172,381,47,70,15.0,120.0
R2/48_right_loop,R2,right_loop,Pore ground truth/Fingerprint Images/R2/48_right_loop.jpg,Pore ground truth/Ground truth/R2/48_right_loop.tsv,0cdfd29ea3442950e27cf76590ffb05550dce4dc387badc66deeae41c1e7cdba,bd1d616e2dab1ca9e091f34e0c5452aa776bfb71cff203ecd91a9531d68f3be5,512,512,534,0,1,262144,1.0,203.704833984375,534,70,95,15.231546211727817,110.0
R2/48_whorl,R2,whorl,Pore ground truth/Fingerprint Images/R2/48_whorl.jpg,Pore ground truth/Ground truth/R2/48_whorl.tsv,05f912c24625932f099443ecd441d23672a4c8c21805a1e726f5ae47e232c78c,afb9e006d097c76c267f91cb6df775330b1833bdfef299ebb508e1075c63a38c,512,512,479,0,0,262144,1.0,182.7239990234375,479,48,77,15.811388300841896,109.0
R2/49_right_loop,R2,right_loop,Pore ground truth/Fingerprint Images/R2/49_right_loop.jpg,Pore ground truth/Ground truth/R2/49_right_loop.tsv,9a35739708e19d6f3f7f4038c990ffeeed0fb829673b633f742094b011b6a3f4,2df49454a97bcb51ad18b58d1765005f685d46d0d5e6c1cc88a22f42fefe5a59,512,512,391,0,0,262144,1.0,149.1546630859375,391,47,79,16.492422502470642,119.0
R2/49_whorl,R2,whorl,Pore ground truth/Fingerprint Images/R2/49_whorl.jpg,Pore ground truth/Ground truth/R2/49_whorl.tsv,10d765fd531790a04a1c01f00c85f0d00e92cde6ac6fe20d86372f1b51627da3,89e5d7e4baec6a9a481ae62c403dc8b1833c4411b948b6bb0ce3cb0ab9332a2c,512,512,360,0,0,259235,0.9889030456542969,138.87013713426043,360,47,76,15.132421295050364,135.0
R2/4_left_loop,R2,left_loop,Pore ground truth/Fingerprint Images/R2/4_left_loop.jpg,Pore ground truth/Ground truth/R2/4_left_loop.tsv,b2095456829c1c414fe51c0b5b547430b0fd6b3f941667e3544894a1664e3a0c,5d508c9c54e771f038c6b625d3ef8ea62b0d60d2086467ce4ca1b8d4e9c11223,512,512,430,0,0,262144,1.0,164.031982421875,430,63,90,17.029386365926403,107.0
R2/4_plain_arch,R2,plain_arch,Pore ground truth/Fingerprint Images/R2/4_plain_arch.jpg,Pore ground truth/Ground truth/R2/4_plain_arch.tsv,ae3009fc09f648b1aef00aef31e742bb8ae1b0292e07f46fe838b1ea86fbfd37,c305b57cc2e9d538f47fc9a778114dddaef607d7e384983139793c273ef2012f,512,512,434,0,1,262144,1.0,165.557861328125,434,47,83,16.492422502470642,120.0
R2/4_right_loop,R2,right_loop,Pore ground truth/Fingerprint Images/R2/4_right_loop.jpg,Pore ground truth/Ground truth/R2/4_right_loop.tsv,5d99d88dc56ce6ba624f3725e549853f3ea7acfbcef2d62e2af1c2f8ae3f3802,82d4df9ad1788b18258c4674796dfd0bc64ce73252e095b4ca93c3757319836f,512,512,372,0,0,260505,0.9937477111816406,142.79956238843783,372,48,61,15.652475842498529,135.0
R2/4_whorl,R2,whorl,Pore ground truth/Fingerprint Images/R2/4_whorl.jpg,Pore ground truth/Ground truth/R2/4_whorl.tsv,cc9ad27924f3121af287629955769517c72f719e2d28c187eeb4d034fdfdbf9f,77645c82e0502a311864bbf9b77f75a3b3884bb42d20dcd6a14346882113e42c,512,512,430,0,1,259031,0.9881248474121094,166.0032969026873,428,48,76,15.921303921361648,112.0
R2/50_right_loop,R2,right_loop,Pore ground truth/Fingerprint Images/R2/50_right_loop.jpg,Pore ground truth/Ground truth/R2/50_right_loop.tsv,415e2fce432dc23401a867534357424f76e387d4d8655b6b7e8c1e599dad3381,d8ab997583ce277a6d5aee5d6506e3a4bac2906bdb17caf18cd55e1989a8eb81,512,512,381,0,0,257863,0.9836692810058594,147.75287652745837,377,48,67,15.524174696260024,115.0
R2/50_whorl,R2,whorl,Pore ground truth/Fingerprint Images/R2/50_whorl.jpg,Pore ground truth/Ground truth/R2/50_whorl.tsv,f927830e157cb921a2d9f0686c1f8a4bce1f3f10b822e94713ac290ac3464d8d,a176343832aabcf09e84d0b51c5188d35540da89a65060661853c66ef2942667,512,512,367,0,0,261546,0.9977188110351562,140.31948490896437,367,55,76,16.15549442140351,123.0
R2/51_right_loop,R2,right_loop,Pore ground truth/Fingerprint Images/R2/51_right_loop.jpg,Pore ground truth/Ground truth/R2/51_right_loop.tsv,55b92612d0959ee510d0d70d70254265cb350c7f024dc62f8f8ab60424194c34,f243f98a10e3ed788cb84f1fc535fb9aba94258dfb1119063f31ff2351732172,512,512,326,0,0,261546,0.9977188110351562,124.64346615891658,326,37,63,15.264337522473747,117.0
R2/51_whorl,R2,whorl,Pore ground truth/Fingerprint Images/R2/51_whorl.jpg,Pore ground truth/Ground truth/R2/51_whorl.tsv,fd2e7568da6ee4e7650a9bb7d90965226433093fe8c198d0eaec5e4d415ea29d,3728ada7ae982b65ad3c9c44481f3050c96f281c1e2a24104e325fd656abafe5,512,512,484,0,0,260663,0.9943504333496094,185.68036123270275,483,54,77,15.297058540778355,128.0
R2/52_right_loop,R2,right_loop,Pore ground truth/Fingerprint Images/R2/52_right_loop.jpg,Pore ground truth/Ground truth/R2/52_right_loop.tsv,2a10863de719e6f1f7467ea1d4bf6a5f30a73e992958b058c5efce890441acd0,ac790012d9f396d9d253123a2fb795ab9c87f0015eb725db76a919e172a6abe4,512,512,409,0,1,255862,0.9760360717773438,159.8517951083006,402,60,87,14.560219778561036,114.0
R2/52_whorl,R2,whorl,Pore ground truth/Fingerprint Images/R2/52_whorl.jpg,Pore ground truth/Ground truth/R2/52_whorl.tsv,4840fba8bb2069d58813c425ffb39ccc2c856446d00e74339cf4740b3da9e97f,7cba66757898ba7c208ea374b5e53285e8b569e4c7446c00adebfe9fa23c9851,512,512,448,0,0,261183,0.9963340759277344,171.52724335044778,448,58,85,15.132745950421556,120.0
R2/53_right_loop,R2,right_loop,Pore ground truth/Fingerprint Images/R2/53_right_loop.jpg,Pore ground truth/Ground truth/R2/53_right_loop.tsv,764a7f779eefec1a3508d5bd82644616d7517157e6c3a93fe016158023632ac7,6e8d62d98f08ab51a5544cc034da04dbe2329e9f3eee23c3dc944ba8f5c18558,512,512,366,0,2,259813,0.9911079406738281,140.8705492026958,366,45,73,15.264337522473747,127.0
R2/53_whorl,R2,whorl,Pore ground truth/Fingerprint Images/R2/53_whorl.jpg,Pore ground truth/Ground truth/R2/53_whorl.tsv,b65f4b251eef07e65f103ec48007a1769a0c687222cbaad2eb0869bc77387026,0cfc39ec2c0ce60219dc0e7197c4664f3a1a0480efd609f69666c7cf34cb77e1,512,512,369,0,1,261037,0.9957771301269531,141.35927090795556,369,53,67,17.46424919657298,125.0
R2/54_right_loop,R2,right_loop,Pore ground truth/Fingerprint Images/R2/54_right_loop.jpg,Pore ground truth/Ground truth/R2/54_right_loop.tsv,4a3b8cfd802f530cd108b92685d9c7ef7a2de40d59d003dadfc4e542f6581c5b,ccf4cb895a79d4d2bc4d58f5a01e58af5aa32e29a4334d9f36c8475f228c339e,512,512,453,0,0,261363,0.9970207214355469,173.3221611322184,453,51,78,15.0,115.0
R2/54_whorl,R2,whorl,Pore ground truth/Fingerprint Images/R2/54_whorl.jpg,Pore ground truth/Ground truth/R2/54_whorl.tsv,74beba3371dd1f5f9227af8eb33ed02dc7616b20fe576707ea283ba5d496a978,ee981b2a10bc0e2b89b757d1ebc50e92ef5ee81cf796de2f1b8e225e2be37015,512,512,459,0,1,251605,0.9597969055175781,182.42880705868325,443,61,92,15.620499351813308,120.0
R2/55_right_loop,R2,right_loop,Pore ground truth/Fingerprint Images/R2/55_right_loop.jpg,Pore ground truth/Ground truth/R2/55_right_loop.tsv,519146404615d48f470041c75b1ec625754c3832b86858736803d77487ce7c10,75a94a8e9ded136da5e7df0459e85e3c7a6fc4a6c34412fb7b9b1938706a0363,512,512,467,0,0,260339,0.9931144714355469,179.38149873818367,465,67,99,15.132745950421556,141.0
R2/55_whorl,R2,whorl,Pore ground truth/Fingerprint Images/R2/55_whorl.jpg,Pore ground truth/Ground truth/R2/55_whorl.tsv,a326aa2dbd10bc8bbfc3f37b9d7a11e7e74b18b4efc8b659f5a559a59591c679,3bd3736089487ebf590f0d70c54729871b7e80448973f584799bc6cd56e432b8,512,512,354,0,0,261633,0.9980506896972656,135.30403274816248,354,39,66,16.07786751923925,120.0
R2/56_right_loop,R2,right_loop,Pore ground truth/Fingerprint Images/R2/56_right_loop.jpg,Pore ground truth/Ground truth/R2/56_right_loop.tsv,c0cf4983dc0bdebfd21e8ae16a6829976ba42ffe46900c4a331da9f1a307960b,3dfda39cf85b7528f43820f1b1993c2f0914ef33a14b9f5045174a04502274c5,512,512,442,0,0,262144,1.0,168.609619140625,442,52,86,15.280698031626052,111.0
R2/56_whorl,R2,whorl,Pore ground truth/Fingerprint Images/R2/56_whorl.jpg,Pore ground truth/Ground truth/R2/56_whorl.tsv,c6824207b650134f67b3999b44ff8453efff208d17136fa91e6c6fc0d00b13b4,eb5e3a88812482cb49e273be30c8e6fa201a0f4053ce3bce8e9ca245de1dedf6,512,512,383,0,0,260757,0.9947090148925781,146.88004540625948,383,41,66,15.652475842498529,112.0
R2/57_right_loop,R2,right_loop,Pore ground truth/Fingerprint Images/R2/57_right_loop.jpg,Pore ground truth/Ground truth/R2/57_right_loop.tsv,0a36d51c6bcc1318b9a7cabdcb8d9c31aa0b3c71dca514ff938f2ec35ae32a2c,047a11413a34f758769399a67556e1c4868e159d103619767a98b9ec3b3f60eb,512,512,380,0,0,262144,1.0,144.95849609375,380,45,66,15.811388300841896,113.0
R2/57_whorl,R2,whorl,Pore ground truth/Fingerprint Images/R2/57_whorl.jpg,Pore ground truth/Ground truth/R2/57_whorl.tsv,27e6a2825442bc3041fac016cabe763455396f16b5af6295b648aa3754e10beb,5bafa6a67ea290c662d321bd785ac8b6b7d1c46f17da95936a0ab96c6d2c98b1,512,512,358,0,0,260765,0.9947395324707031,137.2883630855368,358,52,71,14.491212440208496,135.0
R2/58_right_loop,R2,right_loop,Pore ground truth/Fingerprint Images/R2/58_right_loop.jpg,Pore ground truth/Ground truth/R2/58_right_loop.tsv,92c53b5028e4ffd5edda1b85ea731a62b8a94c68a9ee3a3d33d48b56ef262d17,0f69cc0d62b7fc7ebcbdaea6a68eb7fc97546ee696c9c499807fe59d577a0e32,512,512,408,0,0,262144,1.0,155.6396484375,408,53,72,15.572337024036667,112.0
R2/58_whorl,R2,whorl,Pore ground truth/Fingerprint Images/R2/58_whorl.jpg,Pore ground truth/Ground truth/R2/58_whorl.tsv,404e468bc9b15138cb27e704ebeff6c992105077641310eade06c392d58a9902,996118e91de6e27f5fae259a775afd3299f41b7e0d7006fd1cdd9f3ff4272945,512,512,382,0,0,261710,0.9983444213867188,145.9630889152115,382,51,78,16.1245154965971,128.0
R2/59_right_loop,R2,right_loop,Pore ground truth/Fingerprint Images/R2/59_right_loop.jpg,Pore ground truth/Ground truth/R2/59_right_loop.tsv,a6a1ecfac5f63988aba8d56acf94dc5a92147d7365197be5f968bbd542bb821e,cd187f388753e51fced943ed00126d0f1ab2f195a17f15527cfc300eb2f13381,512,512,411,0,0,259964,0.9916839599609375,158.09881368189443,409,57,81,15.524174696260024,137.0
R2/59_whorl,R2,whorl,Pore ground truth/Fingerprint Images/R2/59_whorl.jpg,Pore ground truth/Ground truth/R2/59_whorl.tsv,464663343666c081ca0c3b64f616053ca50ccb16520765570304c9c99680d3f2,c447d1b2d53eff54cb6f23fbef7a7431caac7e467fed9555d2291773ef5c6460,512,512,466,0,0,262023,0.9995384216308594,177.84698289844783,466,59,83,15.905694150420949,127.0
R2/5_left_loop,R2,left_loop,Pore ground truth/Fingerprint Images/R2/5_left_loop.jpg,Pore ground truth/Ground truth/R2/5_left_loop.tsv,a533b0211ce0c3200f1c1736ffb6e51d70533e555691d316d4e4fb7662ae0bce,cd56be230f29c70cfa741bf50febc6a6c9c6f7ea3c46be79192d525a1afd3013,512,512,441,0,0,243655,0.9294700622558594,180.99361802548685,411,54,79,15.811388300841896,119.0
R2/5_plain_arch,R2,plain_arch,Pore ground truth/Fingerprint Images/R2/5_plain_arch.jpg,Pore ground truth/Ground truth/R2/5_plain_arch.tsv,5a01ae4533bbd58fc40e171446a0244fc685825249638d0bd9ece68d74d7f5f8,09c21bc2d577f244e9606fc689ecf9063f3cf84c8b20b4e9ba891a74c64e5729,512,512,356,0,0,262144,1.0,135.80322265625,356,49,68,14.866068747318506,125.0
R2/5_right_loop,R2,right_loop,Pore ground truth/Fingerprint Images/R2/5_right_loop.jpg,Pore ground truth/Ground truth/R2/5_right_loop.tsv,2aab15ad9f9081095dccb9cd7ac508d1be25edcfae10989b2fa2b1a9cef89319,4b4a3aae430e4a22f97237e19f46fbdf49d9b062e5634ef86b2baf7389698a17,512,512,373,0,1,257107,0.9807853698730469,145.0757855678764,371,43,61,17.26267650163207,138.0
R2/5_whorl,R2,whorl,Pore ground truth/Fingerprint Images/R2/5_whorl.jpg,Pore ground truth/Ground truth/R2/5_whorl.tsv,a7434fa172768c3e003637a0d90ffdd77ea00c18af2d28736ac7d207a81b4280,d46a1ef2befee4c9635f01a831898bac3fadeccb072dc982102223e01b9764e9,512,512,337,0,0,262144,1.0,128.5552978515625,337,40,61,16.278820596099706,115.0
R2/60_right_loop,R2,right_loop,Pore ground truth/Fingerprint Images/R2/60_right_loop.jpg,Pore ground truth/Ground truth/R2/60_right_loop.tsv,f69c5957efeef0adc74481f7ddd00c8d3d6f00f467c911e79b86b69c11e0e6c1,a63b9509c0619458840e5ce93604a78c64021c713bba0416aa057830fb1b2526,512,512,487,0,0,262144,1.0,185.7757568359375,487,67,93,16.1245154965971,110.0
R2/60_whorl,R2,whorl,Pore ground truth/Fingerprint Images/R2/60_whorl.jpg,Pore ground truth/Ground truth/R2/60_whorl.tsv,2964e2b6dd154f3b2c67d3f95d6bfa9dbf5013c38c0bd6191fe1167ebaa3c007,2b3f4fe9e8dd2730e30cc97fca04389f83e34a5b871ee846bc10761ee5574eb0,512,512,439,0,1,262144,1.0,167.4652099609375,439,60,84,15.297058540778355,108.0
R2/61_right_loop,R2,right_loop,Pore ground truth/Fingerprint Images/R2/61_right_loop.jpg,Pore ground truth/Ground truth/R2/61_right_loop.tsv,c9c05c1df1ca5fa56e16bb4b1987d769f67acf8f8c06409dbcef81ef21bdada5,9c852e1ad1a86af4306079ad60c2a0309abc8638d66502f02c639d2adb92d545,512,512,454,0,0,257830,0.9835433959960938,176.0850172594345,450,48,70,15.604412514301288,110.0
R2/62_right_loop,R2,right_loop,Pore ground truth/Fingerprint Images/R2/62_right_loop.jpg,Pore ground truth/Ground truth/R2/62_right_loop.tsv,7b123ec6b2e6871780b425e9fdc11e9ac998e4ac32842283419b7bc072cb7bf0,2c7dc5350ac140a52088d27e633d00b5a280bed83087fed9e7d7f7a61f785b49,512,512,394,0,0,262144,1.0,150.299072265625,394,41,62,15.264337522473747,116.0
R2/63_right_loop,R2,right_loop,Pore ground truth/Fingerprint Images/R2/63_right_loop.jpg,Pore ground truth/Ground truth/R2/63_right_loop.tsv,80d3693bc6e6835a54a33ecf23e6d3bcf347f3275c78464a0276dad89486bd0f,7fafc3e53318f86493f7cf75b02e761338bdca4cb7ae789cafafab2e325e3970,512,512,383,0,1,262144,1.0,146.1029052734375,383,49,80,16.55294535724685,114.0
R2/64_right_loop,R2,right_loop,Pore ground truth/Fingerprint Images/R2/64_right_loop.jpg,Pore ground truth/Ground truth/R2/64_right_loop.tsv,affa84e25c42a9ca057ea096399489aca2c2ea96be915dda9705c5c7ed9189fa,52bf9906985f6d59609d756cd4c72b3811a7f5f4553b89fa4590f1ffe8032a89,512,512,488,0,0,260119,0.9922752380371094,187.60644166708315,484,60,98,15.297058540778355,117.0
R2/65_right_loop,R2,right_loop,Pore ground truth/Fingerprint Images/R2/65_right_loop.jpg,Pore ground truth/Ground truth/R2/65_right_loop.tsv,cbb3e8b46e5a10b0fa1f7a2fd44bc07308382c20957841745a08a21e9b0cc01f,e8246f05f9d3e06763ac7c94da74c13c2a0ca03cf87b86ce93785936d0b1b31b,512,512,385,0,0,261926,0.9991683959960938,146.9880806029184,385,47,70,15.0,137.0
R2/66_right_loop,R2,right_loop,Pore ground truth/Fingerprint Images/R2/66_right_loop.jpg,Pore ground truth/Ground truth/R2/66_right_loop.tsv,3bb81ada5f807e0082252fe4ed8ced4e019a585c0952a042f13eabdc7dcfc493,8bc2f56d99b28711d2bbf0e67a6faeb5358371c7ff955ecf5b49049e0c4132b0,512,512,454,0,0,261658,0.9981460571289062,173.50893150601166,454,45,78,15.524174696260024,113.0
R2/67_right_loop,R2,right_loop,Pore ground truth/Fingerprint Images/R2/67_right_loop.jpg,Pore ground truth/Ground truth/R2/67_right_loop.tsv,8ea8bcda518f2752923be2836e86e270c7633d51eaada771cdd6b57374f77fe6,469ca4b3ad04d29783eb6aff279c3fce3326f63aeadd2909745b1e405772efaf,512,512,388,0,1,262144,1.0,148.01025390625,388,42,70,15.198541736447652,114.0
R2/68_right_loop,R2,right_loop,Pore ground truth/Fingerprint Images/R2/68_right_loop.jpg,Pore ground truth/Ground truth/R2/68_right_loop.tsv,bd6d6d775bb8070f7a0df43d57c6a807f847ca68e044c5f5e61b74ae3ea86815,227ff4985d01b9c7991583fcf07d5a934b95f16982b28821ddbcd458862ff9c6,512,512,365,0,1,262144,1.0,139.2364501953125,365,49,70,16.492422502470642,115.0
R2/69_right_loop,R2,right_loop,Pore ground truth/Fingerprint Images/R2/69_right_loop.jpg,Pore ground truth/Ground truth/R2/69_right_loop.tsv,8d6034021cd8aa4d0210006e4c63702085f7ddc7d52d80928f0bcb2c0d41bebd,4fbcf2c342373aa7f2cc520419b8763ea06c42c17c87719fe63fb46044420f21,512,512,477,0,1,262144,1.0,181.9610595703125,477,63,91,15.231546211727817,110.0
R2/6_plain_arch,R2,plain_arch,Pore ground truth/Fingerprint Images/R2/6_plain_arch.jpg,Pore ground truth/Ground truth/R2/6_plain_arch.tsv,7b5dcc2afd59da0a979f4160dd4c913d92cc390d1665ef673d31e501dd94bf06,84ddcd7638891496581135e2126dd5b3d0fa00f456266fcabf2c41d70cb9ef7c,512,512,374,0,0,261089,0.9959754943847656,143.24617276101253,374,49,77,17.11724276862369,143.0
R2/6_right_loop,R2,right_loop,Pore ground truth/Fingerprint Images/R2/6_right_loop.jpg,Pore ground truth/Ground truth/R2/6_right_loop.tsv,46be5f85c27f38ebb10168eddb384d67b3080c843eba868f148a3496731c11e9,7b7a509b665313b187cb0681899d54a5ecb565801065a1f8c10ffdb2e74e79a1,512,512,327,0,0,261174,0.9962997436523438,125.20388706379654,327,38,62,15.811388300841896,130.0
R2/6_whorl,R2,whorl,Pore ground truth/Fingerprint Images/R2/6_whorl.jpg,Pore ground truth/Ground truth/R2/6_whorl.tsv,8d435e328aff201f614b2957cea454cbc87790a36ec954368b8a93769ef200d0,0f5dbd60e20dde39871bd2e1dbbdd6c9d936e5d9f96735d2f460f63ad0163cbf,512,512,337,0,0,262144,1.0,128.5552978515625,337,44,68,16.401219466856727,116.0
R2/70_right_loop,R2,right_loop,Pore ground truth/Fingerprint Images/R2/70_right_loop.jpg,Pore ground truth/Ground truth/R2/70_right_loop.tsv,cebcd0c5f6d1a2b8bb251c021f8019b5fccdab9fd2e8b856cbd4ada7010379b7,a28c72d68bf8e88a64d504be588118b2ec697cd880887caf83d28dad2dd752fc,512,512,362,0,0,261751,0.9985008239746094,138.29937612463752,362,40,64,15.652475842498529,125.0
R2/71_right_loop,R2,right_loop,Pore ground truth/Fingerprint Images/R2/71_right_loop.jpg,Pore ground truth/Ground truth/R2/71_right_loop.tsv,1b7b3279bf1901207c922b55ef11f25329b93199eef07ce0044aef509e83197a,3ada7e849bb679722b0385587ad45f5ddbe93ccaccbc274dd9a5a61b1013b491,512,512,489,0,0,262144,1.0,186.5386962890625,489,59,95,14.212670403551895,124.0
R2/72_right_loop,R2,right_loop,Pore ground truth/Fingerprint Images/R2/72_right_loop.jpg,Pore ground truth/Ground truth/R2/72_right_loop.tsv,70e5e6c6ecec488743725eadce85b3958bfea10d1c454d62a8dfe1479088a682,18523cadc875e466e9c23d8d661e18ac91b37ffb5f06c0044a5ac57121499b09,512,512,334,0,0,262144,1.0,127.410888671875,334,40,68,15.524174696260024,114.0
R2/73_right_loop,R2,right_loop,Pore ground truth/Fingerprint Images/R2/73_right_loop.jpg,Pore ground truth/Ground truth/R2/73_right_loop.tsv,973ca19a4398b56a93ace4b793fe30d39226ee4480874231fa44873a0cbc8744,a68f5ab18beaf7525a8174d68aac87686bd35bc24c9910546eec531137b5ede0,512,512,400,0,1,262144,1.0,152.587890625,400,51,79,16.278820596099706,122.0
R2/74_right_loop,R2,right_loop,Pore ground truth/Fingerprint Images/R2/74_right_loop.jpg,Pore ground truth/Ground truth/R2/74_right_loop.tsv,1b601e92aa2cef48df28ff541247437f3bae5033229227a6273779ab3c926ff8,01769913be961bd5c8999befbf066e6a37a2185540691df3c59090b46f0ab246,512,512,425,0,0,260704,0.9945068359375,163.02013010924264,424,58,86,15.652475842498529,118.0
R2/7_right_loop,R2,right_loop,Pore ground truth/Fingerprint Images/R2/7_right_loop.jpg,Pore ground truth/Ground truth/R2/7_right_loop.tsv,401b830ee5bcd6c479d0842e6a4569f602b5541687a8fc5916c0fd743a14948c,9a03883b6b9f1703753a6c8bd8ffa6df9f9156ddc56f2b67cab2278e10f0d156,512,512,367,0,0,262144,1.0,139.9993896484375,367,49,73,17.4928556845359,112.0
R2/7_whorl,R2,whorl,Pore ground truth/Fingerprint Images/R2/7_whorl.jpg,Pore ground truth/Ground truth/R2/7_whorl.tsv,eed2afd7ae7527d8a637f8764b1d93c0ded4b3738067e7c19d42bc5b382faaeb,dae4e5c425e904e975838addd8cd8e00a4f5105ddebc17de9442be64874c2f8b,512,512,365,0,0,261624,0.998016357421875,139.5131945081491,365,39,63,15.811388300841896,117.0
R2/8_right_loop,R2,right_loop,Pore ground truth/Fingerprint Images/R2/8_right_loop.jpg,Pore ground truth/Ground truth/R2/8_right_loop.tsv,396f0f98f3e72fe5d57c874fd6c738b34954f91c7b55057291730f3d2b5939ec,82b4919945dc6aa3ca5fc59600c24311814d8d68982c1b950a0a7db59d087ca5,512,512,337,0,0,261889,0.9990272521972656,128.6804714974665,337,40,69,15.297058540778355,123.0
R2/8_whorl,R2,whorl,Pore ground truth/Fingerprint Images/R2/8_whorl.jpg,Pore ground truth/Ground truth/R2/8_whorl.tsv,6af239cd9285bb667069c6ec4715ab64e14ffb960312b5e30ccf9d606aef1544,91ddd7edb667515a282cb3e2e84a2f8c3905c238e7558098c499602a23020857,512,512,374,0,0,260454,0.9935531616210938,143.59541416142582,374,54,73,16.1245154965971,133.0
R2/9_right_loop,R2,right_loop,Pore ground truth/Fingerprint Images/R2/9_right_loop.jpg,Pore ground truth/Ground truth/R2/9_right_loop.tsv,e9661f426b0a6716f1154a0780f45dbcc9dd31d4b6a20828b74c77d6096701d7,cc49b54fb57e0bddec990cd200f852b7d6380b229be85c757bbef267062dc44b,512,512,358,0,0,262144,1.0,136.566162109375,358,48,70,15.572337024036667,115.0
R2/9_whorl,R2,whorl,Pore ground truth/Fingerprint Images/R2/9_whorl.jpg,Pore ground truth/Ground truth/R2/9_whorl.tsv,72bf20ce2898dda6ad3fe46688d44478d2e60978e56ed8b9b9b9ad4ac9724b64,e8d2ff28d13bc288850a250da59ce69e6f2b6a0f0e645fd42fff276e77423856,512,512,383,0,0,250380,0.9551239013671875,152.96748941608755,378,49,70,15.620499351813308,138.0
R3/10_right_loop,R3,right_loop,Pore ground truth/Fingerprint Images/R3/10_right_loop.jpg,Pore ground truth/Ground truth/R3/10_right_loop.tsv,acac8168841ad3ebd71dd2800306f87af1bcc3b0f95e8d99eaf24425ba2c3efd,7e61397627b1266e2c8bd4e49e1f05f379afc496a9a11351bfe860991c7c8194,512,512,475,0,0,262144,1.0,181.1981201171875,475,60,93,16.1245154965971,115.0
R3/10_whorl,R3,whorl,Pore ground truth/Fingerprint Images/R3/10_whorl.jpg,Pore ground truth/Ground truth/R3/10_whorl.tsv,7766a9a5b90401a121815b76d723b8521042e6368713e59fbede25d70ca5a8bd,fec57efd9681c4cdb5694e7fb6160c5dd306995014bb455ed293f39fa2511bd8,512,512,431,0,0,259052,0.9882049560546875,166.37586276114448,427,50,68,16.55294535724685,129.0
R3/11_right_loop,R3,right_loop,Pore ground truth/Fingerprint Images/R3/11_right_loop.jpg,Pore ground truth/Ground truth/R3/11_right_loop.tsv,bf2957038edf6fe5a38f0adc5dd6bef36bbb1882ba74e913db1717d4d0dcbd70,c9fb81fe6eae85c5d30d23ea53d8f8ebdd4b9bef30d65bd5566e14a80b6b384c,512,512,354,0,0,262144,1.0,135.040283203125,354,45,66,15.231546211727817,128.0
R3/11_whorl,R3,whorl,Pore ground truth/Fingerprint Images/R3/11_whorl.jpg,Pore ground truth/Ground truth/R3/11_whorl.tsv,78b180e0b64c30f2187a169f6e814ec93a3de84d831791eb49eefc533e76b981,bc1f6c2452c791548776a8b416254b84ed2030b3ce6237f7d13a89ddf35fd899,512,512,364,0,0,262144,1.0,138.85498046875,364,42,69,15.921303921361648,122.0
R3/12_right_loop,R3,right_loop,Pore ground truth/Fingerprint Images/R3/12_right_loop.jpg,Pore ground truth/Ground truth/R3/12_right_loop.tsv,ffd1b2437fe55c70ab8c509cb99396f8bd66514b461df28a1e45993abcafe20e,e35a5ee4a726ed8be42e52ddcc8a79e218bd56e6b901c243db3877669a520377,512,512,347,0,0,257535,0.9824180603027344,134.738967518978,341,43,77,16.76305461424021,124.0
R3/12_whorl,R3,whorl,Pore ground truth/Fingerprint Images/R3/12_whorl.jpg,Pore ground truth/Ground truth/R3/12_whorl.tsv,f4f023a0bcf8da926a96957d2e0d34ef3ff5859b1beb11e5c0c4618e8751adcb,b0ba068d3e366eaf7a0927b15b3223ca05131aa95e42d0b6c16a6d3c7876a661,512,512,469,0,0,261870,0.9989547729492188,179.09649826249665,469,65,93,14.560219778561036,132.0
R3/13_right_loop,R3,right_loop,Pore ground truth/Fingerprint Images/R3/13_right_loop.jpg,Pore ground truth/Ground truth/R3/13_right_loop.tsv,0beca6fe2f1cd997bc9cddd9b031fde2f3ab8fc5781ec96045aef91deadbf0c2,43f5d3fe051541422384d885b5419ab00f78ecbffe995359ed4bb3aab9493e64,512,512,389,0,1,253597,0.9673957824707031,153.3929817781756,378,44,68,14.866068747318506,118.0
R3/13_whorl,R3,whorl,Pore ground truth/Fingerprint Images/R3/13_whorl.jpg,Pore ground truth/Ground truth/R3/13_whorl.tsv,8e7e57f16eeb5829c4389f9f2fad8efcf54879a73ccff6e53236a3853fcd1015,d42716c5fe735db555239056d8ebe7687fd19e2a84f02c2269d1cffc27dfb2e7,512,512,487,0,0,262144,1.0,185.7757568359375,487,68,88,14.560219778561036,113.0
R3/14_right_loop,R3,right_loop,Pore ground truth/Fingerprint Images/R3/14_right_loop.jpg,Pore ground truth/Ground truth/R3/14_right_loop.tsv,82781b33cbda5a9d0ff39a9a5b085bb1a4ce3838ce9c920fc8eea8e34eff33d1,93b252d5d1321675b246ad6f95148f85139e4627f9a43569e04e0d0212712c7c,512,512,361,0,0,256325,0.9778022766113281,140.8368282453916,353,37,60,16.55294535724685,123.0
R3/14_whorl,R3,whorl,Pore ground truth/Fingerprint Images/R3/14_whorl.jpg,Pore ground truth/Ground truth/R3/14_whorl.tsv,3a107c8ed6e780d717af177b5dde6ccd67094901b0e3af61b504716b4b593fe0,a2dd52dec8acf37b55af8f1d7ae5999605c5a1e4b9f227b6cc394fd96f8d47fb,512,512,455,0,1,262035,0.9995841979980469,173.64092583051882,455,60,96,14.0,121.0
R3/15_right_loop,R3,right_loop,Pore ground truth/Fingerprint Images/R3/15_right_loop.jpg,Pore ground truth/Ground truth/R3/15_right_loop.tsv,da1e9e4bff7bf10b2118f8f60b800535805fde2145e1393fe903b4ff7927ccbf,e03353fe33a0ce525dd8eed33146aa50be6de4a732a511cba196aafa0e876040,512,512,417,0,1,262144,1.0,159.0728759765625,417,57,93,16.0312195418814,113.0
R3/15_whorl,R3,whorl,Pore ground truth/Fingerprint Images/R3/15_whorl.jpg,Pore ground truth/Ground truth/R3/15_whorl.tsv,98335f09d598d5ac5eb41f2de958d122a48ebb5ddec1911042a68e806d14cfbc,d06b34b20f2a96166c8e2ddbfeac7aa44412379dca82ee39acb819fb51f8e1b4,512,512,398,0,1,261684,0.9982452392578125,152.09183595481574,398,50,70,14.949682562845707,117.0
R3/16_right_loop,R3,right_loop,Pore ground truth/Fingerprint Images/R3/16_right_loop.jpg,Pore ground truth/Ground truth/R3/16_right_loop.tsv,21d34e3a66608ebb294354f6586cf29abdaf2e6742cfa6966f8be745a10824a9,cd119324e1779e2706f46b2d369f59edfdf68193ee154b172a9c9f089eb5f9b0,512,512,449,0,1,262144,1.0,171.2799072265625,449,52,80,14.866068747318506,110.0
R3/16_whorl,R3,whorl,Pore ground truth/Fingerprint Images/R3/16_whorl.jpg,Pore ground truth/Ground truth/R3/16_whorl.tsv,8c27a0be3d92b5c5ac001945f64bbcc7ef5de38091125272541004669cb09896,2ed262179be9ef395386db65f469cb18b2b6cd9168270802e2870468f3ad0927,512,512,394,0,0,261545,0.9977149963378906,150.64329274121087,394,55,73,16.0156097709407,118.0
R3/17_right_loop,R3,right_loop,Pore ground truth/Fingerprint Images/R3/17_right_loop.jpg,Pore ground truth/Ground truth/R3/17_right_loop.tsv,74bde5fa3ce5129d898ce893fd913b761559871ae6aeefbb2de4ce54d3bfca11,128bad9c76881ce6d3886956a1352225ee24d381cf8e4b26be59653515f6bc77,512,512,441,0,0,257812,0.9834747314453125,171.0548771973376,435,48,70,15.524174696260024,114.0
R3/17_whorl,R3,whorl,Pore ground truth/Fingerprint Images/R3/17_whorl.jpg,Pore ground truth/Ground truth/R3/17_whorl.tsv,42a7d0b3d64129505a9ca1228bbb90182846eb9f423d4ec613d1ae1b99ed4f8c,dda5311b30c49ff98b5bc5e2c7a378d070b077dd8f5eba05f72710cc415d495e,512,512,419,0,3,262144,1.0,159.8358154296875,419,49,75,14.212670403551895,115.0
R3/18_right_loop,R3,right_loop,Pore ground truth/Fingerprint Images/R3/18_right_loop.jpg,Pore ground truth/Ground truth/R3/18_right_loop.tsv,df651ac445a247c17f6208241f67142631fbe81a07cbca46e3c662848b411ba9,db7bd0115055e24503add610850d245b12b2daf98c9261a7a13007f46a2561ce,512,512,377,0,0,262144,1.0,143.8140869140625,377,39,63,15.811388300841896,122.0
R3/18_whorl,R3,whorl,Pore ground truth/Fingerprint Images/R3/18_whorl.jpg,Pore ground truth/Ground truth/R3/18_whorl.tsv,79f8c7849d815a843b2c8b77af219b490b193e5160176de8393f650b1c3f1c9a,a489c37ad32a70f04aefec1867dc984d21d35938f01d09447c59c5f0bee4d315,512,512,411,0,2,260556,0.9939422607421875,157.73960300280936,411,53,79,15.811388300841896,132.0
R3/19_right_loop,R3,right_loop,Pore ground truth/Fingerprint Images/R3/19_right_loop.jpg,Pore ground truth/Ground truth/R3/19_right_loop.tsv,1c13e44d1f43e723c631d0c1e78f27fe68db6ce4c1b700801a74b416fe41bd9e,10de6d6ec48e573290b93e6ec95ac023c60e302ee387503461537b55eace9c79,512,512,453,0,0,262144,1.0,172.8057861328125,453,55,77,14.317821063276353,118.0
R3/19_whorl,R3,whorl,Pore ground truth/Fingerprint Images/R3/19_whorl.jpg,Pore ground truth/Ground truth/R3/19_whorl.tsv,8d2a5811c6d0619f8db6828c6e1c6553fb2127a4faf273bea1fb25df094bca68,37ee75a6412de3971902503bbecb158c8a13ee1ecd4eb179a3e8b80933210e73,512,512,356,0,0,248461,0.9478034973144531,143.2820442644922,340,52,69,16.262867481726914,121.0
R3/1_left_loop,R3,left_loop,Pore ground truth/Fingerprint Images/R3/1_left_loop.jpg,Pore ground truth/Ground truth/R3/1_left_loop.tsv,05c9dce9ef2677fb521ba78b25141a6792a7a4ecf295293039b77ce89a9031d1,dcc52691b6128fbf399bdbf9a5a4c5d587840712ea020e5d07b83aa0b5221a5d,512,512,512,0,0,257253,0.9813423156738281,199.02586170034948,503,71,100,16.401219466856727,141.0
R3/1_plain_arch,R3,plain_arch,Pore ground truth/Fingerprint Images/R3/1_plain_arch.jpg,Pore ground truth/Ground truth/R3/1_plain_arch.tsv,019438ad27b65d2d23153e94457059263368748c664051cbdf50b50141e6e328,ad8ed8c0b792b2e9c3a9fdc9a18ae1076dde8ab5a39245e00c5ae726faa8a19e,512,512,429,0,0,262144,1.0,163.6505126953125,429,60,79,15.0,128.0
R3/1_right_loop,R3,right_loop,Pore ground truth/Fingerprint Images/R3/1_right_loop.jpg,Pore ground truth/Ground truth/R3/1_right_loop.tsv,4b64111772e1c0aadbcc3fb834f302fde40dbde54273a731687813b10e58a58a,3bb47cbc190cb10233a5210a5d1bc77623da0c5485406b805d4a9f5c7dcf989d,512,512,367,0,0,262144,1.0,139.9993896484375,367,42,73,16.55294535724685,118.0
R3/1_tented_arch,R3,tented_arch,Pore ground truth/Fingerprint Images/R3/1_tented_arch.jpg,Pore ground truth/Ground truth/R3/1_tented_arch.tsv,0353217d1d1babc71294f9d6f71653b81d6379b90f23f084e93839216f4ed491,d64cf3aebf10813d8980c768979464769e32ae40f97a98098127f547a1c5746d,512,512,348,0,0,262144,1.0,132.75146484375,348,46,77,15.731932071670212,120.0
R3/1_whorl,R3,whorl,Pore ground truth/Fingerprint Images/R3/1_whorl.jpg,Pore ground truth/Ground truth/R3/1_whorl.tsv,00899e5902ca61fd604ea5d96d2dd858a89e88a8ef900fe56858f5cb5dc521eb,6b8178226016bff7a6e0330ce7b245a2b7b16723d65504921dc8e5908214c0bd,512,512,343,0,0,253847,0.9683494567871094,135.12076171867307,336,45,72,15.652475842498529,128.0
R3/20_right_loop,R3,right_loop,Pore ground truth/Fingerprint Images/R3/20_right_loop.jpg,Pore ground truth/Ground truth/R3/20_right_loop.tsv,b87251b0ff50892eb819b572a6b48d8d387c9852010845d139ad7fb1b2fb5742,41e3b2230efe52d1ee0949ef3c24bbd6c983ee5265c72945b650ed69d832f4c3,512,512,428,0,0,260806,0.9948959350585938,164.10665398802175,428,51,84,15.636487597155918,141.0
R3/20_whorl,R3,whorl,Pore ground truth/Fingerprint Images/R3/20_whorl.jpg,Pore ground truth/Ground truth/R3/20_whorl.tsv,a91b0ef76c01a5f1b7140c8be561cd98ff5d3b979c16cbf3da7a4e12c085fc20,344659bc29bd6b9c64b7ae9f5a1fcbc95110e8affadc378ba67fcab95487f423,512,512,350,0,0,262144,1.0,133.514404296875,350,37,65,14.370013082566155,118.0
R3/21_right_loop,R3,right_loop,Pore ground truth/Fingerprint Images/R3/21_right_loop.jpg,Pore ground truth/Ground truth/R3/21_right_loop.tsv,4c75dd0504bfdc0c43a130db8d2884481a03193d56495f2121d4f2a7fcd2793d,f13dae4d5bf362b6ce029d0414e8bedcda98d883a20991113c2f8189997b4f11,512,512,351,0,1,262144,1.0,133.8958740234375,351,50,74,16.1245154965971,115.0
R3/21_whorl,R3,whorl,Pore ground truth/Fingerprint Images/R3/21_whorl.jpg,Pore ground truth/Ground truth/R3/21_whorl.tsv,718f1e92f674e4c9f200c1672c3e0b06a52e09fa2b0602fc241ba9437c711804,0cc948d9bcfa8a4ee63fab6f3134e1e57226df4790b42edff3fa58700e3b9af1,512,512,376,0,1,260524,0.9938201904296875,144.32451520781194,376,52,75,17.72004514666935,122.0
R3/22_right_loop,R3,right_loop,Pore ground truth/Fingerprint Images/R3/22_right_loop.jpg,Pore ground truth/Ground truth/R3/22_right_loop.tsv,3637d791828061c55da2e309a09443c771896a9ea8f9939bbd8c556751148fff,973d74a36fad5fbdb69dec6d6cccb9e56d3872c752e6ffea7a345eb99d058fcd,512,512,476,0,0,261909,0.9991035461425781,181.74251362114322,476,49,85,14.933034373659254,117.0
R3/22_whorl,R3,whorl,Pore ground truth/Fingerprint Images/R3/22_whorl.jpg,Pore ground truth/Ground truth/R3/22_whorl.tsv,46fca3229c661790377b41b792f4a3bce02f689cc5ff63e450787257569f2f0b,94019a73f85bc3f80b9a6086a9c37ca6ae6096787d8d8070a6033ba8c08c4bba,512,512,457,0,0,262144,1.0,174.3316650390625,457,63,96,15.620499351813308,120.0
R3/23_right_loop,R3,right_loop,Pore ground truth/Fingerprint Images/R3/23_right_loop.jpg,Pore ground truth/Ground truth/R3/23_right_loop.tsv,cab9271053c8851bbe886e9d93bbf93872880e92e96c199479f522b2362f101e,9d7a99ab71951ef1c0a136e6f4cda33da394a3636a12e87431f08e50e8ff5453,512,512,389,0,0,258544,0.98626708984375,150.4579491305155,385,50,78,14.866068747318506,118.0
R3/23_whorl,R3,whorl,Pore ground truth/Fingerprint Images/R3/23_whorl.jpg,Pore ground truth/Ground truth/R3/23_whorl.tsv,3291edea60fcec5b2bd0968e78ebecbbb2ab656f222c47bbb30b2b956ca2d6c9,8a0b72799088d75a8019ec06c98506230666ff236ace89dca8779cc65c80d9e5,512,512,526,0,0,262144,1.0,200.653076171875,526,75,107,15.524174696260024,109.0
R3/24_right_loop,R3,right_loop,Pore ground truth/Fingerprint Images/R3/24_right_loop.jpg,Pore ground truth/Ground truth/R3/24_right_loop.tsv,70243c286a84b28622a48234fbe7361ebf9cd8de68f8a1e0a5cc9cd58162f540,56513deafa0d65776af856b29fbd45655a176ac482ee762654f9bf12f827e0fa,512,512,431,0,0,262144,1.0,164.4134521484375,431,60,85,16.0,111.0
R3/24_whorl,R3,whorl,Pore ground truth/Fingerprint Images/R3/24_whorl.jpg,Pore ground truth/Ground truth/R3/24_whorl.tsv,ba8fbf541c050de0f7abf8ff96571bd68aa6dbb87285a8e10147eef98d7fd514,0cd0bb7b5bb8b9bc540c5e3cafeec4243ad74e164ed52b52a0a9991a8b3c0a0e,512,512,445,0,0,261519,0.9976158142089844,170.15972070862918,445,56,81,16.1245154965971,108.0
R3/25_right_loop,R3,right_loop,Pore ground truth/Fingerprint Images/R3/25_right_loop.jpg,Pore ground truth/Ground truth/R3/25_right_loop.tsv,d2348ed19594379025f93815dae105303ac53293f36560b676fedcd088f3d7b6,9945036950915e0c1f6dc9fa6d179764a208f49df98a67fd5d235a852ea253df,512,512,388,0,1,260970,0.9955215454101562,148.67609303751388,388,47,72,14.491212440208496,127.0
R3/25_whorl,R3,whorl,Pore ground truth/Fingerprint Images/R3/25_whorl.jpg,Pore ground truth/Ground truth/R3/25_whorl.tsv,1cfc8c879b6d362cd551f09ec1b47f519feca33e90b63d3b3f0cb5a14a018036,79c2a2147f148401b48910294b249aeb21f7df63fb6425b1ac8ad5aba3ff5fe3,512,512,383,0,0,262144,1.0,146.1029052734375,383,55,79,15.231546211727817,118.0
R3/26_right_loop,R3,right_loop,Pore ground truth/Fingerprint Images/R3/26_right_loop.jpg,Pore ground truth/Ground truth/R3/26_right_loop.tsv,01969a8495002424f73917b75090bf653345f09e936dff95e571d66e1bc61cb9,67ea37b0a92e67fa5b11382b9330c86411f71757361168bf55fe18168f6ac96c,512,512,361,0,1,261467,0.9974174499511719,138.06713657937712,361,39,66,15.652475842498529,130.0
R3/26_whorl,R3,whorl,Pore ground truth/Fingerprint Images/R3/26_whorl.jpg,Pore ground truth/Ground truth/R3/26_whorl.tsv,a0e7b6516aa789cc9f410e2b0650208b44b9ba2863324e73eeb5198506c26f5c,eab1bff1882af37e850e90727d7b80160fc83e4895b9d0c3be5b0c9157b90b5d,512,512,344,0,0,258572,0.9863739013671875,133.0383800256795,344,46,68,14.088902235674574,119.0
R3/27_right_loop,R3,right_loop,Pore ground truth/Fingerprint Images/R3/27_right_loop.jpg,Pore ground truth/Ground truth/R3/27_right_loop.tsv,dcf4126a452a14899a7f587a3ee8d0a5dfe35943fdfeb74c506c4a80290b1c2b,5021d25f792abc160f4614c3a2b4813721a12260129923869004e50836aff887,512,512,444,0,0,261911,0.9991111755371094,169.52323499203928,444,53,86,15.620499351813308,116.0
R3/27_whorl,R3,whorl,Pore ground truth/Fingerprint Images/R3/27_whorl.jpg,Pore ground truth/Ground truth/R3/27_whorl.tsv,2c51ca6152e7465f21e9f999c09083b363b623d9d0c15042c3960c5cd1e9d639,fccf74abc7c9eb2a4f0ce8a360a35136ed29fdde137819fb4fdd48595fd7523f,512,512,404,0,1,257353,0.9817237854003906,156.98282126106943,404,41,72,16.1245154965971,149.0
R3/28_right_loop,R3,right_loop,Pore ground truth/Fingerprint Images/R3/28_right_loop.jpg,Pore ground truth/Ground truth/R3/28_right_loop.tsv,fba94af89e9d3994b02f35216fe5721c7024eb400cf95373be8b74295701cc86,3fabf38a3ae3242da0e9ea20f14138908afb0c0e1245947a9750713a74663f99,512,512,451,0,0,262144,1.0,172.0428466796875,451,49,77,15.231546211727817,109.0
R3/28_whorl,R3,whorl,Pore ground truth/Fingerprint Images/R3/28_whorl.jpg,Pore ground truth/Ground truth/R3/28_whorl.tsv,9e34b466b887f699638aa8c89ad863a8295bd45ede7563539f0c64939ebdd44e,4e74227547dd3baee772613fe60c74f6c0e71fbb7ff88019dede5d372fe1d46a,512,512,440,0,0,262144,1.0,167.8466796875,440,60,82,15.083021164397232,111.0
R3/29_right_loop,R3,right_loop,Pore ground truth/Fingerprint Images/R3/29_right_loop.jpg,Pore ground truth/Ground truth/R3/29_right_loop.tsv,9dce52bd669b59162183c60012e262a910cedc3ce8586fed9425b82f8dd5ceaa,048252d8cbf8db6a55a0d66e1d727e444369d144f9eea803233ac356c7bc3b53,512,512,489,0,0,257597,0.9826545715332031,189.8314033160324,480,66,103,15.297058540778355,116.0
R3/29_whorl,R3,whorl,Pore ground truth/Fingerprint Images/R3/29_whorl.jpg,Pore ground truth/Ground truth/R3/29_whorl.tsv,28fb127a91aebb31a37cc404eb42ba0e215374da276a3fe223a46cb3fe4df83f,db5ebe77183f7b0ddc44cad8c3faeccb37216b3efe652f08e59885cf6e114382,512,512,388,0,0,260649,0.9942970275878906,148.85919378167574,388,43,71,15.652475842498529,123.0
R3/2_left_loop,R3,left_loop,Pore ground truth/Fingerprint Images/R3/2_left_loop.jpg,Pore ground truth/Ground truth/R3/2_left_loop.tsv,7d7403accaba5acef8204eb261303094e1bf453fcd94e9a37bb3ae3fbe02feb0,2cc50adeb2da15bd5ecda714381082c597b4a7e74e713e16aaef3cdc62d3014b,512,512,354,0,1,262144,1.0,135.040283203125,354,53,69,17.0,119.0
R3/2_plain_arch,R3,plain_arch,Pore ground truth/Fingerprint Images/R3/2_plain_arch.jpg,Pore ground truth/Ground truth/R3/2_plain_arch.tsv,c8a3c82ca5161223b10219d2d503a6166210cb1d8c44f278064ed4502dc03022,ac58f760cbaacc0bce264fae8cd4af54b66582e366032f10556db1b3d129f146,512,512,429,0,0,260806,0.9948959350585938,164.49008074967603,428,51,78,15.811388300841896,137.0
R3/2_right_loop,R3,right_loop,Pore ground truth/Fingerprint Images/R3/2_right_loop.jpg,Pore ground truth/Ground truth/R3/2_right_loop.tsv,55cbdcf13516a159b62bbd0f161a981f1dbcdcd62bae88ef501b9d49a96bbaaf,7da032e069b7eb80eaea83b3428ad24b26b5fb266b13f770603f6c4bb67fcbda,512,512,409,0,1,262144,1.0,156.0211181640625,409,50,79,16.401219466856727,118.0
R3/2_tented_arch,R3,tented_arch,Pore ground truth/Fingerprint Images/R3/2_tented_arch.jpg,Pore ground truth/Ground truth/R3/2_tented_arch.tsv,0c06c284f80735b1264e551941594f7c70fd4675fc3b4aa98e073bbd48d87f0a,440fda19b63f76aa86cabb33e320f514d2352c889f1c8af83e6499039b14e1fc,512,512,345,0,0,262144,1.0,131.6070556640625,345,49,60,16.15549442140351,117.0
R3/2_whorl,R3,whorl,Pore ground truth/Fingerprint Images/R3/2_whorl.jpg,Pore ground truth/Ground truth/R3/2_whorl.tsv,c3de2532c14a884fe3d027deefeeeb345ba9802c6e15b4ec11edd0e843cf3f2a,df04710d4775f7b6435c337c14b8f69a94b0a183e6c8109428f7d20e5c81fd92,512,512,410,0,0,260650,0.9943008422851562,157.29906004220217,409,51,83,16.1245154965971,114.0
R3/30_right_loop,R3,right_loop,Pore ground truth/Fingerprint Images/R3/30_right_loop.jpg,Pore ground truth/Ground truth/R3/30_right_loop.tsv,fce31e2f8faa429e7c5bb40d3813fb2de0e50a88a4c46d19465d50e81149de56,037a425f8e1f114800b25f1c3e84b5cfa411943cafd5ecf577fc346b92cae4e0,512,512,474,0,1,261849,0.9988746643066406,181.0203590619021,474,55,82,15.731932071670212,110.0
R3/30_whorl,R3,whorl,Pore ground truth/Fingerprint Images/R3/30_whorl.jpg,Pore ground truth/Ground truth/R3/30_whorl.tsv,5101d63ad3bf1a04dc7439a5d9b1c76639cea9df55aa8edda60fa87e34462cf9,6974558d191bfcb59b32c1e2f147b454434e45cb85df5fc0cd904a7f3d0129a6,512,512,416,0,0,262144,1.0,158.69140625,416,47,82,15.604412514301288,117.0
R3/31_right_loop,R3,right_loop,Pore ground truth/Fingerprint Images/R3/31_right_loop.jpg,Pore ground truth/Ground truth/R3/31_right_loop.tsv,4bad615f4e45b123f2f5f6edfd80f288ce725d52de77d0c55b0ae4b8174ec1f5,b79e9aafd003288e9d3c55757896427bc2a7d0f78a27f0db4c0fccf020a66d7a,512,512,537,0,1,259108,0.9884185791015625,207.24948670052643,531,62,99,15.297058540778355,108.0
R3/31_whorl,R3,whorl,Pore ground truth/Fingerprint Images/R3/31_whorl.jpg,Pore ground truth/Ground truth/R3/31_whorl.tsv,5b848f5d87ba44bb9cf97e380f8cd5300341d64ade841cde56f5228b04ae4811,6c5a24ccd1bebe1a3e3c3d1c3f56534e80c523af5172d4ffc63b4ba916f86b68,512,512,387,0,0,261882,0.9990005493164062,147.776479483126,387,45,66,15.264337522473747,121.0
R3/32_right_loop,R3,right_loop,Pore ground truth/Fingerprint Images/R3/32_right_loop.jpg,Pore ground truth/Ground truth/R3/32_right_loop.tsv,32b90923271d9293c794a50e962e04c7f4eb74256a358ba8fa168a12da1ec1e9,f7284a81e0d2746c6ab6594be1e822ced8cea84d336664644e57947b757c0b01,512,512,522,0,0,262144,1.0,199.127197265625,522,71,101,14.142135623730951,107.0
R3/32_whorl,R3,whorl,Pore ground truth/Fingerprint Images/R3/32_whorl.jpg,Pore ground truth/Ground truth/R3/32_whorl.tsv,c27c3bf00af64f72774022767c032320044465252d58959bce81e8a79d0fbd8d,71f37fd386545083290edb1fd41d04f0484833b960a81f0e6355133086801fcf,512,512,464,0,1,262144,1.0,177.001953125,464,54,84,15.540261941182035,110.0
R3/33_right_loop,R3,right_loop,Pore ground truth/Fingerprint Images/R3/33_right_loop.jpg,Pore ground truth/Ground truth/R3/33_right_loop.tsv,0a4442611f515969cea485879726efafe1bc23fa1f8a223773592500589e8e12,6aa69a3faa3b2907ccdd9059159f57b007108a8897a15577d3b57dc5e65e7cae,512,512,410,0,1,262144,1.0,156.402587890625,410,52,71,15.540261941182035,111.0
R3/33_whorl,R3,whorl,Pore ground truth/Fingerprint Images/R3/33_whorl.jpg,Pore ground truth/Ground truth/R3/33_whorl.tsv,0720bdfc3cdf461ec4a67316b652f8a2ed0018310059b908918086fa9bf29f19,71950ee5d460c012ac002eecd96529985c3d4a87b8e233e4f9c7d0e32b6bd663,512,512,432,0,0,262144,1.0,164.794921875,432,71,94,16.278820596099706,107.0
R3/34_right_loop,R3,right_loop,Pore ground truth/Fingerprint Images/R3/34_right_loop.jpg,Pore ground truth/Ground truth/R3/34_right_loop.tsv,507cd7286f853c5490bcab8ae360c5d15b255e9f9ce975cb22654ac3f84345e7,f96a4ae7a66a31cd26f56247630475ae1b14e4433245436067ec49fa999f4e18,512,512,407,0,0,261589,0.9978828430175781,155.58758204664568,407,57,85,15.811388300841896,122.0
R3/34_whorl,R3,whorl,Pore ground truth/Fingerprint Images/R3/34_whorl.jpg,Pore ground truth/Ground truth/R3/34_whorl.tsv,0ac75dd66008ec6bffade0d81963055fab91ae57c9fc302c6c2288fb9c6a9348,16e1244b556d5ca0bce7b1a22b6af3fa0dd453b7806d8f5eefcc7343cb4136b3,512,512,438,0,0,260743,0.9946556091308594,167.98149902394312,437,55,87,16.140004959000304,121.0
R3/35_right_loop,R3,right_loop,Pore ground truth/Fingerprint Images/R3/35_right_loop.jpg,Pore ground truth/Ground truth/R3/35_right_loop.tsv,a04ddd2f550680aa1f189a0593306c905f68b291528e469497bdaccf14e67723,4738c624ea494e84c3c5cbc687745bfd8c7d61f344ff9a1bf416b34a6917f882,512,512,365,0,1,261914,0.9991226196289062,139.35872080148448,365,37,69,15.231546211727817,122.0
R3/35_whorl,R3,whorl,Pore ground truth/Fingerprint Images/R3/35_whorl.jpg,Pore ground truth/Ground truth/R3/35_whorl.tsv,53084836e434fe7f3ff073e0156542586ad73e6470858080f19d586c43b99ff3,aa91640c15ddadbb3d512db11d96d76b43406a5a77e8b94e1926ac2a9f1f5e5b,512,512,363,0,0,256899,0.9799919128417969,141.3006667990144,358,49,67,15.033296378372908,137.0
R3/36_right_loop,R3,right_loop,Pore ground truth/Fingerprint Images/R3/36_right_loop.jpg,Pore ground truth/Ground truth/R3/36_right_loop.tsv,37b6bb514e828f51a0ff10c2ac06b2d8fd6a86a0bb250bacdcd19dbf22a57f68,a9f3e7efb7da532f8a8f3658b9cd00721167e74b216b8e8e18153a5332b6d2b9,512,512,433,0,0,262144,1.0,165.1763916015625,433,52,85,15.524174696260024,117.0
R3/36_whorl,R3,whorl,Pore ground truth/Fingerprint Images/R3/36_whorl.jpg,Pore ground truth/Ground truth/R3/36_whorl.tsv,5bb4ae73972fa7523dd9c2260b8e9465b3259aa0eddccb85324df7cd865d4509,db1a6ee7a9e659d693eeeb097056cab46f2a17ef472cdeeed144c3a8cd636d9f,512,512,430,0,1,262144,1.0,164.031982421875,430,53,81,15.620499351813308,116.0
R3/37_right_loop,R3,right_loop,Pore ground truth/Fingerprint Images/R3/37_right_loop.jpg,Pore ground truth/Ground truth/R3/37_right_loop.tsv,2503ab51214b637c3c4c21e92046978356651b97f9890ec724e210961d421e5e,15b4c2f7dba7062c766c11b83b3a3c4dfb5c0be76ab3717f7325f6fc47179aa3,512,512,411,0,1,261741,0.9984626770019531,157.0254564626864,411,44,78,14.866068747318506,110.0
R3/37_whorl,R3,whorl,Pore ground truth/Fingerprint Images/R3/37_whorl.jpg,Pore ground truth/Ground truth/R3/37_whorl.tsv,5cd9191e4e0429076c1e92354ad4bd4f89f446c12ac8ec6efea08272757058cf,853a768a6cf34c2a44e3e994118b333fca82c7282c4134534eb56bfef33bdd6a,512,512,456,0,1,259350,0.9893417358398438,175.82417582417582,456,53,86,14.317821063276353,132.0
R3/38_right_loop,R3,right_loop,Pore ground truth/Fingerprint Images/R3/38_right_loop.jpg,Pore ground truth/Ground truth/R3/38_right_loop.tsv,1585e2ddcf6f19e42cd3c4a66cbd742a3aa33961689fcf52fb88b4b49b6af1f5,7243b699b62ffb3859f6175f6c630ddbd912d94b08cefd59063a328d45a9c14c,512,512,530,0,0,262144,1.0,202.178955078125,530,69,98,14.560219778561036,109.0
R3/38_whorl,R3,whorl,Pore ground truth/Fingerprint Images/R3/38_whorl.jpg,Pore ground truth/Ground truth/R3/38_whorl.tsv,bf2f85edb8b6af2ae6969c737e5e2ad59f9d735c4faed441ef2906da2b305dce,da3de40c00519591b62a58cbb56620e7066d15de931f3cb6dcca7e3df9db586b,512,512,481,0,0,261251,0.9965934753417969,184.11412779281227,480,64,95,15.132745950421556,126.0
R3/39_right_loop,R3,right_loop,Pore ground truth/Fingerprint Images/R3/39_right_loop.jpg,Pore ground truth/Ground truth/R3/39_right_loop.tsv,137beaaab25c70097575d0585576ebc812a2275fa6097d0b0220a8cb9a06398f,5954e3e478906d9ea9220d490beeeaae5a5c3eab6973bad690e5d1575f3a7ea0,512,512,348,0,0,258786,0.9871902465820312,134.47404419095315,348,36,65,14.866068747318506,134.0
R3/39_whorl,R3,whorl,Pore ground truth/Fingerprint Images/R3/39_whorl.jpg,Pore ground truth/Ground truth/R3/39_whorl.tsv,95f582374d2f188f53ef42652b608212cc529a57ec1d4268f3b066cbc9286a54,72c0732ecf8e4d69e0274fed20ac92638ba424263483b4571439d4eefa44735c,512,512,454,0,0,262144,1.0,173.187255859375,454,53,84,15.68386874347297,112.0
R3/3_left_loop,R3,left_loop,Pore ground truth/Fingerprint Images/R3/3_left_loop.jpg,Pore ground truth/Ground truth/R3/3_left_loop.tsv,0b48d9320ec6ded434c6ce22e847f553b02136da8b8c2a4eec08f25926a92e74,ba2adec0087e271f3d09f3f667a0cda01fafef04e1b877a16e7ef08e46f736db,512,512,358,0,0,262144,1.0,136.566162109375,358,49,67,14.142135623730951,114.0
R3/3_plain_arch,R3,plain_arch,Pore ground truth/Fingerprint Images/R3/3_plain_arch.jpg,Pore ground truth/Ground truth/R3/3_plain_arch.tsv,38fb7b66ab12f2497fdda7abe93f361e07666ec1670a6124349d5b912dd872f1,0162f7e8a2785e37c502be13c8bd0814e1a733a2fc1df63f769758494575fd4f,512,512,404,0,0,260222,0.9926681518554688,155.2520540154176,404,43,60,16.1245154965971,139.0
R3/3_right_loop,R3,right_loop,Pore ground truth/Fingerprint Images/R3/3_right_loop.jpg,Pore ground truth/Ground truth/R3/3_right_loop.tsv,98618c6785f048ad3784aecf0224fc699d2a656e97f4b66e44abe2dd119b6730,cc14a1efa8e1cb44f31e026c578a6a27f9355b2698c298f22e24e1381796ee39,512,512,399,0,0,262144,1.0,152.2064208984375,399,47,77,16.15549442140351,113.0
R3/3_tented_arch,R3,tented_arch,Pore ground truth/Fingerprint Images/R3/3_tented_arch.jpg,Pore ground truth/Ground truth/R3/3_tented_arch.tsv,7e8f44e610c0552acbc5f894d6a9422e1a2fefffd200019c0daf807b6affc66f,cc3dafd5ea08749991d28c58ca2f976efd51296c6d7ca14d3144094461bc84bd,512,512,463,0,0,262144,1.0,176.6204833984375,463,53,89,15.297058540778355,133.0
R3/3_whorl,R3,whorl,Pore ground truth/Fingerprint Images/R3/3_whorl.jpg,Pore ground truth/Ground truth/R3/3_whorl.tsv,1b860aa6258e7440a603abbd691d620de7efc419d41fef52ce558854a6517657,0cc69060074488a8082187d6e2a59b89fc133147c841a157a3205634803df8c7,512,512,498,0,1,262144,1.0,189.971923828125,498,67,99,15.0,110.0
R3/40_right_loop,R3,right_loop,Pore ground truth/Fingerprint Images/R3/40_right_loop.jpg,Pore ground truth/Ground truth/R3/40_right_loop.tsv,1b82362510aca028d37d0dd8a70baebd27f86c308627ab8023a1789a19cde36c,8a69cfb0c32c8cf757de52a1435acd1e673c12c8c11dcbae834de135ff86663e,512,512,337,0,0,260131,0.9923210144042969,129.55011129008076,337,41,54,15.264337522473747,124.0
R3/40_whorl,R3,whorl,Pore ground truth/Fingerprint Images/R3/40_whorl.jpg,Pore ground truth/Ground truth/R3/40_whorl.tsv,efeb1948791cd927eb4ab4879ef0f42251bb25f0aded7f34fd8607229c1ae211,eb212a23d91177c947ba911b840b95649d996c69abdb21d9d5659cad93ef91d0,512,512,374,0,0,261877,0.9989814758300781,142.8151384046709,374,42,74,15.426022781770563,115.0
R3/41_right_loop,R3,right_loop,Pore ground truth/Fingerprint Images/R3/41_right_loop.jpg,Pore ground truth/Ground truth/R3/41_right_loop.tsv,40cf182b1bb1650873c84a88aef50cb690aa1849d6f6e4868e5fbd42fef786cf,9819a7a6e38ec3236c96d94e09c4fdd648a352b340660fb5117a8b7f859388f1,512,512,459,0,1,262144,1.0,175.0946044921875,459,56,78,16.1245154965971,112.0
R3/41_whorl,R3,whorl,Pore ground truth/Fingerprint Images/R3/41_whorl.jpg,Pore ground truth/Ground truth/R3/41_whorl.tsv,195a8e2442ccf17caef4c772961a388993de642150f2fd6dbd5cc5344f0b3e9a,e10675b85516540cbc9fcc5edda803726b8ddf54388365328967ca30a4b5f543,512,512,316,0,1,259464,0.989776611328125,121.78953534979806,316,27,52,16.06225774829855,126.0
R3/42_right_loop,R3,right_loop,Pore ground truth/Fingerprint Images/R3/42_right_loop.jpg,Pore ground truth/Ground truth/R3/42_right_loop.tsv,18c38e124c04c6616515432d44bc5adcf4d8dafbcb3f1226773039e568f9cdba,55d992ec6f45026f0829b492de73a98d5d878c777a77422d86b55a133c0a1d78,512,512,506,0,1,262144,1.0,193.023681640625,506,63,101,16.0312195418814,111.0
R3/42_whorl,R3,whorl,Pore ground truth/Fingerprint Images/R3/42_whorl.jpg,Pore ground truth/Ground truth/R3/42_whorl.tsv,f009b24c9ddc9e2cadf2235023b7c4257e059814eace05c894acbb4cd5deabaa,d44e36fc149a9c6f865a9d18e20a1d7692900bb0321f5a6a4cd0bd055d6a71c8,512,512,363,0,0,255854,0.9760055541992188,141.87778967692512,360,42,64,15.264337522473747,127.0
R3/43_right_loop,R3,right_loop,Pore ground truth/Fingerprint Images/R3/43_right_loop.jpg,Pore ground truth/Ground truth/R3/43_right_loop.tsv,a41738eddca753020b0d89e7f1b5a8168ba102050230f4178179e0aed9d760c5,7dae782071be6d9baad5959d02cc47cdd8486258c1e2baacd8761ea4497b662d,512,512,376,0,1,262144,1.0,143.4326171875,376,46,68,15.426703863441201,113.0
R3/43_whorl,R3,whorl,Pore ground truth/Fingerprint Images/R3/43_whorl.jpg,Pore ground truth/Ground truth/R3/43_whorl.tsv,14d872c0beaaecc81b4e066f7186a5a00ca82d9fcba47deac3f94917fd59dcb3,39711228e910e4c3d1131cf7883f536b8521e5a1eafc634aa37dd71fc6ca35ae,512,512,498,0,0,262144,1.0,189.971923828125,498,55,94,14.7648230602334,115.0
R3/44_right_loop,R3,right_loop,Pore ground truth/Fingerprint Images/R3/44_right_loop.jpg,Pore ground truth/Ground truth/R3/44_right_loop.tsv,46d8699c0a2571e5a249414860677265cdf26025f16ffdb7f046e238d2c7b5ba,dd536fa778cff4b25bef2fa33fa237351cf7ff35d62bc43a7063ca0dc8544fec,512,512,368,0,0,262144,1.0,140.380859375,368,44,69,14.815445903775952,127.0
R3/44_whorl,R3,whorl,Pore ground truth/Fingerprint Images/R3/44_whorl.jpg,Pore ground truth/Ground truth/R3/44_whorl.tsv,302c69305c9c1398c0109381548f04b89fa581ef799ead637348285b9bc62bb6,eb16d4fac75a53ac2fe3470d562146cae05c603630513301a2467c292f112546,512,512,437,0,1,260025,0.9919166564941406,168.06076338813574,434,51,78,16.0312195418814,113.0
R3/45_right_loop,R3,right_loop,Pore ground truth/Fingerprint Images/R3/45_right_loop.jpg,Pore ground truth/Ground truth/R3/45_right_loop.tsv,e8bee941c7196ae43fefd884adb0dfb2878e59c1ce9bbfe844574491a7b39d88,56698ce3d9537f42c8e4104a76e3d5c641d5449bf0f14840aa461895d39c9b57,512,512,337,0,0,261926,0.9991683959960938,128.66229393034672,337,50,75,15.033296378372908,126.0
R3/45_whorl,R3,whorl,Pore ground truth/Fingerprint Images/R3/45_whorl.jpg,Pore ground truth/Ground truth/R3/45_whorl.tsv,6ce38b735737ae8b135ecbb47cdb6259639dc7f663d941621c00f5e9128d1ab8,7ed32742f4f28a3ec0ee515779d30e6a45a6510029c006f4c81962979ca19552,512,512,397,0,0,251999,0.9612998962402344,157.54030769963373,388,53,72,15.811388300841896,125.0
R3/46_right_loop,R3,right_loop,Pore ground truth/Fingerprint Images/R3/46_right_loop.jpg,Pore ground truth/Ground truth/R3/46_right_loop.tsv,54d9a0d36bd67a6f4a83f073c2e1fbe954b9dfd27433e94dcae7b5be1f87986c,6564a3a0de77a2232e121e2aad7c165a34ec8cc3f2ec64ba9c6a11e3179550cc,512,512,401,0,0,262144,1.0,152.9693603515625,401,55,80,16.1245154965971,113.0
R3/46_whorl,R3,whorl,Pore ground truth/Fingerprint Images/R3/46_whorl.jpg,Pore ground truth/Ground truth/R3/46_whorl.tsv,4548a0037e442c583311fda5322351eeb33187c0add0badd35abdce9199a799a,00620c978deac7161fc87fed60d542e4c70376f22ab37fbb3a6cdd57a6e68319,512,512,426,0,0,254029,0.9690437316894531,167.6973888807971,419,41,79,13.92838827718412,141.0
R3/47_right_loop,R3,right_loop,Pore ground truth/Fingerprint Images/R3/47_right_loop.jpg,Pore ground truth/Ground truth/R3/47_right_loop.tsv,5c626788b10c9845273d54d642957837e2a431c00857afaa850c994a1c2d62fa,d4057e772619644f800ac61409bb3ad44565374cea1651d5b9c3a19be9d6fad4,512,512,368,0,0,260410,0.9933853149414062,141.31561767981262,368,49,74,16.34002003147822,119.0
R3/47_whorl,R3,whorl,Pore ground truth/Fingerprint Images/R3/47_whorl.jpg,Pore ground truth/Ground truth/R3/47_whorl.tsv,0ee101122a8a7ec30d8c3d36821212f0039253da97b468629dd32b63494c1408,f164639c051f71e518b1e55eeda74bd414e1415dfd72096c2c473cec009be413,512,512,348,0,0,262144,1.0,132.75146484375,348,41,65,15.0,118.0
R3/48_right_loop,R3,right_loop,Pore ground truth/Fingerprint Images/R3/48_right_loop.jpg,Pore ground truth/Ground truth/R3/48_right_loop.tsv,01cfd09be7e70b5015e3d4d9ac412ac4fb095ddcf7b786a25d94ffee7b80cfe3,465ead88210e00b332b62732442fc10c6c0f7aba8ffe47f53ca071ba8edfd1d4,512,512,324,0,0,261471,0.9974327087402344,123.91431554550982,324,46,65,15.083021164397232,133.0
R3/48_whorl,R3,whorl,Pore ground truth/Fingerprint Images/R3/48_whorl.jpg,Pore ground truth/Ground truth/R3/48_whorl.tsv,cdf8fb17ea2165bf18c096005aa195733919e9093f3524d89768ccf98ed66fdd,8bcf8309cae65392c4789efb063231ba514699199f735ecf0d4e0abe4057750a,512,512,338,0,0,261926,0.9991683959960938,129.04408115269197,338,42,59,15.426703863441201,115.0
R3/49_right_loop,R3,right_loop,Pore ground truth/Fingerprint Images/R3/49_right_loop.jpg,Pore ground truth/Ground truth/R3/49_right_loop.tsv,31f737123c9f689420ae0f298e34867390ea4d040858efa289bce26203533267,a44f15bdc7d4e47e653bd81cdad33c48263319aaf731dbf8e4f86673d9b2a855,512,512,420,0,1,262144,1.0,160.21728515625,420,50,83,16.446820984663685,135.0
R3/49_whorl,R3,whorl,Pore ground truth/Fingerprint Images/R3/49_whorl.jpg,Pore ground truth/Ground truth/R3/49_whorl.tsv,b7cba0505df0763724089e35737471e2206599fedda57dc626ae2bb4456c44fb,786f21071d04d3c8a45c63232982880dc6cd33f8f467f83a026d73795ca16a96,512,512,474,0,1,261938,0.9992141723632812,180.95885285830997,474,57,84,15.811388300841896,109.0
R3/4_left_loop,R3,left_loop,Pore ground truth/Fingerprint Images/R3/4_left_loop.jpg,Pore ground truth/Ground truth/R3/4_left_loop.tsv,49f9699ecd02979f8a2db656411b6fb0f3b0e93d7ad040ac87754fe411a6529c,15acbaae4d91577b3e836c5c46fc9c1a430ff95ffc198e51d13dc069c2253492,512,512,344,0,0,261934,0.9991989135742188,131.33079325326227,344,39,68,15.264337522473747,119.0
R3/4_plain_arch,R3,plain_arch,Pore ground truth/Fingerprint Images/R3/4_plain_arch.jpg,Pore ground truth/Ground truth/R3/4_plain_arch.tsv,0cf5de09a9b318400daad4c111f5390fccb912a37f27928e10102909e75c47ed,8d9eee2cee8497ccfa9e52d8663774efe07fe4e3fe2f12895365fde24fa94818,512,512,462,0,0,262144,1.0,176.239013671875,462,51,83,16.0312195418814,132.0
R3/4_right_loop,R3,right_loop,Pore ground truth/Fingerprint Images/R3/4_right_loop.jpg,Pore ground truth/Ground truth/R3/4_right_loop.tsv,09d1e32ee7a11396baa8536cb16cd9d35b5aee10a07eb3fa91ef3b35583f76f1,aac0db3682dbd6644d2e886f8be6c83a05e37e89f533355102538cbe40461a67,512,512,417,0,0,260463,0.9935874938964844,160.0995150942744,417,57,93,15.524174696260024,134.0
R3/4_whorl,R3,whorl,Pore ground truth/Fingerprint Images/R3/4_whorl.jpg,Pore ground truth/Ground truth/R3/4_whorl.tsv,ac8a648df5ab0dbd8bbdbde7beb894e96bfc127f9d64fe6b891e42a786145405,1a37a85ff818b749893fbc818c6a277e01be6cd3a59986f62efd9bee8eec5a69,512,512,333,0,0,261796,0.9986724853515625,127.19827652064967,333,52,68,15.620499351813308,125.0
R3/50_right_loop,R3,right_loop,Pore ground truth/Fingerprint Images/R3/50_right_loop.jpg,Pore ground truth/Ground truth/R3/50_right_loop.tsv,ee50fa76c388b44461c9d6752340d897fbc0e49227e27998466eaffe62ad5972,e506bdf22b1e397f54bea229933d76385c9b5bd18b439e5a2d26e656aaaf5336,512,512,355,0,0,262144,1.0,135.4217529296875,355,45,67,15.231546211727817,117.0
R3/50_whorl,R3,whorl,Pore ground truth/Fingerprint Images/R3/50_whorl.jpg,Pore ground truth/Ground truth/R3/50_whorl.tsv,4279a24b3e83f3b8c48bde1f6a9335f7b5b94195fb4c9d749a0929e81fd68c22,6b38a488aad775d7c5a481f81339f523962153899e0b23dd76f19af3bfd65aa4,512,512,389,0,0,262144,1.0,148.3917236328125,389,56,83,15.264337522473747,113.0
R3/51_right_loop,R3,right_loop,Pore ground truth/Fingerprint Images/R3/51_right_loop.jpg,Pore ground truth/Ground truth/R3/51_right_loop.tsv,d7fdcc7efd8987eb1b794e8153807f085a7f27373503d13cc5789d38fea2a8cf,e59ec926e81d579fc5ad35e0f232be2715c5a375bb041b11c8d42f90db4023b2,512,512,464,0,1,261655,0.9981346130371094,177.3327473199442,464,61,84,16.0,112.0
R3/51_whorl,R3,whorl,Pore ground truth/Fingerprint Images/R3/51_whorl.jpg,Pore ground truth/Ground truth/R3/51_whorl.tsv,8511a67e02ce8379695b0fc8c5ab7833073b3fba7799edb7b3e94f75701d5d3b,f3c7e6679318156009951859f8ed9ed23241bb245e4b911fe87c5bb11895165c,512,512,377,0,1,260961,0.9954872131347656,144.46603132268805,377,52,75,15.556349186104045,124.0
R3/52_right_loop,R3,right_loop,Pore ground truth/Fingerprint Images/R3/52_right_loop.jpg,Pore ground truth/Ground truth/R3/52_right_loop.tsv,560729a35d15b10aa39a9a2570553b4ad0cae31cea7cc83fe89b266ebc8eeb94,bada568b8ec252bee1fca6e8d5899e8061e428e75522897933f8e358717cd8a1,512,512,486,0,1,262144,1.0,185.394287109375,486,63,101,15.264337522473747,111.0
R3/52_whorl,R3,whorl,Pore ground truth/Fingerprint Images/R3/52_whorl.jpg,Pore ground truth/Ground truth/R3/52_whorl.tsv,f00de87598254073a68fa8896d89aac07d71f761fed256a7f0d3ecc4fa7cbbb2,8afc9fda41ae3d5d510e1286113800bb9e4a586a6ceceffb1057fa04777911c0,512,512,362,0,0,262144,1.0,138.092041015625,362,43,65,17.0,114.0
R3/53_right_loop,R3,right_loop,Pore ground truth/Fingerprint Images/R3/53_right_loop.jpg,Pore ground truth/Ground truth/R3/53_right_loop.tsv,a930b06d459d7f865bf0c91064b11934a4c3aea7e388fe11f170b2989064c4d6,b4f9b49f6454098607a81acf3d034d2ee7e6ddc475ae443bceeafec41aa5623c,512,512,334,0,0,261938,0.9992141723632812,127.51109041070788,334,46,68,16.492422502470642,120.0
R3/53_whorl,R3,whorl,Pore ground truth/Fingerprint Images/R3/53_whorl.jpg,Pore ground truth/Ground truth/R3/53_whorl.tsv,70cd60e46f5ced4b1417d4653a780fc22a633e521058b5e28c442c944ad55387,d63b0f46b96dd9b1e226974fb1de750f1ab25ecea8b09453d4d3030792536651,512,512,494,0,1,258917,0.9876899719238281,190.79473344739822,494,52,88,15.556349186104045,139.0
R3/54_right_loop,R3,right_loop,Pore ground truth/Fingerprint Images/R3/54_right_loop.jpg,Pore ground truth/Ground truth/R3/54_right_loop.tsv,47a0764d81ec22f68345c1002acb2e9fc6d3aa77888770f9fc017bf02b34eab7,d0e69499791fc639a778d94f086f3fb8c66aeb12b27b7bb0a6705c1e0f7632da,512,512,452,0,0,261905,0.9990882873535156,172.58166128939882,452,58,83,15.297058540778355,133.0
R3/54_whorl,R3,whorl,Pore ground truth/Fingerprint Images/R3/54_whorl.jpg,Pore ground truth/Ground truth/R3/54_whorl.tsv,965328565b60509961bb0ecc4bb7cfed983ea8e3c926b944952449a637e24df9,d5f5cc3dd7fae3d3a0c9470707b13f4f46e90c3826285878166243cde4d9bb54,512,512,459,0,0,262144,1.0,175.0946044921875,459,55,85,16.492422502470642,121.0
R3/55_right_loop,R3,right_loop,Pore ground truth/Fingerprint Images/R3/55_right_loop.jpg,Pore ground truth/Ground truth/R3/55_right_loop.tsv,8f779930049f8450fbd35ac821f607fa854ecb6403814beeb9f1ca172b46a5c0,8b0c638347b5abf96cca056a53560a146a058c5b3de1e01793c5d739355a47a9,512,512,418,0,0,262144,1.0,159.454345703125,418,51,83,16.278820596099706,111.0
R3/55_whorl,R3,whorl,Pore ground truth/Fingerprint Images/R3/55_whorl.jpg,Pore ground truth/Ground truth/R3/55_whorl.tsv,197464749d543559142abc7ad4210b402e2856cbb20db20dcd9c29cf45e2ca1f,18f13f684151c8a83a145e4d8b3f82112b9afa08c4bf026be4b544e2df12262e,512,512,467,0,1,262144,1.0,178.1463623046875,467,58,87,15.620499351813308,110.0
R3/56_right_loop,R3,right_loop,Pore ground truth/Fingerprint Images/R3/56_right_loop.jpg,Pore ground truth/Ground truth/R3/56_right_loop.tsv,0a62618e2a1db9d8ea3f82f4cc7c4b94f8b9300408fc5bd01f0d5b4d527082f0,d03f5c5c2d0e07071675a7471c2997852e38b335be21040c1d7a71e21aeedee7,512,512,516,0,1,261513,0.9975929260253906,197.31332667974442,515,55,87,15.280698031626052,111.0
R3/56_whorl,R3,whorl,Pore ground truth/Fingerprint Images/R3/56_whorl.jpg,Pore ground truth/Ground truth/R3/56_whorl.tsv,7059ba865341bb83103cd74c2a617958711a92067b078a072e5910d368e289e6,70bfbdfacf36c43cffb0e6de52acb8c655c90a6d9d44065d9914f99910b2f879,512,512,414,0,0,257569,0.9825477600097656,160.73362865872835,414,46,71,16.278820596099706,149.0
R3/57_right_loop,R3,right_loop,Pore ground truth/Fingerprint Images/R3/57_right_loop.jpg,Pore ground truth/Ground truth/R3/57_right_loop.tsv,92d070b886d55bea379ef271d5948eb8fe44af56b709a9a78be90275e376cd81,4cc4c6d6acd66b741dd65b4672e2feff5e88507749ec4c889812324058924a8c,512,512,457,0,1,262144,1.0,174.3316650390625,457,58,93,15.264337522473747,127.0
R3/57_whorl,R3,whorl,Pore ground truth/Fingerprint Images/R3/57_whorl.jpg,Pore ground truth/Ground truth/R3/57_whorl.tsv,16eadf113c8a07acf39fea56d4da9ca8faeebe7be2297a28fa12329f6120db4b,0e12a642d7db12de282901f12297e8a0dff87dee6d9f23738da73bc485811be8,512,512,370,0,0,260073,0.9920997619628906,142.2677479015507,368,53,73,15.132421295050364,123.0
R3/58_right_loop,R3,right_loop,Pore ground truth/Fingerprint Images/R3/58_right_loop.jpg,Pore ground truth/Ground truth/R3/58_right_loop.tsv,41c16c1c69e6eb9fce9ffe3d3f57b586fe19b68ac74fa27855aededc3438c1b4,843611d2b1b82944fbffca23fef8a868196d6e253a9689a9bfedce755a83225d,512,512,325,0,0,262144,1.0,123.9776611328125,325,39,58,16.1245154965971,115.0
R3/58_whorl,R3,whorl,Pore ground truth/Fingerprint Images/R3/58_whorl.jpg,Pore ground truth/Ground truth/R3/58_whorl.tsv,874915862fd51dd47dc6025536dd1f3282d8bd4f039b0272bd9af1bb0fe657b7,785baa99cad8af1b80f7e977fd3a5df9d2d3e80a0ca510d2f78d95777e37b039,512,512,403,0,0,261938,0.9992141723632812,153.85320190274032,403,41,71,13.92838827718412,116.0
R3/59_right_loop,R3,right_loop,Pore ground truth/Fingerprint Images/R3/59_right_loop.jpg,Pore ground truth/Ground truth/R3/59_right_loop.tsv,d5cb862a4a65f470d4bc88b868dcaf220a279d7fb31239ffe9d05f7fa60eb6d1,0699fa470915cf6950d4b42782069aec415a24a7ed61e4873458f0b6cc711686,512,512,447,0,1,261808,0.99871826171875,170.7358063924708,447,52,91,15.0,127.0
R3/59_whorl,R3,whorl,Pore ground truth/Fingerprint Images/R3/59_whorl.jpg,Pore ground truth/Ground truth/R3/59_whorl.tsv,011f5eea69283df0a28ded83d4352465b6f5fdbe40e9b745a2b360077a8be12b,6125c019738fd5cbfe2d8bd94704a3ec6ed7cff69f736ade087282f2ab6d6058,512,512,472,0,0,262144,1.0,180.0537109375,472,63,96,16.0312195418814,107.0
R3/5_left_loop,R3,left_loop,Pore ground truth/Fingerprint Images/R3/5_left_loop.jpg,Pore ground truth/Ground truth/R3/5_left_loop.tsv,55073eb6cc31261831d8c923fb7c40a5a663b06c24ab0e0fdc6cd3f5325e3b1f,b60a60054bb000700799c2d7b7194a0579e7a2ab050292bc8fb480196f71ed9f,512,512,467,0,0,262144,1.0,178.1463623046875,467,58,86,16.0312195418814,125.0
R3/5_plain_arch,R3,plain_arch,Pore ground truth/Fingerprint Images/R3/5_plain_arch.jpg,Pore ground truth/Ground truth/R3/5_plain_arch.tsv,450fd0a5ff529f597dbb28faaea580337f5985cbf5e79ccc18c27f6fb13b4909,7dc41aa5180acfe45447df4dbdc7934330358edc2cf69d946b2ae52f8e0abfe7,512,512,432,0,0,261940,0.9992218017578125,164.9232648698175,432,52,75,14.229978343503653,124.0
R3/5_right_loop,R3,right_loop,Pore ground truth/Fingerprint Images/R3/5_right_loop.jpg,Pore ground truth/Ground truth/R3/5_right_loop.tsv,8baed0b33ff3f79ab883ea9b71c7d7cf3c6b488c56148517f02ddc892db5ce96,6b1bae4b783493a636ced814b6bb67fd9219444a2f3a9e2a1327c015fe5ee416,512,512,502,0,1,259926,0.9915390014648438,193.13189138447095,496,74,105,15.264337522473747,119.0
R3/5_whorl,R3,whorl,Pore ground truth/Fingerprint Images/R3/5_whorl.jpg,Pore ground truth/Ground truth/R3/5_whorl.tsv,96c7f34cf76d2d2d8fb25326367cc7f8cd56d5c1f7d72efa2a63beb495f57af3,edd50730970e4f3f795e5cc1266a36d099ed9f5d52a5a0b191ef3e8937448e97,512,512,328,0,0,261938,0.9992141723632812,125.22047202009635,328,55,70,16.278356944130117,114.0
R3/60_right_loop,R3,right_loop,Pore ground truth/Fingerprint Images/R3/60_right_loop.jpg,Pore ground truth/Ground truth/R3/60_right_loop.tsv,18faf484aa6a8d9684cf04f5ec6f64558bf208c08a18d672147bc8a5caf05410,767ab78d79e3da07ef91ff8fda660b8d1dbc8656afe2f3833b0f50b9588e81f9,512,512,468,0,3,262144,1.0,178.52783203125,468,55,85,15.132745950421556,110.0
R3/60_whorl,R3,whorl,Pore ground truth/Fingerprint Images/R3/60_whorl.jpg,Pore ground truth/Ground truth/R3/60_whorl.tsv,564a6a85dffbaa8997bf07de6cb0e1c699ba4d6d58f6fa7ee6b76b1524c1088c,1b79f8b44c4cce493a25454c66cdd90f64dd566292a314ee3149b2d6ce0c73e0,512,512,464,0,0,262144,1.0,177.001953125,464,65,90,15.231546211727817,115.0
R3/61_right_loop,R3,right_loop,Pore ground truth/Fingerprint Images/R3/61_right_loop.jpg,Pore ground truth/Ground truth/R3/61_right_loop.tsv,220c81214ffd6896d82ff4d557a2a1baac20dfc41ab250742435be4587b777c6,fb3923c30528d7cfb8ef7f8334920c78eb2ae3c9e5494bdcb0b27781b05997a8,512,512,433,0,0,262144,1.0,165.1763916015625,433,57,85,15.132745950421556,119.0
R3/62_right_loop,R3,right_loop,Pore ground truth/Fingerprint Images/R3/62_right_loop.jpg,Pore ground truth/Ground truth/R3/62_right_loop.tsv,ef25196f3c4cc745d96c4f882d3bfba664fe15ac1db0404232d4b98829803661,a75f1ebc5a06dd274b047f6050b51818ed220bc2b6a287ae3fab33c5345b5b1f,512,512,405,0,1,261469,0.9974250793457031,154.89407922162854,405,59,81,14.422205101855956,120.0
R3/63_right_loop,R3,right_loop,Pore ground truth/Fingerprint Images/R3/63_right_loop.jpg,Pore ground truth/Ground truth/R3/63_right_loop.tsv,9c4146edbcc3e2950fa6a18807dd06514fd0d12848f42dbeb60d004c4bdf05f7,caaf54462e04371d0cf57beafdc73665582cc8f5170804cf51c1147dd29ec0f8,512,512,441,0,0,262144,1.0,168.2281494140625,441,52,85,17.08800749063506,112.0
R3/64_right_loop,R3,right_loop,Pore ground truth/Fingerprint Images/R3/64_right_loop.jpg,Pore ground truth/Ground truth/R3/64_right_loop.tsv,7ce940554d0c51368d820002c4616d64eee82875fd9db11b8c022e1174105bbe,441a31394e8c511fd2ec63bfdf4405dff380dc0740b1847d65bc8603d6d5f5ba,512,512,481,0,0,262144,1.0,183.4869384765625,481,60,88,15.0,114.0
R3/65_right_loop,R3,right_loop,Pore ground truth/Fingerprint Images/R3/65_right_loop.jpg,Pore ground truth/Ground truth/R3/65_right_loop.tsv,b1499c436c37a7ed8579d165dd18da6db0d4f3d76f6973623c62755d41a6d623,2284c1b89744c595b5c9efc6db81c76e3a95018e048e066ef9d6c02f6f39fd7d,512,512,390,0,0,259998,0.9918136596679688,150.00115385502966,390,52,73,15.731932071670212,134.0
R3/66_right_loop,R3,right_loop,Pore ground truth/Fingerprint Images/R3/66_right_loop.jpg,Pore ground truth/Ground truth/R3/66_right_loop.tsv,bdcd22a9e8fe99d06750dcfefec1218685f11c1a8ebb069f3653e3316dfe79b7,98af7051273f036cf070fe7b118faddc6e70fb2746fd9ff9d2554b63d7513d6e,512,512,398,0,0,261852,0.9988861083984375,151.99425629745048,398,61,83,16.522683929858744,113.0
R3/67_right_loop,R3,right_loop,Pore ground truth/Fingerprint Images/R3/67_right_loop.jpg,Pore ground truth/Ground truth/R3/67_right_loop.tsv,aa1acb66f447301d3523cd6a428d9cae8650276fa565d4d1cf1450eeeecdf12e,deb1eece265d95e79f1de7ab6878463cdcbfc8c3454c0cd37db1ad35433f9c89,512,512,382,0,0,258006,0.9842147827148438,148.0585722812648,378,44,66,16.34002003147822,118.0
R3/68_right_loop,R3,right_loop,Pore ground truth/Fingerprint Images/R3/68_right_loop.jpg,Pore ground truth/Ground truth/R3/68_right_loop.tsv,7204945369d9b25a4260e461be4304a112dff657d8953de0b56a6b6d76c1c03a,d858c60cc5611470c8e5533ee205faa3daddfcee12c58f4408efd455444ec84b,512,512,364,0,0,258324,0.9854278564453125,140.90831668757065,362,48,78,15.652475842498529,126.0
R3/69_right_loop,R3,right_loop,Pore ground truth/Fingerprint Images/R3/69_right_loop.jpg,Pore ground truth/Ground truth/R3/69_right_loop.tsv,9469063bc6c30ec93f5eab27b866016c172d18b74409ee6ee07f924fd9195ca2,3f14b4d3c4a0e1d2b786e80d1fbf7ba861613f49110c5337241484c96beb5a0d,512,512,459,0,1,262144,1.0,175.0946044921875,459,68,97,17.029386365926403,131.0
R3/6_plain_arch,R3,plain_arch,Pore ground truth/Fingerprint Images/R3/6_plain_arch.jpg,Pore ground truth/Ground truth/R3/6_plain_arch.tsv,a268d80dda35611957346e3876333fd53a144e715c35a745b476a0bb96c94e66,cf62d0c5c0b39b4484adf489af2c8c874e68142f094a73694a6ed626d7f37a78,512,512,486,0,0,262144,1.0,185.394287109375,486,67,95,15.264337522473747,122.0
R3/6_right_loop,R3,right_loop,Pore ground truth/Fingerprint Images/R3/6_right_loop.jpg,Pore ground truth/Ground truth/R3/6_right_loop.tsv,d9fb5b077c13e7c96c570b7feeb65731c7d90816b9fc77857702d6c6e9435108,5f0aa8bb70b4905cea0dd482360b8bd25667a2532cfefc70354cc9957a6d1b08,512,512,379,0,0,261648,0.99810791015625,144.8510976579221,379,51,77,16.0312195418814,121.0
R3/6_whorl,R3,whorl,Pore ground truth/Fingerprint Images/R3/6_whorl.jpg,Pore ground truth/Ground truth/R3/6_whorl.tsv,0995eeed467509520166dd368dcf8e144ebba952fe6298c1c89800eeba8f0648,83bb937937e5ecb1bc6bdbccc31b2585ae4b3ceb3a07a731a425d098a24bfa08,512,512,331,0,1,260578,0.9940261840820312,127.02530528287114,331,36,55,16.76305461424021,121.0
R3/70_right_loop,R3,right_loop,Pore ground truth/Fingerprint Images/R3/70_right_loop.jpg,Pore ground truth/Ground truth/R3/70_right_loop.tsv,30b74ddcc62e3c24fc76e60d2e6ea8f0a5208d4eb0f7bf14f388aa3ca3c213ae,2f2a3051cf90aba62a8c1e800b1ae3043020974a5891ee6cf06e213c358224c9,512,512,366,0,0,261441,0.9973182678222656,139.99334457870034,366,43,60,14.212670403551895,132.0
R3/71_right_loop,R3,right_loop,Pore ground truth/Fingerprint Images/R3/71_right_loop.jpg,Pore ground truth/Ground truth/R3/71_right_loop.tsv,1bdc383a4734f0804fd5875f7514b94f40a617cb25bd8c9af92137d2247d6043,999df17899b8bb0d11cf21489a966f76399a035b2fc6763a1b1bdf2361b51b7d,512,512,510,0,0,262144,1.0,194.549560546875,510,59,94,15.132745950421556,110.0
R3/72_right_loop,R3,right_loop,Pore ground truth/Fingerprint Images/R3/72_right_loop.jpg,Pore ground truth/Ground truth/R3/72_right_loop.tsv,505500d30d996d8c4edaa256b0e2cf0a3c9a2f97a6581a8e29e701404fa3558f,a4a5882402686031b6293849302c21fb05cf97b778c556a1b7648db0d596a12e,512,512,504,0,0,261073,0.9959144592285156,193.04945360110008,503,81,101,14.933034373659254,130.0
R3/73_right_loop,R3,right_loop,Pore ground truth/Fingerprint Images/R3/73_right_loop.jpg,Pore ground truth/Ground truth/R3/73_right_loop.tsv,efb6c62668b55c4414e787b85742f0f22878b467ef8ddb687e40905c35d7fa30,a8db8406127a15c5e46a9f8831de7f6cb47ddbf294afed9303c6b15bbd553730,512,512,517,0,0,255386,0.9742202758789062,202.43866147713658,501,60,99,14.317821063276353,113.0
R3/74_right_loop,R3,right_loop,Pore ground truth/Fingerprint Images/R3/74_right_loop.jpg,Pore ground truth/Ground truth/R3/74_right_loop.tsv,4d197e3dc2b1c143a2735ca91f72a618c8b683bd10ea8c0ee2a7d1e90f70f65a,3674dbc599ef6f5033fe0e10608cde859286d5dee96b093b05c51f9d21c0594f,512,512,394,0,1,262144,1.0,150.299072265625,394,49,71,15.280698031626052,119.0
R3/7_right_loop,R3,right_loop,Pore ground truth/Fingerprint Images/R3/7_right_loop.jpg,Pore ground truth/Ground truth/R3/7_right_loop.tsv,04b637b4bffb4fc9a8c5f661926175603898b67b4585db7e14aca7dd1595885e,128be6b2f5125663878efbd4b3a211ee6614c6696ddf016a608108e259007b1e,512,512,457,0,2,261791,0.9986534118652344,174.56673453250875,457,61,91,16.15549442140351,125.0
R3/7_whorl,R3,whorl,Pore ground truth/Fingerprint Images/R3/7_whorl.jpg,Pore ground truth/Ground truth/R3/7_whorl.tsv,f0af46a1e26795646e01acf6b057ae9a3ecf5ef56b910dafb34de3a85f1ab3d5,e2667f5175ab020412a35a6ad0590c375cd08e698ecc53978aba4b6e00c9cac4,512,512,443,0,0,261442,0.9973220825195312,169.44484818812586,443,47,77,15.0,122.0
R3/8_right_loop,R3,right_loop,Pore ground truth/Fingerprint Images/R3/8_right_loop.jpg,Pore ground truth/Ground truth/R3/8_right_loop.tsv,e6c1ada0f6749629b5dbc41463edffa163a7fba17b09106845765b150f4eb1d4,e0510083286d3708ab5a97497e847006a7364f0e79690c26ef55110bc2a620c1,512,512,415,0,1,262144,1.0,158.3099365234375,415,56,83,14.866068747318506,128.0
R3/8_whorl,R3,whorl,Pore ground truth/Fingerprint Images/R3/8_whorl.jpg,Pore ground truth/Ground truth/R3/8_whorl.tsv,7c03dea231cba95558eb41273c9261cdf006f4fdec07dd4ac99f6fa4bbeac643,92e3ddbc7cc6aa1664286aa0924d5e3d7f831a3eb8a06443b027ae077a55ebbf,512,512,388,0,0,261107,0.9960441589355469,148.5980843102636,387,48,74,15.731932071670212,124.0
R3/9_right_loop,R3,right_loop,Pore ground truth/Fingerprint Images/R3/9_right_loop.jpg,Pore ground truth/Ground truth/R3/9_right_loop.tsv,df477c60915c0146d11a0d9c7b1ad720b81e7c9f77d6ed924cb46f6cb62c755c,660db85580df71aec0f298dbf36a0315adc57d296cf6fe216a0c57a31d2ebe18,512,512,438,0,0,261914,0.9991226196289062,167.23046496178134,438,47,83,14.7648230602334,124.0
R3/9_whorl,R3,whorl,Pore ground truth/Fingerprint Images/R3/9_whorl.jpg,Pore ground truth/Ground truth/R3/9_whorl.tsv,c68108348bb85d904c639dbc5969c65e2a0495d4f3b6d41555fd7613e3dc5b16,0b4cc33349f2eed6ed438343dbe070ff1fc1c3fe2e8457e4032d4e47466afdaa,512,512,356,0,0,254954,0.9725723266601562,139.633031841038,349,40,60,16.401219466856727,117.0
R4/10_right_loop,R4,right_loop,Pore ground truth/Fingerprint Images/R4/10_right_loop.jpg,Pore ground truth/Ground truth/R4/10_right_loop.tsv,c5fb1b01b267f908ede957fdd7c6607141bd7ccdba6395680e36815ab2d554b0,3a247c30c9e719f95df8241165c1d7d2b8c89678106b561e7463e50276db85b1,512,512,407,0,0,261939,0.9992179870605469,155.37968763719797,406,62,76,16.0312195418814,130.0
R4/10_whorl,R4,whorl,Pore ground truth/Fingerprint Images/R4/10_whorl.jpg,Pore ground truth/Ground truth/R4/10_whorl.tsv,b22d8c7ce51bb792b31d091130fc4c7c34f0635de55cfcb0484f1042cc8b9eb2,76d3e9e3f5cac789dc8daf8801f23ce80d9457e2169704e3de8a4976de38dccb,512,512,354,0,0,261305,0.9967994689941406,135.47387152943878,354,51,74,15.524174696260024,125.0
R4/11_right_loop,R4,right_loop,Pore ground truth/Fingerprint Images/R4/11_right_loop.jpg,Pore ground truth/Ground truth/R4/11_right_loop.tsv,71a46e8fde72a19faa8c5738876bd0fb13f0ffba7d73df46b8626df0ffbb0d36,9ca14d4b6f478c8782f4ba05b6f4228f69711bf42646289775e758a1d0bcf380,512,512,483,0,1,262144,1.0,184.2498779296875,483,65,91,16.1245154965971,114.0
R4/11_whorl,R4,whorl,Pore ground truth/Fingerprint Images/R4/11_whorl.jpg,Pore ground truth/Ground truth/R4/11_whorl.tsv,81863450e23b0e381fa9d250f553642a9526f300abc6a0ffb5f673f15ab99695,9a98806fa9589c268868fc549e74e84dc707e87b0ddfead2c4fb90520ba3e15b,512,512,482,0,0,262144,1.0,183.868408203125,482,51,81,14.815445903775952,107.0
R4/12_right_loop,R4,right_loop,Pore ground truth/Fingerprint Images/R4/12_right_loop.jpg,Pore ground truth/Ground truth/R4/12_right_loop.tsv,76d03ef65ba22d3f5ac5cb9ff8f0fc64b9f7f8130935d5da2ae09f153e20f676,0e89b9463fb259dea021d87470acbe06032d3230f8f0b781de709dd9656765df,512,512,470,0,1,262144,1.0,179.290771484375,470,60,89,15.083021164397232,117.0
R4/12_whorl,R4,whorl,Pore ground truth/Fingerprint Images/R4/12_whorl.jpg,Pore ground truth/Ground truth/R4/12_whorl.tsv,5592d2810aeb9b1ace78e2af07a23627932e574844d2e9ae0f350989d6d86ba2,6ee20f1c613668c3f95e6d2cbc8178adc8d83510d92b6d1994bc3bfe7b077149,512,512,406,0,1,261314,0.9968338012695312,155.3686369654898,406,50,71,16.55294535724685,131.0
R4/13_right_loop,R4,right_loop,Pore ground truth/Fingerprint Images/R4/13_right_loop.jpg,Pore ground truth/Ground truth/R4/13_right_loop.tsv,47698e00c8fe809e843b992b29724d35a0f497cf1e6ca47a68e2afd6b2b4709e,2fe02b86f33dd8b042b76ef009d7e32ddc9b1fd3dcb63569013e9b90eccd308b,512,512,346,0,0,262144,1.0,131.988525390625,346,42,65,15.68386874347297,114.0
R4/13_whorl,R4,whorl,Pore ground truth/Fingerprint Images/R4/13_whorl.jpg,Pore ground truth/Ground truth/R4/13_whorl.tsv,1a4e26e98af132ae487f31dc0498d822b5935ead9ae444c84f86ea26b7defc3a,872019c4e3ba2865d29996ce7782123d9431875021860e80300ab1628ea9638c,512,512,466,0,1,262144,1.0,177.764892578125,466,59,82,15.083021164397232,110.0
R4/14_right_loop,R4,right_loop,Pore ground truth/Fingerprint Images/R4/14_right_loop.jpg,Pore ground truth/Ground truth/R4/14_right_loop.tsv,1a766c0f8dfc6f3476eee4774a384f75885f701069dfaaeab61771880e024055,571275db305569d2284f814390a90f1001bb0e8f4dd55f9aa46e53516fda50fd,512,512,466,0,1,261594,0.9979019165039062,178.1386423236007,466,62,91,16.55294535724685,125.0
R4/14_whorl,R4,whorl,Pore ground truth/Fingerprint Images/R4/14_whorl.jpg,Pore ground truth/Ground truth/R4/14_whorl.tsv,7f73dceea4d511f402ffee27f56eb8e610f269fb15f413e5c79ed9c372d22468,97556efdd40f331d860f65ca2159a236c0f37dbe4202e00d726451afbb3088d9,512,512,426,0,0,262144,1.0,162.506103515625,426,58,85,15.652475842498529,111.0
R4/15_right_loop,R4,right_loop,Pore ground truth/Fingerprint Images/R4/15_right_loop.jpg,Pore ground truth/Ground truth/R4/15_right_loop.tsv,0738084ffb62ba422ad41fabcfbf3b35ade56329c29dd56ad068005537b69234,b4394d6bc2570fcb8afb9fc6081623f003d58369c5a43d434923c57615231a94,512,512,371,0,0,261695,0.9982872009277344,141.76808880567074,371,46,72,16.15549442140351,118.0
R4/15_whorl,R4,whorl,Pore ground truth/Fingerprint Images/R4/15_whorl.jpg,Pore ground truth/Ground truth/R4/15_whorl.tsv,6f202cc809d6a561fb1d5b29b1db9197f40bea114301ad7a33e83f95cf2aab43,1c608f6f7d506c4a6fa66bbe7c3fb80d3953ed90d6574b2660915e87109ecfc5,512,512,370,0,0,261726,0.9984054565429688,141.36921819001552,370,43,70,15.967951898719498,116.0
R4/16_right_loop,R4,right_loop,Pore ground truth/Fingerprint Images/R4/16_right_loop.jpg,Pore ground truth/Ground truth/R4/16_right_loop.tsv,d84b5caffa88378f42bb33d58d52b3fd3e4711d60adaa283357d0f1b72a1dfed,b3ca6d2bf2290ee456aa0ddbaa7b91a94b018c1f5dd99ff5e9995ac810a4c21a,512,512,477,0,1,261621,0.9980049133300781,182.3248133750731,477,60,93,15.811388300841896,118.0
R4/16_whorl,R4,whorl,Pore ground truth/Fingerprint Images/R4/16_whorl.jpg,Pore ground truth/Ground truth/R4/16_whorl.tsv,b0babe77939e7cd3473812d4cf1daa7ea815592380a6f60ba582e955102a675a,f75c5e2ae07f03a28970c1122811998af03cc4933e42e76bd104ab6093e40073,512,512,390,0,0,260891,0.9952201843261719,149.4877170925789,390,54,80,15.620499351813308,131.0
R4/17_right_loop,R4,right_loop,Pore ground truth/Fingerprint Images/R4/17_right_loop.jpg,Pore ground truth/Ground truth/R4/17_right_loop.tsv,d549536af65d11fce01d2ac51b7ee795218cf1edf95db9028ccf002f8cfa0e37,0d9d6afa1a2b4436ee8cbcd4a70392c949cd7ed9106746d7578af866998bb84c,512,512,336,0,0,262144,1.0,128.173828125,336,46,67,16.522683929858744,116.0
R4/17_whorl,R4,whorl,Pore ground truth/Fingerprint Images/R4/17_whorl.jpg,Pore ground truth/Ground truth/R4/17_whorl.tsv,c62616ab1253e66bd2316e2a8c3824250c151b0f023227222f6f7c5c3105a714,392d150fb58410513495987868ed6b084fb302c89b090799073768f4fb8b8676,512,512,410,0,0,259189,0.9887275695800781,158.18572547446072,410,49,72,15.811388300841896,123.0
R4/18_right_loop,R4,right_loop,Pore ground truth/Fingerprint Images/R4/18_right_loop.jpg,Pore ground truth/Ground truth/R4/18_right_loop.tsv,8c5aa99a485a9e69b00e97f168cfb5cbad62e6abd4850fa2dc741b95e6881779,81b09c5bf5bbb0c9f186dc8bb793afef1f47a95f2bf88ee8867cb92e490a370b,512,512,304,0,1,262144,1.0,115.966796875,304,46,64,17.08800749063506,117.0
R4/18_whorl,R4,whorl,Pore ground truth/Fingerprint Images/R4/18_whorl.jpg,Pore ground truth/Ground truth/R4/18_whorl.tsv,398495358732fdf5085fde70dd2f7bc3f00f8fe2fac0569b214a03abda7d0e04,6d1144854da4e78092712f99727671e388298ba080f02ec7d15021a5d660fc2b,512,512,349,0,0,260938,0.9953994750976562,133.74824670994641,349,54,72,14.560219778561036,116.0
R4/19_right_loop,R4,right_loop,Pore ground truth/Fingerprint Images/R4/19_right_loop.jpg,Pore ground truth/Ground truth/R4/19_right_loop.tsv,d07f049b80fd8c3c735a3c17a53fb0de45ec68d78fde71ff8e8a5a472d13679d,d9a61d2c75483d24deceabb7c8e745162eda1b5d7ee97efe3010a021d9484050,512,512,501,0,1,262144,1.0,191.1163330078125,501,60,90,15.132745950421556,117.0
R4/19_whorl,R4,whorl,Pore ground truth/Fingerprint Images/R4/19_whorl.jpg,Pore ground truth/Ground truth/R4/19_whorl.tsv,1691b0e6c7d2d7c9c520a08f9414f125af37c48b320fdd4c764710e4a41640e4,61dccc75de49211794bc973125810d1d7be72f06acccbedf27d16b1382424d70,512,512,423,0,0,261555,0.9977531433105469,161.72506738544476,422,58,89,16.15549442140351,122.0
R4/1_left_loop,R4,left_loop,Pore ground truth/Fingerprint Images/R4/1_left_loop.jpg,Pore ground truth/Ground truth/R4/1_left_loop.tsv,9306ca9547307fa3ec64a3c6984a6d63d25c6776b42752941bf7856016499ce5,2d51bd482c9cff77823abab1397d7168ef523eea44bde5c5035127f6d2cc49bb,512,512,495,0,0,262144,1.0,188.8275146484375,495,59,85,16.492422502470642,130.0
R4/1_plain_arch,R4,plain_arch,Pore ground truth/Fingerprint Images/R4/1_plain_arch.jpg,Pore ground truth/Ground truth/R4/1_plain_arch.tsv,81c529a0d8825c45c731acfffa3815783e5176d1da7ba15977d3a886a5ebb854,f55c9dda2ca98574687a0306772cd904788aa6d06142c241b60cb78ce526d67f,512,512,438,0,0,261835,0.9988212585449219,167.2809211908263,438,56,74,16.0312195418814,137.0
R4/1_right_loop,R4,right_loop,Pore ground truth/Fingerprint Images/R4/1_right_loop.jpg,Pore ground truth/Ground truth/R4/1_right_loop.tsv,0efb5f7b5be9b4827d3897c24f7756361e0ebcbfbd8b9097e42f6e0730d92fc3,d66704a71a3afa56ca2018347fa78780b17a17d35f6ec2c6ecc41f5eae7c572b,512,512,422,0,1,261165,0.9962654113769531,161.58367315681656,422,57,83,15.06637297521078,114.0
R4/1_tented_arch,R4,tented_arch,Pore ground truth/Fingerprint Images/R4/1_tented_arch.jpg,Pore ground truth/Ground truth/R4/1_tented_arch.tsv,4c3d0186abbea54c32d8ee05ed3cbd05cdd4aee4a3a83084d0bbe339074a8058,ddfc320058d0863b0fc2270b27b47e74928eb90777126bdb2d82f99f251c6051,512,512,509,0,1,261853,0.9988899230957031,194.38387186703991,509,55,97,15.033296378372908,111.0
R4/1_whorl,R4,whorl,Pore ground truth/Fingerprint Images/R4/1_whorl.jpg,Pore ground truth/Ground truth/R4/1_whorl.tsv,d66587a31ebe6a416ef1346e13912d2e13a644ee6bdb6bccf1fdad0312138c50,5b14128391cae89dc781cc93163bf9f7b0f8879f425bca96d47a3ec7d75c2da0,512,512,335,0,0,261060,0.9958648681640625,128.32299088332184,335,39,64,16.492422502470642,119.0
R4/20_right_loop,R4,right_loop,Pore ground truth/Fingerprint Images/R4/20_right_loop.jpg,Pore ground truth/Ground truth/R4/20_right_loop.tsv,fafa72319ca501bb7004b690e9b45a486c0d7ccdc07ff8beb866b00d3e818d74,2564589adb4a309f0a1668cfea2d66169e5c1d20833d1f2063ed55adb15cb2d8,512,512,430,0,1,259522,0.9899978637695312,165.689228658842,427,55,82,16.1245154965971,137.0
R4/20_whorl,R4,whorl,Pore ground truth/Fingerprint Images/R4/20_whorl.jpg,Pore ground truth/Ground truth/R4/20_whorl.tsv,a1587be8d4ce69c3a6599070c4e4f47608b1f739aac7d3e0d232bacbbd21c8ae,1e7e1ed7f0f13db262725e8f7e086fabd5ae36c5b3e6619ed838b5f1dab975be,512,512,375,0,1,261979,0.9993705749511719,143.1412441455231,375,57,75,15.811388300841896,114.0
R4/21_right_loop,R4,right_loop,Pore ground truth/Fingerprint Images/R4/21_right_loop.jpg,Pore ground truth/Ground truth/R4/21_right_loop.tsv,7c2aebda500db6eab7a16934547a4514ba8307dbe4a965e893bf2b4507dc4ede,e539166afac26ec2f5214756f8ac90191c38c9a55d117f6b98940ebe5fb24efd,512,512,459,0,0,262144,1.0,175.0946044921875,459,58,90,16.278820596099706,108.0
R4/21_whorl,R4,whorl,Pore ground truth/Fingerprint Images/R4/21_whorl.jpg,Pore ground truth/Ground truth/R4/21_whorl.tsv,42192995d1fa5023960de661262be22652424c60ac027e32c14d2d0628d7900b,34f1e7c2d50a7c2207cb0dd5601115c7b7a3cf7d641ef90d8b08d765de949fd3,512,512,446,0,0,262144,1.0,170.135498046875,446,49,75,14.866068747318506,111.0
R4/22_right_loop,R4,right_loop,Pore ground truth/Fingerprint Images/R4/22_right_loop.jpg,Pore ground truth/Ground truth/R4/22_right_loop.tsv,e5b457ec18301dd4c350122b378918ec145bf09feb2d2c82486bd98b5b8cf52b,7600e0d3184d8de2cd585c2ebeb384d161c34140c4032cab18ff0add5706159d,512,512,538,0,0,262144,1.0,205.230712890625,538,73,101,14.662521419397219,106.0
R4/22_whorl,R4,whorl,Pore ground truth/Fingerprint Images/R4/22_whorl.jpg,Pore ground truth/Ground truth/R4/22_whorl.tsv,9021b992b726b4f9fd4594deb67337a3d4472feae96539f3f749decf5da31f3d,866694083f706daaf6d1c2184acd5fdfcb64dc2049069ac2799f2c4dc87c270f,512,512,341,0,1,246025,0.9385108947753906,138.60380042678588,327,41,58,17.08800749063506,125.0
R4/23_right_loop,R4,right_loop,Pore ground truth/Fingerprint Images/R4/23_right_loop.jpg,Pore ground truth/Ground truth/R4/23_right_loop.tsv,7f12cf8c078e134e80e40c5923c761e90bdc2cfc965885af7e5b1c120be9d83b,f947832325393bff9886ec56fda255f83dd0e5ca7df085bf68ee29eb77258408,512,512,395,0,0,262144,1.0,150.6805419921875,395,47,75,15.620499351813308,113.0
R4/23_whorl,R4,whorl,Pore ground truth/Fingerprint Images/R4/23_whorl.jpg,Pore ground truth/Ground truth/R4/23_whorl.tsv,986e697da92f00e4c6fafc5d4db4fc64a2a9f7d5086a0a35377bc1a68f5356f9,ef80aac86fe32dbd0cfbd70963bcc8f417a4e703905f525965546d44bc5f26ac,512,512,372,0,0,260935,0.9953880310058594,142.56424013643246,372,47,79,16.522683929858744,119.0
R4/24_right_loop,R4,right_loop,Pore ground truth/Fingerprint Images/R4/24_right_loop.jpg,Pore ground truth/Ground truth/R4/24_right_loop.tsv,2a399572e4b5a8cea9a7cdfb3ed0b76a3ae7967b1d4eda6ecd48347761cf970b,6c8fa3c1b5b553c4861908b2e0ab54ff3b34e0f9f0923d2bfbd047f65015ee74,512,512,374,0,1,262144,1.0,142.669677734375,374,50,69,16.1245154965971,116.0
R4/24_whorl,R4,whorl,Pore ground truth/Fingerprint Images/R4/24_whorl.jpg,Pore ground truth/Ground truth/R4/24_whorl.tsv,5e986b87d0da9b72e60094599967b11908e0e3c888c4bd3da05c96d58e01d4d8,8896d7ec53866bd778327331bff519a402536f2ad8e848decc42c2dcb6ce2bad,512,512,333,0,0,255779,0.9757194519042969,130.19051603141773,331,37,58,16.15549442140351,135.0
R4/25_right_loop,R4,right_loop,Pore ground truth/Fingerprint Images/R4/25_right_loop.jpg,Pore ground truth/Ground truth/R4/25_right_loop.tsv,35670051ad3d6a586393a69674292edf0ee31bbe66f4537e4adc5978f648348b,0ac94719beb055d2ce162313fce90f4779262ca9ba4a5414628ea0d468b493cb,512,512,346,0,0,257080,0.980682373046875,134.58845495565583,338,45,67,16.278820596099706,127.0
R4/25_whorl,R4,whorl,Pore ground truth/Fingerprint Images/R4/25_whorl.jpg,Pore ground truth/Ground truth/R4/25_whorl.tsv,218e7ffc47944233306b1d522abf75d5be1069758f4775ad86ffe081d5c2d540,e4c31a22bde96d4629489ad122b88e2e033658c4d4165c165a96e84a7b9b016c,512,512,414,0,0,261914,0.9991226196289062,158.0671518131906,414,47,75,15.811388300841896,122.0
R4/26_right_loop,R4,right_loop,Pore ground truth/Fingerprint Images/R4/26_right_loop.jpg,Pore ground truth/Ground truth/R4/26_right_loop.tsv,5c620e3122f67fc7379cfcfab9c93e18288cf3f2409779d8ce4ed5a9a95ab24e,883e8a7cb14aa57ed91579699abc77b0742c7124f004062f1a778c5a51d04d54,512,512,338,0,1,262144,1.0,128.936767578125,338,54,75,15.132745950421556,124.0
R4/26_whorl,R4,whorl,Pore ground truth/Fingerprint Images/R4/26_whorl.jpg,Pore ground truth/Ground truth/R4/26_whorl.tsv,071e4238114e8b670a69e097e6e2eeaa0609228ba1e467632114320188bbb6eb,db06b38a18e591990035c1d1f317cb4355a1da9d75f73a911635a20edc6d5baa,512,512,348,0,0,261586,0.9978713989257812,133.03464252674073,348,46,67,16.045104448470802,119.0
R4/27_right_loop,R4,right_loop,Pore ground truth/Fingerprint Images/R4/27_right_loop.jpg,Pore ground truth/Ground truth/R4/27_right_loop.tsv,77a9b6c599a5c2f52f216b6202fe842a037d2ee1d7c3bc679c78e39ec15d8e04,2309a1e4e4d8ba7914e5e9b375a61515ddae38458e8c76b686a429836540a50b,512,512,337,0,0,262144,1.0,128.5552978515625,337,47,66,16.278820596099706,114.0
R4/27_whorl,R4,whorl,Pore ground truth/Fingerprint Images/R4/27_whorl.jpg,Pore ground truth/Ground truth/R4/27_whorl.tsv,bf1a229dcfca4acf7c8230bb32e2297422f497a0e3e13df47b36d58ecc0364a1,6c8320f8a15230a738b394b6a82a3bf793174b552434fa529ba0ca626cd6e399,512,512,318,0,0,260160,0.992431640625,122.23247232472323,318,37,52,16.0312195418814,127.0
R4/28_right_loop,R4,right_loop,Pore ground truth/Fingerprint Images/R4/28_right_loop.jpg,Pore ground truth/Ground truth/R4/28_right_loop.tsv,f01400d0812aad669bd92522de3efdf71f580d51e7a785e9ad914a23dc548012,74f2c03b573201a9802257475f68f4154f586f7f1082650b840bc429c90757af,512,512,408,0,1,258553,0.9863014221191406,157.80130186074035,406,48,83,15.540261941182035,118.0
R4/28_whorl,R4,whorl,Pore ground truth/Fingerprint Images/R4/28_whorl.jpg,Pore ground truth/Ground truth/R4/28_whorl.tsv,dacdf306ad87813bc6321a130dc50b2464d7b13daa4015a0c22f9f949d80a15f,ae8c00a2097da45a60a9647c187ff722a765b031dcdd32c43cc0027498d1fc20,512,512,394,0,0,260671,0.9943809509277344,151.14838244377012,393,56,77,15.540261941182035,120.0
R4/29_right_loop,R4,right_loop,Pore ground truth/Fingerprint Images/R4/29_right_loop.jpg,Pore ground truth/Ground truth/R4/29_right_loop.tsv,073d42c39cbf2a1f044be016dae3959793043f16a985deb26ff15f43a01d49f7,9afebcf57ad61685272b4d51c3247c9c1720740f336b014452d0aee9c964d904,512,512,483,0,3,262144,1.0,184.2498779296875,483,54,90,14.317821063276353,125.0
R4/29_whorl,R4,whorl,Pore ground truth/Fingerprint Images/R4/29_whorl.jpg,Pore ground truth/Ground truth/R4/29_whorl.tsv,7771ef7ee0fefc098efccc5c83008333c31b949a41b99e1f96f38f0d99ec2331,8d975c5558a63a48a52e44078343d1a13185deba69e81a3be400c9c07e6376aa,512,512,395,0,0,262144,1.0,150.6805419921875,395,48,82,16.401219466856727,113.0
R4/2_left_loop,R4,left_loop,Pore ground truth/Fingerprint Images/R4/2_left_loop.jpg,Pore ground truth/Ground truth/R4/2_left_loop.tsv,243e0dfc076a58bca3a580a1e310bd4520fe55beb410a633c0bad380a7bcc408,beec95cc98f7d9da75140e1ff3bd51d889dabf7f8bc4edddf2e6517cca87cbbe,512,512,365,0,1,261268,0.9966583251953125,139.70329317023132,365,50,72,13.92838827718412,130.0
R4/2_plain_arch,R4,plain_arch,Pore ground truth/Fingerprint Images/R4/2_plain_arch.jpg,Pore ground truth/Ground truth/R4/2_plain_arch.tsv,6b9ea75ea19300621b616acffb30e9d45fed590f151e89bc84da3099749eda96,04ed38a711aeb19d1ed740f986e9532a5c72264f66bede519c4fae445bfb4093,512,512,350,0,3,259024,0.98809814453125,135.12261412069924,350,47,63,16.278820596099706,144.0
R4/2_right_loop,R4,right_loop,Pore ground truth/Fingerprint Images/R4/2_right_loop.jpg,Pore ground truth/Ground truth/R4/2_right_loop.tsv,a45fd3cdee5c3a51197e38a61ac91f6e78a699d41fdcd91b0c94a0fa39cdd40c,fd78bb344ff62081939a9fa9be13deee4e66f78e63254465b5e84131b26a73ef,512,512,365,0,1,262144,1.0,139.2364501953125,365,42,65,14.866068747318506,115.0
R4/2_tented_arch,R4,tented_arch,Pore ground truth/Fingerprint Images/R4/2_tented_arch.jpg,Pore ground truth/Ground truth/R4/2_tented_arch.tsv,b5fd775001f2550730086429c7b3b6ac1033429ce29c03c26ba4e6dfb394e7de,034018cb96a9a69322da08d59a9d1eaca0709ab9cebac466ac96a492829b354f,512,512,403,0,1,254227,0.9697990417480469,158.51974809913975,398,47,80,16.0312195418814,115.0
R4/2_whorl,R4,whorl,Pore ground truth/Fingerprint Images/R4/2_whorl.jpg,Pore ground truth/Ground truth/R4/2_whorl.tsv,ae24e5f8868eb51f0a5233786fd711a0356b35d1c3c2768a7e1fced7ad0fa957,393fbaf23158c5fcb34b513b2c3702740e47849fb4a88caa5d3642ebf267808c,512,512,406,0,1,260755,0.9947013854980469,155.70171233533395,406,45,76,16.1245154965971,123.0
R4/30_right_loop,R4,right_loop,Pore ground truth/Fingerprint Images/R4/30_right_loop.jpg,Pore ground truth/Ground truth/R4/30_right_loop.tsv,96a75fcb9387a925ff5ad1d97baf2f2bb8d45c72c6e215a17b0b09316c63ce23,32b6f0238f5c0154d4cca4b28050d2d6b4dde2dea93ec232215dceb84793c846,512,512,369,0,0,259913,0.9914894104003906,141.97058246413224,367,53,77,13.92838827718412,123.0
R4/30_whorl,R4,whorl,Pore ground truth/Fingerprint Images/R4/30_whorl.jpg,Pore ground truth/Ground truth/R4/30_whorl.tsv,5a0c4d5f9fc5847409e14c0e7cd8c4e16e0ebe0b428c036de91db382dfca6c0b,673a1c753198d1c6ff30cc9a4d3abd4b3451d11d4d7c1549a7fd7e9795e7ce57,512,512,368,0,1,250903,0.9571189880371094,146.67022713957186,358,46,67,15.0,122.0
R4/31_right_loop,R4,right_loop,Pore ground truth/Fingerprint Images/R4/31_right_loop.jpg,Pore ground truth/Ground truth/R4/31_right_loop.tsv,99fa0382befc97370f41ccb1c1d0dcfd9d23bd76c32a9e9b4e378666a3fa1a93,d892f7a5c1d0291faba3e73012e8c6c1f9f706efbf5b563bdcc1670354630623,512,512,332,0,0,261883,0.9990043640136719,126.77417014468294,332,51,73,16.201668046348402,133.0
R4/31_whorl,R4,whorl,Pore ground truth/Fingerprint Images/R4/31_whorl.jpg,Pore ground truth/Ground truth/R4/31_whorl.tsv,e5929554060140206d07dca80eb5ca5f4780a968499bcaba301ab76dc84e3e93,fed88092ad45a7b561ce1213cfe9e95d75ab3ab207951eb349f932898faff9c6,512,512,326,0,0,258267,0.9852104187011719,126.22595995616939,326,42,54,15.652475842498529,122.0
R4/32_right_loop,R4,right_loop,Pore ground truth/Fingerprint Images/R4/32_right_loop.jpg,Pore ground truth/Ground truth/R4/32_right_loop.tsv,99179d69eb54062e6d68b14bc4b315cfb55b05627b2bc3ca6b446f0ad340910f,76110468b4abcb153b92d22415718bb81daca0a6849bbcc470b1b2c3fa86bd65,512,512,449,0,0,252780,0.9642791748046875,177.62481208956405,442,51,86,15.033296378372908,133.0
R4/32_whorl,R4,whorl,Pore ground truth/Fingerprint Images/R4/32_whorl.jpg,Pore ground truth/Ground truth/R4/32_whorl.tsv,f6bf77efb27c264b542b5caf4cb984b74e77381103e0fc8211a8969e6af559ea,7e06cc8ca3c834a80cd62a6852b3d9dbe766054dafab91e1736f1b82165687fd,512,512,499,0,0,262144,1.0,190.3533935546875,499,65,93,15.811388300841896,108.0
R4/33_right_loop,R4,right_loop,Pore ground truth/Fingerprint Images/R4/33_right_loop.jpg,Pore ground truth/Ground truth/R4/33_right_loop.tsv,00d6a80a2b676cf252a1844a05ee622494782f1afd37b4e6c05d1aafe97405e3,647a18ae7a70b90b7178376e11da5222950caa43d290e56c59ce8c78c2e0b3be,512,512,370,0,0,262144,1.0,141.143798828125,370,47,71,16.401219466856727,121.0
R4/33_whorl,R4,whorl,Pore ground truth/Fingerprint Images/R4/33_whorl.jpg,Pore ground truth/Ground truth/R4/33_whorl.tsv,4edce974b5844ebb45d197a84f1ef788bf69fc8bf7b39096bf58e368066998e7,caef8ee7645fcf31b3b6e570c782231cec726e5cda900f964a1a2efa5d89c0b9,512,512,479,0,1,260061,0.9920539855957031,184.18755599647776,477,60,90,15.620499351813308,111.0
R4/34_right_loop,R4,right_loop,Pore ground truth/Fingerprint Images/R4/34_right_loop.jpg,Pore ground truth/Ground truth/R4/34_right_loop.tsv,be18d2be7a08154c9d391786b5e3779abd0de85a558b0480c8969250a59f2686,a96c7cfdda396f1dee83c4fd6ca8d1657d39ebf1d47f9fb52d7296fce41d50bd,512,512,505,0,0,262144,1.0,192.6422119140625,505,59,91,16.492422502470642,108.0
R4/34_whorl,R4,whorl,Pore ground truth/Fingerprint Images/R4/34_whorl.jpg,Pore ground truth/Ground truth/R4/34_whorl.tsv,fd4c65490b9e5c3ad10f7c8e67698798368a8311c37757a54107fcd540504b59,471e69a31cae2527b8dc1185980ca3d7ca5abc6be238ca891ead57b3069e3b5a,512,512,333,0,0,258101,0.9845771789550781,129.01925990213132,332,38,62,15.0,137.0
R4/35_right_loop,R4,right_loop,Pore ground truth/Fingerprint Images/R4/35_right_loop.jpg,Pore ground truth/Ground truth/R4/35_right_loop.tsv,cba5b2e2b8e7256a0c596dbe53631a1a74ac439a2d283323bbfed71acbd4fae3,8ca2f94a40e7a04e538bc692c1f591134fce930ae4504363bd752a10855832f4,512,512,462,0,2,262144,1.0,176.239013671875,462,68,91,14.265245733414124,111.0
R4/35_whorl,R4,whorl,Pore ground truth/Fingerprint Images/R4/35_whorl.jpg,Pore ground truth/Ground truth/R4/35_whorl.tsv,e449d26ea6e7fe6144ea8ff1928bf9cbb2b46eca08fb30011345d6f8b5de5453,7f8a9450bffb4e4d301cbc19d75e6b63e74100f11812aeace6940deeaea845a4,512,512,445,0,1,261751,0.9985008239746094,170.00890158967874,445,52,75,16.0312195418814,145.0
R4/36_right_loop,R4,right_loop,Pore ground truth/Fingerprint Images/R4/36_right_loop.jpg,Pore ground truth/Ground truth/R4/36_right_loop.tsv,e2cacec639deb031efc3578ba965369e993233539ea9ceeeed6945dcf7ac90c2,ac681d8e5f01c25e9a69148b59fbfeb58c9cb74134d07ce3d9daadaf1fafef9a,512,512,351,0,0,261663,0.9981651306152344,134.1420070854496,351,39,58,15.264337522473747,115.0
R4/36_whorl,R4,whorl,Pore ground truth/Fingerprint Images/R4/36_whorl.jpg,Pore ground truth/Ground truth/R4/36_whorl.tsv,bf59532038dd4a9abb894f815dbe52a5b84f950e051f0bc81ca90fbf5540daef,2b1cfc692ee099811ff6aeefb06c80126260dfe5447b927f7f2e64b5ed79f48c,512,512,444,0,0,262144,1.0,169.37255859375,444,52,80,14.866068747318506,117.0
R4/37_right_loop,R4,right_loop,Pore ground truth/Fingerprint Images/R4/37_right_loop.jpg,Pore ground truth/Ground truth/R4/37_right_loop.tsv,85990a81a7ef74b17760162468ab6ce25bcaf61bff80ba93db3fc637bca5348a,b86022189c84bf9f6519e37c4c8b893ed426541db29ea952085c6cab1dc7d961,512,512,392,0,0,261717,0.9983711242675781,149.7801059923505,392,55,78,16.477082412051786,113.0
R4/37_whorl,R4,whorl,Pore ground truth/Fingerprint Images/R4/37_whorl.jpg,Pore ground truth/Ground truth/R4/37_whorl.tsv,d2b9129125e005764895ba175247dda60b5286d1ca41e7ac1b29d94abc6232a3,ce1aab569250c1cfe2392a0fe1629a980526b05e3ac453e69d6eac1e425c3b50,512,512,350,0,0,262144,1.0,133.514404296875,350,51,76,16.278820596099706,122.0
R4/38_right_loop,R4,right_loop,Pore ground truth/Fingerprint Images/R4/38_right_loop.jpg,Pore ground truth/Ground truth/R4/38_right_loop.tsv,42aed74b676221ae8f7f1bc333fe37c6fb63d4fd14bb45b24ae8b193c5ee2bc3,ffbd0a978d6626db476c65c31a4a256b16d42a8a8910a36289b0f05e83431b78,512,512,450,0,1,262144,1.0,171.661376953125,450,50,77,15.652475842498529,119.0
R4/38_whorl,R4,whorl,Pore ground truth/Fingerprint Images/R4/38_whorl.jpg,Pore ground truth/Ground truth/R4/38_whorl.tsv,3004d1137351bc16b57c44e544b93bb72e4663ac97af1f0ba6f6a51c2a58d53d,45a897f5d5d9f6ecc83b446e872c7d465200dcbfe51519fda3795b3993e98aaa,512,512,343,0,0,262144,1.0,130.8441162109375,343,48,69,15.620499351813308,116.0
R4/39_right_loop,R4,right_loop,Pore ground truth/Fingerprint Images/R4/39_right_loop.jpg,Pore ground truth/Ground truth/R4/39_right_loop.tsv,c66e6f537c95b5edc030ac8b0d86bb538b10697e1706b2331957005dcf98cc1c,ed0a45eb1e68bcba3f1472d9ec294a1e89284c1d064b054a525a36a9fcbc77f7,512,512,459,0,0,262144,1.0,175.0946044921875,459,46,75,15.297058540778355,118.0
R4/39_whorl,R4,whorl,Pore ground truth/Fingerprint Images/R4/39_whorl.jpg,Pore ground truth/Ground truth/R4/39_whorl.tsv,9cd6f0bda7f42a7efa73814ca7109cc5eb382bdc75963dc6a824f519b3c268b6,c100c2b1a9da478fc99f9cb63a2a2b2a447b61a30693ad4cda108b48931b52bb,512,512,417,0,0,262144,1.0,159.0728759765625,417,60,84,15.264337522473747,111.0
R4/3_left_loop,R4,left_loop,Pore ground truth/Fingerprint Images/R4/3_left_loop.jpg,Pore ground truth/Ground truth/R4/3_left_loop.tsv,f4af280cc03c149b2fc0d0439cc2ef7610ec8bf561fdcc53ec0cc8527503a594,5f1212b45197a12838f2817fff7153d554ed8c04ac4908dd78ab0d2f66c14b2c,512,512,388,0,1,259921,0.9915199279785156,149.27612620757844,386,48,68,14.422205101855956,116.0
R4/3_plain_arch,R4,plain_arch,Pore ground truth/Fingerprint Images/R4/3_plain_arch.jpg,Pore ground truth/Ground truth/R4/3_plain_arch.tsv,8bca16dc854c3d7156d73eaf6a0c8157e68d6b5ee29b912869200b71b94389d5,db488c5003acd11757827565e5094c3c23dcb13c569f9d29996fd9a01862a6d3,512,512,333,0,0,262144,1.0,127.0294189453125,333,48,68,16.15549442140351,122.0
R4/3_right_loop,R4,right_loop,Pore ground truth/Fingerprint Images/R4/3_right_loop.jpg,Pore ground truth/Ground truth/R4/3_right_loop.tsv,dbf63463ac76a6c0694d374c798f30d33ff6fd77724e0c78654803b2e7cd750c,26adc7a98ed8433cc5da14cdbdc49948294bc4209433ea690841ebb99ab39ebd,512,512,341,0,0,262144,1.0,130.0811767578125,341,41,56,15.0,116.0
R4/3_tented_arch,R4,tented_arch,Pore ground truth/Fingerprint Images/R4/3_tented_arch.jpg,Pore ground truth/Ground truth/R4/3_tented_arch.tsv,50d57403c25721ddf0370d49f7722980469d94dc59d130fe58c0753a9bfc9e2c,244b55dd5174d6e707303acc2cd6947f50fdaee1d9cbf25e60c530218df2d449,512,512,338,0,0,262144,1.0,128.936767578125,338,45,67,14.815445903775952,122.0
R4/3_whorl,R4,whorl,Pore ground truth/Fingerprint Images/R4/3_whorl.jpg,Pore ground truth/Ground truth/R4/3_whorl.tsv,f6abaf96c018832366d2637ad5c3fc33635af160734b42a1d5be07688ffbcbdc,314d2bae4c65bc7d326e06cf0cf05bb4b84fa97e5fe41d2bfa66baf9708cf1c5,512,512,432,0,0,262144,1.0,164.794921875,432,56,78,15.297058540778355,111.0
R4/40_right_loop,R4,right_loop,Pore ground truth/Fingerprint Images/R4/40_right_loop.jpg,Pore ground truth/Ground truth/R4/40_right_loop.tsv,ebbf76587f9e36f5d6feb939c3859412b191a54f9a14f5017685814320b7fc18,80d9cba732f3d23130c822ad1d5ae7e338f54ad0947265e2685172cd3b078200,512,512,458,0,2,262144,1.0,174.713134765625,458,64,90,15.231546211727817,128.0
R4/40_whorl,R4,whorl,Pore ground truth/Fingerprint Images/R4/40_whorl.jpg,Pore ground truth/Ground truth/R4/40_whorl.tsv,f5b3595cc7580bc8672b4b60afd9d6fe7664a1bc8e483ba85a5eddb63696aa47,7deeab327a9f354448045fcfdeb04f51c326fe1b3e581ac263b8c79ed81ecb05,512,512,446,0,2,261985,0.9993934631347656,170.2387541271447,446,48,74,14.177403013641424,109.0
R4/41_right_loop,R4,right_loop,Pore ground truth/Fingerprint Images/R4/41_right_loop.jpg,Pore ground truth/Ground truth/R4/41_right_loop.tsv,e057ae9cc242e39a8cca2a4564af436aa742b6535b78a1efaa8a4cd3680811cf,453d1ecfd20a1d4ffd91434261a9aaedb3f4d3dda8e0e30322c07cab565c64e3,512,512,370,0,0,260511,0.9937705993652344,142.02855157747658,370,42,73,15.132745950421556,133.0
R4/41_whorl,R4,whorl,Pore ground truth/Fingerprint Images/R4/41_whorl.jpg,Pore ground truth/Ground truth/R4/41_whorl.tsv,097cf5c4f82c3b4996519ecf9da7d0a500ab623f25dc2787be28ab0a188c743c,232b371bae0e8d0e1ea03130320b5d29292e35371ec511bfaa8bb4d40eb2d51e,512,512,474,0,0,262144,1.0,180.816650390625,474,48,79,14.177403013641424,109.0
R4/42_right_loop,R4,right_loop,Pore ground truth/Fingerprint Images/R4/42_right_loop.jpg,Pore ground truth/Ground truth/R4/42_right_loop.tsv,e93825a6bd36a0ad7d12976ebb29dceb99dbdf3abcafb65530ddc3921f35d9a7,cb527bb8cac8abbe0b8662947c1e276d3f9c7261069c40db8c5670b41b71fe15,512,512,412,0,0,261452,0.9973602294921875,157.58150635680738,412,59,74,17.11724276862369,112.0
R4/42_whorl,R4,whorl,Pore ground truth/Fingerprint Images/R4/42_whorl.jpg,Pore ground truth/Ground truth/R4/42_whorl.tsv,fecb2042856a745da470fc0747613b21cb26ab84a4132d2ecee16dc793ecea52,2df15994156bdd263a3fac467d46b0fba75345d57c2602e4dfd7d253f3b38c4e,512,512,333,0,1,252200,0.962066650390625,132.03806502775575,328,35,62,14.866068747318506,134.0
R4/43_right_loop,R4,right_loop,Pore ground truth/Fingerprint Images/R4/43_right_loop.jpg,Pore ground truth/Ground truth/R4/43_right_loop.tsv,df8134a3744f55cdfa43bdb77e55955f06a656ecd53485556bb61ba8b51c8949,bf84bdd608baf8eafad44a665d04d6a764eef5b80ae622c3fdc8fd1da07b36ec,512,512,372,0,0,262144,1.0,141.90673828125,372,46,67,15.132745950421556,114.0
R4/43_whorl,R4,whorl,Pore ground truth/Fingerprint Images/R4/43_whorl.jpg,Pore ground truth/Ground truth/R4/43_whorl.tsv,356fc3be4c132d5fcff3604367d271c3ccb0f647e019aae2740e6dc731c78d21,6937595b73e01135a4ab0c950e12e04860310823d6a9b24e0b12d2298f799570,512,512,324,0,1,259367,0.9894065856933594,124.91951558987844,324,38,59,15.182146081074688,117.0
R4/44_right_loop,R4,right_loop,Pore ground truth/Fingerprint Images/R4/44_right_loop.jpg,Pore ground truth/Ground truth/R4/44_right_loop.tsv,c77c816986ae487619d5b3357022d2d6e520ffbf0d3a0a33b84c30775bf58c02,26d418807936d690fbe73f9b9e2806105fa37a06345edcb0a653bf4154606d8e,512,512,435,0,0,262144,1.0,165.9393310546875,435,56,82,15.0,136.0
R4/44_whorl,R4,whorl,Pore ground truth/Fingerprint Images/R4/44_whorl.jpg,Pore ground truth/Ground truth/R4/44_whorl.tsv,bd385b938530ad60589ed5a605ccc806cefdd2a2b5649ea76ed7efa04b24b275,76c936a6c6634362dc1fcc4d9ff90d6b640221f5622b8742437bceaa1ac6cc1f,512,512,436,0,0,258618,0.9865493774414062,168.58841998623453,430,67,93,15.426703863441201,125.0
R4/45_right_loop,R4,right_loop,Pore ground truth/Fingerprint Images/R4/45_right_loop.jpg,Pore ground truth/Ground truth/R4/45_right_loop.tsv,cb606766014a2b5960fe4865076d75cc663db3b778cc8099ad2e18e83a905458,1b44fc933d700ac7ba63811883247982a2b45f272b4fa19835da8c76318c1ca4,512,512,506,0,1,262144,1.0,193.023681640625,506,60,95,14.866068747318506,110.0
R4/45_whorl,R4,whorl,Pore ground truth/Fingerprint Images/R4/45_whorl.jpg,Pore ground truth/Ground truth/R4/45_whorl.tsv,7e7bcd96c277232f86398e9bff4cc69101189ddedf1d119a44ee98a6464bea51,5130b843477c62ef2c2f3d04535a8ed05007d6f13a322b7604611bfef0a705ed,512,512,396,0,0,261805,0.9987068176269531,151.2576154007754,396,49,78,14.7648230602334,115.0
R4/46_right_loop,R4,right_loop,Pore ground truth/Fingerprint Images/R4/46_right_loop.jpg,Pore ground truth/Ground truth/R4/46_right_loop.tsv,b6e23783983aea8390e6fc089dbb8afae2cadf0a8ca88fcf84a36efa8f17fb5f,e425d7a63e32d0b693f0db30ed80275cd4ba6210f3a1fbf97944896f8f65aa17,512,512,343,0,1,260808,0.994903564453125,131.51437072482437,342,44,64,16.0312195418814,117.0
R4/46_whorl,R4,whorl,Pore ground truth/Fingerprint Images/R4/46_whorl.jpg,Pore ground truth/Ground truth/R4/46_whorl.tsv,9f73ca823db87725906ef9c0dca2b27f172e5a22e816681b8fbb28d4ebf17399,7addecc552ca2ea0b370f9ec0cd59537cc843afa49a5e99d1c1cf0a93c5f8f23,512,512,348,0,0,261627,0.9980278015136719,133.01379444782074,348,38,59,15.811388300841896,117.0
R4/47_right_loop,R4,right_loop,Pore ground truth/Fingerprint Images/R4/47_right_loop.jpg,Pore ground truth/Ground truth/R4/47_right_loop.tsv,55af7423c555a15253891e852e66cb5ba92f75ce51de92ff5669b8d77139875a,6557a0d2a1ad8b15291ed1f14f2c854307ff90679cc8dfe0ae76e77fecd077c3,512,512,452,0,0,261216,0.9964599609375,173.0368736983952,452,57,84,16.06225774829855,136.0
R4/47_whorl,R4,whorl,Pore ground truth/Fingerprint Images/R4/47_whorl.jpg,Pore ground truth/Ground truth/R4/47_whorl.tsv,a6be3ccfc7587ec4f811199472e0a225eab7c1f1b743432cab0db493335aadcd,c64ad4b2559721e97bfacfee81835bf6238ab38c2877c36fb8ecfe4f9f5600f0,512,512,454,0,0,259887,0.9913902282714844,174.6913081454632,454,58,85,14.899059719303153,144.0
R4/48_right_loop,R4,right_loop,Pore ground truth/Fingerprint Images/R4/48_right_loop.jpg,Pore ground truth/Ground truth/R4/48_right_loop.tsv,e377314ebf3beca196c2694b783d0420b50e54205048d5a7f4bed673fdf37a9c,3566ee4872793bb6a173baa24b82c7db92ffbb82d1d66b25aaf0e48ef5bf5b53,512,512,282,0,0,260649,0.9942970275878906,108.19147589286743,282,31,51,16.401219466856727,132.0
R4/48_whorl,R4,whorl,Pore ground truth/Fingerprint Images/R4/48_whorl.jpg,Pore ground truth/Ground truth/R4/48_whorl.tsv,058946ba09d6d250646c680e1260f855ab4931d528af89bdbf65ab279811bab1,08c03ab95515a0f40b65d0325e2c998cc6e1afd7f34fe0d66d22e60fba47ed4f,512,512,486,0,1,261938,0.9992141723632812,185.54008963953302,486,61,88,15.264337522473747,108.0
R4/49_right_loop,R4,right_loop,Pore ground truth/Fingerprint Images/R4/49_right_loop.jpg,Pore ground truth/Ground truth/R4/49_right_loop.tsv,fb959e03c2372cf8a222d95f876c69450ef19f475fbdc300d5043b63cebcdde7,422be6a2e0b32bef09250332476404f58a274e8d4fa01642bd3066828f42c882,512,512,444,0,0,262144,1.0,169.37255859375,444,57,95,15.540261941182035,110.0
R4/49_whorl,R4,whorl,Pore ground truth/Fingerprint Images/R4/49_whorl.jpg,Pore ground truth/Ground truth/R4/49_whorl.tsv,425d8c22fad4f118e3b4d04d624540be06d763ab49f2ed4a1c6c59275a9605f2,9d094429a584180f7c480f09440c234ce7c8cef818b23264c8754af6b7c6d787,512,512,464,0,1,262144,1.0,177.001953125,464,60,86,16.093356981642454,109.0
R4/4_left_loop,R4,left_loop,Pore ground truth/Fingerprint Images/R4/4_left_loop.jpg,Pore ground truth/Ground truth/R4/4_left_loop.tsv,18f48e8aa80237a96856a39b181d9e6c95b0ad1c854c840448f9009827c48ca3,28a8f58135a68c2261772ec94aba54bf7fa660f355a385ff578bce877a506d2e,512,512,345,0,1,261182,0.9963302612304688,132.09179805652764,345,40,67,16.76305461424021,117.0
R4/4_plain_arch,R4,plain_arch,Pore ground truth/Fingerprint Images/R4/4_plain_arch.jpg,Pore ground truth/Ground truth/R4/4_plain_arch.tsv,d2a071092860c3fe24aba916cc1b16a4d4e179d486cf0fa238b227e3cec2ca7a,750e481ce778f7f8e10e479cb23690b95568841f922cd57b1f6739e334c9804d,512,512,383,0,0,262144,1.0,146.1029052734375,383,52,73,15.556349186104045,120.0
R4/4_right_loop,R4,right_loop,Pore ground truth/Fingerprint Images/R4/4_right_loop.jpg,Pore ground truth/Ground truth/R4/4_right_loop.tsv,3f4a110e7f9c57c2f2fc49b589a696286192bce1f65a026208f79509c21f836a,3df2295f450b6e595342d10ec8e402e6723babb931e39143f9b407ebea37923c,512,512,380,0,0,256716,0.9792938232421875,148.0234967824366,371,50,76,16.55294535724685,140.0
R4/4_whorl,R4,whorl,Pore ground truth/Fingerprint Images/R4/4_whorl.jpg,Pore ground truth/Ground truth/R4/4_whorl.tsv,dd89b08af086f0ae0ddc9eb52941785f3580e821015f57c015bd24d1e7f96793,d4ab68ebaf96010aa516ac7987593013f3ad7c326280ceb6d03a31047fb9dfb4,512,512,486,0,0,260042,0.9919815063476562,186.89288653371378,484,60,84,14.815445903775952,136.0
R4/50_right_loop,R4,right_loop,Pore ground truth/Fingerprint Images/R4/50_right_loop.jpg,Pore ground truth/Ground truth/R4/50_right_loop.tsv,62fcdbbfa97c414849ba91be058bffce7d64cee05f189e5bcd0f33e2839abadf,4dcec20104a68b8ddd291653534ed619fafedda755dd53127ef02b49da43349f,512,512,361,0,0,262144,1.0,137.7105712890625,361,44,67,16.492422502470642,114.0
R4/50_whorl,R4,whorl,Pore ground truth/Fingerprint Images/R4/50_whorl.jpg,Pore ground truth/Ground truth/R4/50_whorl.tsv,fe8cbaa66463ec7cb68af89166b85f6b2771bfe5b79e60f525eab62f631f0e1c,3687b48f30707131d8d0a4246b350d01dd241248c687729dc614f1366a05f46d,512,512,399,0,0,262144,1.0,152.2064208984375,399,55,76,15.033296378372908,125.0
R4/51_right_loop,R4,right_loop,Pore ground truth/Fingerprint Images/R4/51_right_loop.jpg,Pore ground truth/Ground truth/R4/51_right_loop.tsv,4070697382b2f700c3a7e304811f0531458ef768c572fd0114891821cc26df8b,82d2be81ef8c4ff892326800836a06ac50ce0b7d93645be3736ac50f9b36011c,512,512,471,0,1,262144,1.0,179.6722412109375,471,57,86,15.132745950421556,109.0
R4/51_whorl,R4,whorl,Pore ground truth/Fingerprint Images/R4/51_whorl.jpg,Pore ground truth/Ground truth/R4/51_whorl.tsv,21c7a83eefb0f4a42dc5f46a18b8d5d9f778da484b95b17b591abb6d601ffd82,4de64207f254547c62a47c4b26f8d0327c1bccf637394b0621f1042222c099c1,512,512,332,0,0,260597,0.9940986633300781,127.39977820159098,332,47,71,14.035668847618199,120.0
R4/52_right_loop,R4,right_loop,Pore ground truth/Fingerprint Images/R4/52_right_loop.jpg,Pore ground truth/Ground truth/R4/52_right_loop.tsv,e87e4de6b2a713f9d073d2de2f7278c02a25022e6c98c18292cad967a2ee5d00,df20db48f3cdc4c2168def88d93cc857e662c923763c52350b3678de054f443a,512,512,340,0,0,262144,1.0,129.69970703125,340,51,62,15.065203134896127,115.0
R4/52_whorl,R4,whorl,Pore ground truth/Fingerprint Images/R4/52_whorl.jpg,Pore ground truth/Ground truth/R4/52_whorl.tsv,cd769afaa20869f9c2e3960c54c9f1f38ee5e010ae71f1ab7d695e51c1d787d7,af21bdc52b9160abe1edb2bde591c515fe6705f61fdffd809799978eac6f7730,512,512,357,0,0,261023,0.9957237243652344,136.7695567057309,357,43,73,15.811388300841896,123.0
R4/53_right_loop,R4,right_loop,Pore ground truth/Fingerprint Images/R4/53_right_loop.jpg,Pore ground truth/Ground truth/R4/53_right_loop.tsv,1c0e07bf2ec06c3e009e43b686ec679354834c5e1aabc67307e9d7dff347271a,26e58fa283ac2b2318d5debfe4244de8d9aafe566329a2b66a551f62f4ad8642,512,512,359,0,0,262144,1.0,136.9476318359375,359,42,71,14.866068747318506,116.0
R4/53_whorl,R4,whorl,Pore ground truth/Fingerprint Images/R4/53_whorl.jpg,Pore ground truth/Ground truth/R4/53_whorl.tsv,95bad616653981cd4023264b953330e744ebd615c5d4990f1a3ad18d738afa34,8b09534b113debd217b94b2bc4274631708b19baae5802373368244e80c76d97,512,512,423,0,0,261684,0.9982452392578125,161.64534323840968,423,57,76,16.1245154965971,131.0
R4/54_right_loop,R4,right_loop,Pore ground truth/Fingerprint Images/R4/54_right_loop.jpg,Pore ground truth/Ground truth/R4/54_right_loop.tsv,6ba60632a8a51e42552a73b52066c626d4a5bf5c15d9f9c96885d1ce0beda64d,0164615d93692163b013b61f61c6ed99efa477fc12c18a7eb73f658d6c2b31ba,512,512,445,0,0,253520,0.96710205078125,175.52855790470178,432,60,90,15.524174696260024,136.0
R4/54_whorl,R4,whorl,Pore ground truth/Fingerprint Images/R4/54_whorl.jpg,Pore ground truth/Ground truth/R4/54_whorl.tsv,dba5338db74f894b2d4f6d97085a926c5444fa8b25a148408e2ce8bf70562a6b,ba0c6a7071f79068471765bbbeacac4b11ecd16b267abd71bf9961c5ee73f260,512,512,484,0,0,262144,1.0,184.63134765625,484,53,95,15.231546211727817,111.0
R4/55_right_loop,R4,right_loop,Pore ground truth/Fingerprint Images/R4/55_right_loop.jpg,Pore ground truth/Ground truth/R4/55_right_loop.tsv,25f7b2112ca20a0b99683065f5058eaa85aeb726e478912bb1dbd81c8292b853,e42ed81b23215742ddfd9afa78b257de858fee458518439fe55113c1afa82016,512,512,466,0,0,262144,1.0,177.764892578125,466,68,103,15.0,109.0
R4/55_whorl,R4,whorl,Pore ground truth/Fingerprint Images/R4/55_whorl.jpg,Pore ground truth/Ground truth/R4/55_whorl.tsv,5d610cfeeccdbcb97d30259977c4df7b9dc76a67bc8d6a0c0d17c4f374ffb439,53efc490b8e1c7d22cd1ebc23e9f3413b353dcf7b38dbddd5f35ecef422410a6,512,512,422,0,0,256665,0.9790992736816406,164.4166520561822,411,49,82,17.46424919657298,137.0
R4/56_right_loop,R4,right_loop,Pore ground truth/Fingerprint Images/R4/56_right_loop.jpg,Pore ground truth/Ground truth/R4/56_right_loop.tsv,e96668f36a4264725be8a9b0d18047908e4a62fc3059b188b30985570d25ba52,47b58cf12dba833dbf8f04fa716440ea29d20a32bbd34e94b848ae139de52a66,512,512,388,0,0,260556,0.9939422607421875,148.91232594912418,387,44,72,16.278820596099706,115.0
R4/56_whorl,R4,whorl,Pore ground truth/Fingerprint Images/R4/56_whorl.jpg,Pore ground truth/Ground truth/R4/56_whorl.tsv,f4d18ae2f8b8faa269930b7cf6e037094fe9a886b519befc747636af21692dbd,a4f7de7f015e0939980c81e8a44d20b0b6c7b70fc293197f3046e72ff56c4787,512,512,406,0,0,249844,0.9530792236328125,162.50140087414547,400,41,69,14.422205101855956,133.0
R4/57_right_loop,R4,right_loop,Pore ground truth/Fingerprint Images/R4/57_right_loop.jpg,Pore ground truth/Ground truth/R4/57_right_loop.tsv,15d50742e19cc29d1b48d4abca0a45207d8055d8e3d84e7ca0dfa4ef65b297ca,bf8b51f2dd047d4fd38b3b6da9d9f5e9ccf2ee863ea6607147d04fcd20a1c6a4,512,512,378,0,0,262144,1.0,144.195556640625,378,49,75,16.06225774829855,116.0
R4/57_whorl,R4,whorl,Pore ground truth/Fingerprint Images/R4/57_whorl.jpg,Pore ground truth/Ground truth/R4/57_whorl.tsv,0d30b3262e6b1bcfbb878a7c9367da766dc1ae961412e3a0be7f6d59ab481df1,076870ef3004d01125869453805c35896dbc50b8f5069fb7b516e5fbcad6e14e,512,512,368,0,0,258444,0.9858856201171875,142.3906146012289,368,46,70,16.1245154965971,129.0
R4/58_right_loop,R4,right_loop,Pore ground truth/Fingerprint Images/R4/58_right_loop.jpg,Pore ground truth/Ground truth/R4/58_right_loop.tsv,eda334eb20f60e4a393810ccef1e33c67fb7ef4c39f6c2913ac08af3751dc033,8b5185d64938e66defb4b6e0964c6015290dd8998cec700fc311259ad7adde51,512,512,409,0,0,262144,1.0,156.0211181640625,409,53,83,16.278820596099706,111.0
R4/58_whorl,R4,whorl,Pore ground truth/Fingerprint Images/R4/58_whorl.jpg,Pore ground truth/Ground truth/R4/58_whorl.tsv,2b8b276e7547daa16947e8aa99fb06ab5c825b2742492a7b391a49e918479e2b,3a59a90f09d8e0ff6d8833f31b5007419e988f6d97a19c662ed0fa3b7aae8812,512,512,481,0,0,261601,0.9979286193847656,183.86779867049438,481,56,88,16.492422502470642,113.0
R4/59_right_loop,R4,right_loop,Pore ground truth/Fingerprint Images/R4/59_right_loop.jpg,Pore ground truth/Ground truth/R4/59_right_loop.tsv,04258825f4236796a28017acf0591c097bdce4e2b3957bd5b070f8ccb5223446,1b291b0ed7b819170e1575ce770edd08c8f3d377d8295c4ab3e329571f154535,512,512,390,0,0,262144,1.0,148.773193359375,390,54,77,15.921303921361648,140.0
R4/59_whorl,R4,whorl,Pore ground truth/Fingerprint Images/R4/59_whorl.jpg,Pore ground truth/Ground truth/R4/59_whorl.tsv,2013506acf3b1569f81fb38409a8ac1d34de4fc1abcdb66b68ab071e419294bf,9a97a45df835757a4ae9d24acd6c39ea63baefc65c1f1d928b83f3c4eb071578,512,512,541,0,0,262144,1.0,206.3751220703125,541,72,108,14.142135623730951,109.0
R4/5_left_loop,R4,left_loop,Pore ground truth/Fingerprint Images/R4/5_left_loop.jpg,Pore ground truth/Ground truth/R4/5_left_loop.tsv,1b17b2e6425aef4bda78f4b99abec404c35dcec49b18f762b3b6a7dc99fd20c9,c5eb57d36965758898f187859d1ed47f0b200b9d50c0c57777617b4a6264e246,512,512,475,0,0,262144,1.0,181.1981201171875,475,64,97,15.524174696260024,138.0
R4/5_plain_arch,R4,plain_arch,Pore ground truth/Fingerprint Images/R4/5_plain_arch.jpg,Pore ground truth/Ground truth/R4/5_plain_arch.tsv,01361c1563a60f325ac4b5c3b082e497dd269a9bc50847c5e445a0cac4b09db5,3c0fc8756682cc386b486531b6e0438bfd844aa40c322e2d0c2976a65ca5a251,512,512,379,0,0,261824,0.998779296875,144.75372769494012,379,53,76,16.15549442140351,124.0
R4/5_right_loop,R4,right_loop,Pore ground truth/Fingerprint Images/R4/5_right_loop.jpg,Pore ground truth/Ground truth/R4/5_right_loop.tsv,37244395d308afff8b19f3a9e1230d7a05ef0202e0c3f75a7455519e5c1ee2d6,77b43426b56a43e8560859af69ea902bb2924bf2a80caf6de290ef8db1e0ec15,512,512,406,0,0,262144,1.0,154.876708984375,406,53,82,17.029386365926403,118.0
R4/5_whorl,R4,whorl,Pore ground truth/Fingerprint Images/R4/5_whorl.jpg,Pore ground truth/Ground truth/R4/5_whorl.tsv,255ca57652716065d90eefc6d321bc87a8e143525a88530ccd97a3556058b715,ff4ca9ec98ee0a1f67d0d0ce3a98d5871f8bba66c104be7d9b7362d4668f931b,512,512,401,0,0,261240,0.996551513671875,153.4986985147757,401,43,70,16.278820596099706,116.0
R4/60_right_loop,R4,right_loop,Pore ground truth/Fingerprint Images/R4/60_right_loop.jpg,Pore ground truth/Ground truth/R4/60_right_loop.tsv,a5be86af06295138f9b9613e3b3566ed5295d88f7bddfea6952a073695b8ec35,aeb062a39b6da654d189556aaf44999b80a3e96e0ec3bc3486f0f61c7c566472,512,512,443,0,0,257944,0.983978271484375,171.74270384269454,443,57,83,16.278820596099706,123.0
R4/60_whorl,R4,whorl,Pore ground truth/Fingerprint Images/R4/60_whorl.jpg,Pore ground truth/Ground truth/R4/60_whorl.tsv,33a4b32959343d2c78a37e797f31ae394f1dc2c41e403ebd76e0eee25a7899ee,98cb9e3c10deb3611e37083ed57ff7166554aa3056023050ab66e23eb9f827f3,512,512,321,0,0,257820,0.9835052490234375,124.50546893181289,318,43,57,17.0,124.0
R4/61_right_loop,R4,right_loop,Pore ground truth/Fingerprint Images/R4/61_right_loop.jpg,Pore ground truth/Ground truth/R4/61_right_loop.tsv,ee7e99fad85c25569b8edfaa4a93966f79d829faf625000dc59e3bdb4c859f84,2d64ca758cbcf268d52074090683e484e2c34a99f503cd5b09121fddf416c6be,512,512,459,0,1,261586,0.9978713989257812,175.46810609130458,459,52,91,15.132745950421556,118.0
R4/62_right_loop,R4,right_loop,Pore ground truth/Fingerprint Images/R4/62_right_loop.jpg,Pore ground truth/Ground truth/R4/62_right_loop.tsv,cd2f9ce510b091052df0d5fe5e569058dd514e5fc2ba69ad6a5ceb9f96f54b83,1fcbd632657bb8fc9c358b6086c7f7cbc3f0c121e14f726c582dc35ff3b671c1,512,512,452,0,1,261088,0.9959716796875,173.12170609143277,452,57,78,14.593514081044678,141.0
R4/63_right_loop,R4,right_loop,Pore ground truth/Fingerprint Images/R4/63_right_loop.jpg,Pore ground truth/Ground truth/R4/63_right_loop.tsv,5f2f2dbbd8fdca052412b9a465a0a91ddc3308161603f5e7d3322d799f09803a,b1a504d0d4f2e435a0ce95d6a92ac646c51158c51cbad71d75b936ba914a90f1,512,512,412,0,0,261259,0.9966239929199219,157.69791662679563,412,60,87,15.247941867100781,145.0
R4/64_right_loop,R4,right_loop,Pore ground truth/Fingerprint Images/R4/64_right_loop.jpg,Pore ground truth/Ground truth/R4/64_right_loop.tsv,6ed3b62584435e365032fe71b8fc4cbe7fb7f219c6eb98bfa1f0fd11a7450db9,a68f1892537b1593f3c531ad823ec8e972509424d060bf46cb2a9757016748b1,512,512,486,0,0,262144,1.0,185.394287109375,486,69,94,15.524174696260024,112.0
R4/65_right_loop,R4,right_loop,Pore ground truth/Fingerprint Images/R4/65_right_loop.jpg,Pore ground truth/Ground truth/R4/65_right_loop.tsv,eccf8196b7e19110e3820dcf782ad63e4ff3db85943eafe49d338882de7e31c9,ca144e1c8d4bcbd7f191baa88fc748d389b4dbb5d971a3a1772b5aa88413f731,512,512,320,0,0,261212,0.9964447021484375,122.50585731130269,320,39,57,17.11724276862369,123.0
R4/66_right_loop,R4,right_loop,Pore ground truth/Fingerprint Images/R4/66_right_loop.jpg,Pore ground truth/Ground truth/R4/66_right_loop.tsv,a8680ff48f10faae77ee4394b8fd2ab175cc6e51f6b013c0c83b00c08a89de52,c955e5f4b320ba1bab4723591970b5f8687abfc38b68713fd9129257e9afed41,512,512,348,0,0,261234,0.9965286254882812,133.21390018144652,348,48,67,16.492422502470642,118.0
R4/67_right_loop,R4,right_loop,Pore ground truth/Fingerprint Images/R4/67_right_loop.jpg,Pore ground truth/Ground truth/R4/67_right_loop.tsv,dc614d798bf88e30d49811982863df79fbc16c743f5265424e5fcb474bb573d2,00c09b40e480011b6ea0c681b0c22e9eb2f6a0cf4c4f06637d8273c463fb5ba3,512,512,503,0,0,257979,0.9841117858886719,194.97711054000519,493,68,101,14.7648230602334,113.0
R4/68_right_loop,R4,right_loop,Pore ground truth/Fingerprint Images/R4/68_right_loop.jpg,Pore ground truth/Ground truth/R4/68_right_loop.tsv,a5afae4130b901920c6a092802a7c643e7e42e9e035cc2dc351ec59a001f6bea,76d814ebbc9b7460d7cbd611b1e2a728f50ecb8ba435ca91545f245dde639d15,512,512,486,0,1,261846,0.9988632202148438,185.60527943905961,486,63,91,15.524174696260024,109.0
R4/69_right_loop,R4,right_loop,Pore ground truth/Fingerprint Images/R4/69_right_loop.jpg,Pore ground truth/Ground truth/R4/69_right_loop.tsv,e43d1da0513e37e2ef99172fee1135fe7d365300af917a51b50cd3b3c177db91,79eb13ed1c3bba32b228f9f03a8fa0841d353e74db0bb6ce430f413d036607e1,512,512,363,0,0,261900,0.9990692138671875,138.602520045819,363,50,70,16.1245154965971,124.0
R4/6_plain_arch,R4,plain_arch,Pore ground truth/Fingerprint Images/R4/6_plain_arch.jpg,Pore ground truth/Ground truth/R4/6_plain_arch.tsv,9467683b3ff8dc14da905a00223b8f6c2f4e089c0a06b09cbabe2995d5601b49,a87b8895a46c5fad439496e0991defb680d8255538913476f60db01a006a34e2,512,512,360,0,0,261342,0.9969406127929688,137.75053378331842,360,52,72,15.636487597155918,124.0
R4/6_right_loop,R4,right_loop,Pore ground truth/Fingerprint Images/R4/6_right_loop.jpg,Pore ground truth/Ground truth/R4/6_right_loop.tsv,8d7e64ba4ed0195fac118941e5abe94d22fd3efc4ba9fdc8cef15af5a4fcf6c0,b9d7b917569518dfbcb4efc863cccfa0fa343e1f4afeb38ad42b5f9c173a4905,512,512,356,0,0,261729,0.9984169006347656,136.01855354202246,356,49,68,16.278820596099706,132.0
R4/6_whorl,R4,whorl,Pore ground truth/Fingerprint Images/R4/6_whorl.jpg,Pore ground truth/Ground truth/R4/6_whorl.tsv,481150cc1a1007cf1433188d0be15fadbfbf9edb91e685067db44767e553d5b2,fdbd3478ed19666c6ed118237c8c947e890d52c50a93e10952c4a442e9f44f19,512,512,511,0,0,261154,0.9962234497070312,195.6699878232767,511,52,88,14.317821063276353,110.0
R4/70_right_loop,R4,right_loop,Pore ground truth/Fingerprint Images/R4/70_right_loop.jpg,Pore ground truth/Ground truth/R4/70_right_loop.tsv,f9dec07fcea432446cfba399e94858e3b2c918a96149b873c9b2a2702e5575f2,9fb7e06da3bd9083dcd3d26de0c2bedb4aae910a392e9b7599dd9a1f618ffd7f,512,512,484,0,0,262144,1.0,184.63134765625,484,63,96,15.540261941182035,113.0
R4/71_right_loop,R4,right_loop,Pore ground truth/Fingerprint Images/R4/71_right_loop.jpg,Pore ground truth/Ground truth/R4/71_right_loop.tsv,3b4459432821aef58f5fe2fd3acc800e5b06139e3c05e9e9aecb36d1a72053fb,4f1e764aa24b67e42af9bb62b7d7e10f76b5d7f3c307fabd4908316673fcf7a2,512,512,458,0,0,262144,1.0,174.713134765625,458,58,88,16.1245154965971,112.0
R4/72_right_loop,R4,right_loop,Pore ground truth/Fingerprint Images/R4/72_right_loop.jpg,Pore ground truth/Ground truth/R4/72_right_loop.tsv,ac08587f45f9916175a4743e002eb13b53352e0c97d99d635f7ba09a5f5fd46c,96b488f70a21020786cfd0a70ed94ed773676f253e3ef1767342a4e3dbf2c30e,512,512,400,0,0,261583,0.9978599548339844,152.91513592244144,400,56,78,15.458778946295832,135.0
R4/73_right_loop,R4,right_loop,Pore ground truth/Fingerprint Images/R4/73_right_loop.jpg,Pore ground truth/Ground truth/R4/73_right_loop.tsv,be3c01498b6b5c5f62ba0cde2f714211494f25e3ec216cd181e24dd313a4d46a,adba45d9dcff7b2fa1bef62070858e95aff475f52ef74ebc523ecba4f82f15e3,512,512,395,0,0,262144,1.0,150.6805419921875,395,53,81,14.866068747318506,112.0
R4/74_right_loop,R4,right_loop,Pore ground truth/Fingerprint Images/R4/74_right_loop.jpg,Pore ground truth/Ground truth/R4/74_right_loop.tsv,a587cd915d9d8ba52e7b3c7713b7e7e2ad22dc3506fe68523eaeb5246118a3b3,57d40db340ef73157895def0e325f0891323f82f480b4510861a075bbb34731a,512,512,433,0,1,261890,0.9990310668945312,165.33659169880485,433,63,80,15.0,114.0
R4/7_right_loop,R4,right_loop,Pore ground truth/Fingerprint Images/R4/7_right_loop.jpg,Pore ground truth/Ground truth/R4/7_right_loop.tsv,edc8c66c6e5431602e51dec092f22ced8575aadf604442c33bdcd265e6e62ffd,9aa7915a571db585cb5de169d917100f47de19d319438b3a59aa11cbe74526bc,512,512,454,0,0,261881,0.9989967346191406,173.36118313279695,454,60,90,14.866068747318506,115.0
R4/7_whorl,R4,whorl,Pore ground truth/Fingerprint Images/R4/7_whorl.jpg,Pore ground truth/Ground truth/R4/7_whorl.tsv,7fbb851139bc192bf564fb15d20471a728cc605f884976442993eb77eced16d4,afe371a4507be51f0cc6d42bcb7bcbdb2ee4efa3f4087e3923bb10d86cf3c411,512,512,381,0,1,262144,1.0,145.3399658203125,381,50,70,15.297058540778355,113.0
R4/8_right_loop,R4,right_loop,Pore ground truth/Fingerprint Images/R4/8_right_loop.jpg,Pore ground truth/Ground truth/R4/8_right_loop.tsv,04ad7845e82f2876f94a4b4a386a7353a9b980bb9adf9f510895655b2e9edc20,ee409a5d04ed6bb4ca819d12f04520ae6b4fbe2c05a9d6c8748fb4170e359b5c,512,512,470,0,0,260429,0.9934577941894531,180.471452871992,469,69,94,16.15549442140351,135.0
R4/8_whorl,R4,whorl,Pore ground truth/Fingerprint Images/R4/8_whorl.jpg,Pore ground truth/Ground truth/R4/8_whorl.tsv,3fae7841a8410566f3236b6a8ab17f0069811ba8aad70c08747ff10e02c29fac,e7ed8f976a19055d1f899c6534861c264f7a7434d2e8de09fe244f6814de5daa,512,512,510,0,1,260642,0.9942703247070312,195.6706900653003,510,68,100,15.524174696260024,109.0
R4/9_right_loop,R4,right_loop,Pore ground truth/Fingerprint Images/R4/9_right_loop.jpg,Pore ground truth/Ground truth/R4/9_right_loop.tsv,70ef1d85977cd0e1eb8291e18d8196859ef103f7a52f84378e7709cec7a31150,c9dbaafb76e8c8c32bec285b652236b2a97ed5d49e481c19268eda35aacd45fb,512,512,477,0,0,256449,0.9782752990722656,186.00189511364835,465,66,96,16.401219466856727,111.0
R4/9_whorl,R4,whorl,Pore ground truth/Fingerprint Images/R4/9_whorl.jpg,Pore ground truth/Ground truth/R4/9_whorl.tsv,a99b84130ccbd98a8bdf04921bbb0b0306a9272fa06feab8e3bb7d532b7adb93,5ac088d4ae937ba2c86bda6c06200d5052f66da67ab43dd08dbaff03babad747,512,512,460,0,0,261154,0.9962234497070312,176.14128062369332,458,59,88,15.410616618519189,109.0
R5/10_right_loop,R5,right_loop,Pore ground truth/Fingerprint Images/R5/10_right_loop.jpg,Pore ground truth/Ground truth/R5/10_right_loop.tsv,c758474ffda9a97739efc852949ae2689141266c2504b735622871837129555e,299ec94221d9c9b0762c3508ba017627f5d18b91835a43e50881c596d89cd4b1,512,512,358,0,0,261607,0.9979515075683594,136.84649111071187,358,38,64,16.492422502470642,124.0
R5/10_whorl,R5,whorl,Pore ground truth/Fingerprint Images/R5/10_whorl.jpg,Pore ground truth/Ground truth/R5/10_whorl.tsv,47c6d31b8f3870c92fbee8ddf39596bed72dbef178b4b474b735fb997914a19e,d8281eda0daf12a6d0b15480288ff2de4a1d77c0c2fa6283fe683d2f11c859d2,512,512,387,0,1,262144,1.0,147.6287841796875,387,57,82,16.15549442140351,121.0
R5/11_right_loop,R5,right_loop,Pore ground truth/Fingerprint Images/R5/11_right_loop.jpg,Pore ground truth/Ground truth/R5/11_right_loop.tsv,347b8c7a530a49c4a96a4c117cb457dfdc6fa6f425344b82a11ea5e87f58588b,d779e6206109af0e72f9c0370b7dae8df197d7208d95190d3012abc7940d8394,512,512,367,0,0,262144,1.0,139.9993896484375,367,52,73,14.560219778561036,117.0
R5/11_whorl,R5,whorl,Pore ground truth/Fingerprint Images/R5/11_whorl.jpg,Pore ground truth/Ground truth/R5/11_whorl.tsv,01ba5a451a2cb742dc9ebc998f73cc8056496d11947b5488726b92f487f8b6ed,54ca051ec67b6780318215d55f9b25e9ffe9ca852981fa7005814d71d8be21c9,512,512,424,0,1,261910,0.9991073608398438,161.88767133748235,424,52,81,16.1245154965971,110.0
R5/12_right_loop,R5,right_loop,Pore ground truth/Fingerprint Images/R5/12_right_loop.jpg,Pore ground truth/Ground truth/R5/12_right_loop.tsv,21ecd81d99b574d036954107e985eabc5929a33b0930aaf60efeb452746846c8,e6228318c963257fea3c984cc2fea2b8ecfb3c5fff79f10ac4e216fe160464f3,512,512,375,0,0,261531,0.9976615905761719,143.38644367206948,375,50,76,15.297058540778355,113.0
R5/12_whorl,R5,whorl,Pore ground truth/Fingerprint Images/R5/12_whorl.jpg,Pore ground truth/Ground truth/R5/12_whorl.tsv,531617d44a21ca8180ed3b3a60acd76028a5f009f4aeeb913c3294838150bb9f,56ea1157c097d865ee252b16160f62303be849df4a4ce6ed39753d466a291bcf,512,512,377,0,0,262144,1.0,143.8140869140625,377,54,76,14.317821063276353,126.0
R5/13_right_loop,R5,right_loop,Pore ground truth/Fingerprint Images/R5/13_right_loop.jpg,Pore ground truth/Ground truth/R5/13_right_loop.tsv,261ea1c4a32e5f07dac111c4a74c9fa1a5ca743dd900c2f7d45749e293e4cb98,a74c857f00d6ed3a8337d57d24d93942faf5403582abf110b899f65d3cc2cda1,512,512,331,0,0,262144,1.0,126.2664794921875,331,42,67,15.652475842498529,116.0
R5/13_whorl,R5,whorl,Pore ground truth/Fingerprint Images/R5/13_whorl.jpg,Pore ground truth/Ground truth/R5/13_whorl.tsv,a857a51e57413c2ad38b464c5421f32e85623e619d64f631d9db22384210d7cd,e7620892173b62606ffa8afed2c2320db24acbb87608743a26edf567349b7b3c,512,512,470,0,0,262144,1.0,179.290771484375,470,58,89,15.297058540778355,110.0
R5/14_right_loop,R5,right_loop,Pore ground truth/Fingerprint Images/R5/14_right_loop.jpg,Pore ground truth/Ground truth/R5/14_right_loop.tsv,fe2346f17da86f228f84814fe139e1dbeeb207f831ea0a2aaca1bf16033813e4,15161476d38b7f314afa5b5fc7757a3e855b290f4024314a9636d776091732a1,512,512,314,0,0,262144,1.0,119.781494140625,314,38,58,15.811388300841896,115.0
R5/14_whorl,R5,whorl,Pore ground truth/Fingerprint Images/R5/14_whorl.jpg,Pore ground truth/Ground truth/R5/14_whorl.tsv,5a7024e5f871a6fc70e5b135bbb8e4b0eb04d82473cde50a4afcd321bda52b2f,5d292e7895e2fb8a6c35bab70a113a11992f0af32e4a71bed8f086b23cbbc3c7,512,512,392,0,0,261687,0.9982566833496094,149.7972768995021,392,53,78,16.821658488546618,127.0
R5/15_right_loop,R5,right_loop,Pore ground truth/Fingerprint Images/R5/15_right_loop.jpg,Pore ground truth/Ground truth/R5/15_right_loop.tsv,51ea59581eb59be215817663692716eba26f0877c28b8038b6492c7b4a844a17,248a5ee8005094f48dc6aa3ef4057548d1d22936d4e5db74b20f263aef2a383a,512,512,416,0,2,261875,0.9989738464355469,158.854415274463,416,63,87,16.1245154965971,115.0
R5/15_whorl,R5,whorl,Pore ground truth/Fingerprint Images/R5/15_whorl.jpg,Pore ground truth/Ground truth/R5/15_whorl.tsv,a69645c935bc97ea23df8991fca38ad770ca0d7d17defa6720f6b0e1031b12bb,91451f6564cd68cbc3cbe0ec9c0d497f6c43bc959062729a4dfdd1c85438bc24,512,512,469,0,1,262144,1.0,178.9093017578125,469,57,85,16.55294535724685,109.0
R5/16_right_loop,R5,right_loop,Pore ground truth/Fingerprint Images/R5/16_right_loop.jpg,Pore ground truth/Ground truth/R5/16_right_loop.tsv,f1413fc61b5fc69aed504c8a82762272ad83449bd4335aedd5c5a4472ba3d392,116523e58eb98e6074c468e368eba4a2356690f1a91c822c5e7afdb877a0b1f5,512,512,442,0,1,260530,0.9938430786132812,169.65416650673626,441,52,76,15.410616618519189,118.0
R5/16_whorl,R5,whorl,Pore ground truth/Fingerprint Images/R5/16_whorl.jpg,Pore ground truth/Ground truth/R5/16_whorl.tsv,80931921a4920843190433817f48bdbf79e4e524c8be27d6ca8cc6870f58e64f,953f817acd5b3c38855f97e944b9aabebd558763a51eeb7f7c9c1a7743c1b9b3,512,512,349,0,0,260557,0.9939460754394531,133.9438203540876,346,50,72,16.492422502470642,116.0
R5/17_right_loop,R5,right_loop,Pore ground truth/Fingerprint Images/R5/17_right_loop.jpg,Pore ground truth/Ground truth/R5/17_right_loop.tsv,93b64bc0794f1c9810336bab7e8fb19b3a5f53aef8235463ba9afb6b1b43ddc9,0b393a138f132cbb766402c5b96cf6ab191d3729894319bc7a78ad63459d64ba,512,512,362,0,0,260884,0.9951934814453125,138.75898866929364,362,39,59,16.97056274847714,119.0
R5/17_whorl,R5,whorl,Pore ground truth/Fingerprint Images/R5/17_whorl.jpg,Pore ground truth/Ground truth/R5/17_whorl.tsv,9e624a9d44a9d97975b38d0cfdb211e900709a6ac67a71741d8f0b91a553f96e,2aa9d5f6870f399d00a35f81c019583c7510de1bacd931e6c53a99b8784e384c,512,512,336,0,0,258455,0.9859275817871094,130.00328877367434,336,37,51,15.0,119.0
R5/18_right_loop,R5,right_loop,Pore ground truth/Fingerprint Images/R5/18_right_loop.jpg,Pore ground truth/Ground truth/R5/18_right_loop.tsv,d69f38cdf7ddcb01c9c0b129be4a97989ff42b5d816cf70b0cca1da66b155cf2,b8856ab358a90318e9cec71af4619680a175f5949e20fc76df5b15329f64e32a,512,512,369,0,0,261938,0.9992141723632812,140.8730310226084,369,60,83,15.556349186104045,116.0
R5/18_whorl,R5,whorl,Pore ground truth/Fingerprint Images/R5/18_whorl.jpg,Pore ground truth/Ground truth/R5/18_whorl.tsv,d4120dd6b08c0923665221191f72d5ac1c159e895258fcfa457cb5b8c7e912ba,d32ee230008a45dd2c48b5fe4bc191a60da561288c3a483c3aee6feb77028b76,512,512,449,0,1,261385,0.9971046447753906,171.77726342368535,449,55,83,16.278820596099706,117.0
R5/19_right_loop,R5,right_loop,Pore ground truth/Fingerprint Images/R5/19_right_loop.jpg,Pore ground truth/Ground truth/R5/19_right_loop.tsv,d935b8244090e9fd4b44e363ca3e0af6e3442e182089d9c7e99afbd1aee89f13,854064f4e6afb7b57ca9d1bd2d5947fc9b4b76b45e26b724629feeb6dc2a98a7,512,512,346,0,3,260804,0.9948883056640625,132.6666768914587,344,39,62,15.033296378372908,122.0
R5/19_whorl,R5,whorl,Pore ground truth/Fingerprint Images/R5/19_whorl.jpg,Pore ground truth/Ground truth/R5/19_whorl.tsv,5b061a75e92c9c6e6e74476d7558f6c821d96e5d9343eccdc7e4ebb316772af9,4d97eb4c6156591d9aca9d2ff6bab1206fcf8fa14ac1f1185de636661c1ff99b,512,512,438,0,0,261733,0.9984321594238281,167.34611225943996,438,51,76,15.297058540778355,111.0
R5/1_left_loop,R5,left_loop,Pore ground truth/Fingerprint Images/R5/1_left_loop.jpg,Pore ground truth/Ground truth/R5/1_left_loop.tsv,99c6413ea5ada18e64bf72660c0733a8a02dfa73c256a6cee8105785574f7512,63c7c1b7eaf93de053414b4b4a7f01eec4b0a01a43be597a87583937d0ee4198,512,512,508,0,0,258074,0.9844741821289062,196.84276602834845,501,67,102,15.06637297521078,116.0
R5/1_plain_arch,R5,plain_arch,Pore ground truth/Fingerprint Images/R5/1_plain_arch.jpg,Pore ground truth/Ground truth/R5/1_plain_arch.tsv,893d0d794fb500a946fb32e83ee715bd0c5a8630032bc75f28bfc6a326c54859,7d779f3ff89cfa2f68d56dd044d86f4ba33ca77be6dd7c6353cd449ef2188abd,512,512,459,0,0,262144,1.0,175.0946044921875,459,57,82,17.26267650163207,133.0
R5/1_right_loop,R5,right_loop,Pore ground truth/Fingerprint Images/R5/1_right_loop.jpg,Pore ground truth/Ground truth/R5/1_right_loop.tsv,d0ff79f92827f43e845ceabaff6a736b5bd4040afce32c3433c6bf5271bb565a,df763b6c806a2e388db7850739cbe6ebcd7bef483686776f1aa843de84bbc2d5,512,512,354,0,0,261120,0.99609375,135.56985294117646,354,42,60,15.811388300841896,118.0
R5/1_tented_arch,R5,tented_arch,Pore ground truth/Fingerprint Images/R5/1_tented_arch.jpg,Pore ground truth/Ground truth/R5/1_tented_arch.tsv,85d66c56282e5f662f8aa7a5b55046f44f553a3d151ae0d7715ea7f91a1799a5,533b88a63bcfb2e30c4a6c5553dc98f417fe18ced056d4213ce9d72fc33497c1,512,512,341,0,0,262144,1.0,130.0811767578125,341,45,64,15.556349186104045,119.0
R5/1_whorl,R5,whorl,Pore ground truth/Fingerprint Images/R5/1_whorl.jpg,Pore ground truth/Ground truth/R5/1_whorl.tsv,3fc581f5d6067d4629e9001e5ff3dd6b0afdb589393f4302f94f71b661a4df99,884fad3633d2bbad11602aa8f4f853c881957fd9e56d4b115199d1762c1b744a,512,512,358,0,0,262144,1.0,136.566162109375,358,50,65,14.142135623730951,129.0
R5/20_right_loop,R5,right_loop,Pore ground truth/Fingerprint Images/R5/20_right_loop.jpg,Pore ground truth/Ground truth/R5/20_right_loop.tsv,8304875a336e576b25c226e836fc0d2b67ebcd360028e984a05062e417504bfc,e0df91c5d2a78d7d75f034664ec4bab5e0e37a3f3553ecd3665cf032016553b7,512,512,402,0,0,262144,1.0,153.350830078125,402,57,89,14.593514081044678,118.0
R5/20_whorl,R5,whorl,Pore ground truth/Fingerprint Images/R5/20_whorl.jpg,Pore ground truth/Ground truth/R5/20_whorl.tsv,bf33362624a3ba670869f43ef7fa78e32b34cc65f0b13f0ee9b1c4308d930572,12d22d8d9012f8cd301446b097efd2d2edbe95a12d1a0f13b0ce281eb350e79d,512,512,487,0,0,262144,1.0,185.7757568359375,487,56,88,16.1245154965971,110.0
R5/21_right_loop,R5,right_loop,Pore ground truth/Fingerprint Images/R5/21_right_loop.jpg,Pore ground truth/Ground truth/R5/21_right_loop.tsv,f26479ba411472f0e6f5aa058f091c522099077d536c12ec3714f9085bee456a,15f03e517dbb6a6546161dc8bcbf07968f47cd928909d3989ae3f07d15611f2e,512,512,441,0,0,262144,1.0,168.2281494140625,441,55,83,15.132745950421556,110.0
R5/21_whorl,R5,whorl,Pore ground truth/Fingerprint Images/R5/21_whorl.jpg,Pore ground truth/Ground truth/R5/21_whorl.tsv,c3f4965e565e2bf4ec2c5da63047d2c2932de1b9f8479d01996b2be38bf97d04,69b12e8788b780712b1a715918e590c723bee6950a7687c863d419b77f74948c,512,512,518,0,0,250920,0.957183837890625,206.44029969711463,499,59,90,15.033296378372908,115.0
R5/22_right_loop,R5,right_loop,Pore ground truth/Fingerprint Images/R5/22_right_loop.jpg,Pore ground truth/Ground truth/R5/22_right_loop.tsv,a299b40c31e97c48aacd6cdd2737fbb94adf721b862f652fe75ab7793b98de51,ff7bd8fde7cd7cc9005d266acc7ddfa8969b3c7b6b6f419a1604cf0524365c2e,512,512,451,0,0,262144,1.0,172.0428466796875,451,55,90,15.620499351813308,111.0
R5/22_whorl,R5,whorl,Pore ground truth/Fingerprint Images/R5/22_whorl.jpg,Pore ground truth/Ground truth/R5/22_whorl.tsv,e21c27ac36a1fcfe884ab21fd0c858445c8f92265844c71eaf376e6c71f4cafb,033e6eb9aa5b0035876b1c5ff942871c1ecce94ef218325b40d80642487bfab3,512,512,401,0,0,261900,0.9990692138671875,153.1118747613593,401,49,72,15.652475842498529,116.0
R5/23_right_loop,R5,right_loop,Pore ground truth/Fingerprint Images/R5/23_right_loop.jpg,Pore ground truth/Ground truth/R5/23_right_loop.tsv,592b5fa9ae7c249036301ee22360cf505f59ba9372662087fa5da178a81c1813,2d6b8c56a1659581e3597ca5dee1217663f19c399efbd09bf142adc77c7b69f4,512,512,504,0,0,262144,1.0,192.2607421875,504,57,93,15.0,110.0
R5/23_whorl,R5,whorl,Pore ground truth/Fingerprint Images/R5/23_whorl.jpg,Pore ground truth/Ground truth/R5/23_whorl.tsv,e09c00ed6414df781f6ab9c2866ad7a4353282f888b08d4ca8e8e574859a7dda,93d562be0ce9d4032d39b3caaceeba18663a8266a8f1cd53d84d214975142d83,512,512,452,0,0,261179,0.9963188171386719,173.06138701809869,452,49,74,16.446820984663685,111.0
R5/24_right_loop,R5,right_loop,Pore ground truth/Fingerprint Images/R5/24_right_loop.jpg,Pore ground truth/Ground truth/R5/24_right_loop.tsv,342207951eea220a367163fde2c182ab3ac5e8615164edd9b6e1f09d5a887161,18e9b91ad984bf80aa89ed90ccbff4a0ce6b0179a545c645e605a7e732ce955c,512,512,465,0,0,262144,1.0,177.3834228515625,465,63,90,15.620499351813308,114.0
R5/24_whorl,R5,whorl,Pore ground truth/Fingerprint Images/R5/24_whorl.jpg,Pore ground truth/Ground truth/R5/24_whorl.tsv,21376750fcf501ad68088ac5d32ace07ae6b2d50508ad964d16e26dba6db23d3,15e0e8067db1d544ca926431b2ef8d855babe6da86828c78c3f03280f177dab9,512,512,354,0,0,260840,0.995025634765625,135.715381076522,354,42,64,15.0,116.0
R5/25_right_loop,R5,right_loop,Pore ground truth/Fingerprint Images/R5/25_right_loop.jpg,Pore ground truth/Ground truth/R5/25_right_loop.tsv,2032265908817f26f541c4c556c01388eca2f931be862c301787a09d8a5899f4,8b963b0c1efd8e4c3832e6c7a95c73c7b379a3c6c988ae13f035ca2b3df180ad,512,512,389,0,0,261800,0.998687744140625,148.5867074102368,389,50,78,16.0,130.0
R5/25_whorl,R5,whorl,Pore ground truth/Fingerprint Images/R5/25_whorl.jpg,Pore ground truth/Ground truth/R5/25_whorl.tsv,8665ef05f92f49795e0c65f3f006eb704ea0dc3d649dd92a3ce56c605634096c,5613517a4f19bc92347c6d61ce39f5b84a9150dfd7f247ef69d2baf6e0097e80,512,512,341,0,0,261744,0.99847412109375,130.27996821321597,341,39,54,14.866068747318506,120.0
R5/26_right_loop,R5,right_loop,Pore ground truth/Fingerprint Images/R5/26_right_loop.jpg,Pore ground truth/Ground truth/R5/26_right_loop.tsv,7a7d991bbb62565b255753df0edba9c2e2c2a1887dbad918145b9f097a14dc75,12dca58de98fc540d81ac7a75872ec9bc47928622178490e3cedba52710d921c,512,512,333,0,0,259247,0.9889488220214844,128.448930942306,333,33,61,16.278820596099706,132.0
R5/26_whorl,R5,whorl,Pore ground truth/Fingerprint Images/R5/26_whorl.jpg,Pore ground truth/Ground truth/R5/26_whorl.tsv,8f4dd2d8c75e4555c895bc6fe9e13d5f5bd71469a41b7051383f0d790b8d190d,acfaedd97b29a40bf2f58b5d102c556c69580c549f53835fe4d579e671b3f101,512,512,373,0,0,262144,1.0,142.2882080078125,373,46,74,14.317821063276353,116.0
R5/27_right_loop,R5,right_loop,Pore ground truth/Fingerprint Images/R5/27_right_loop.jpg,Pore ground truth/Ground truth/R5/27_right_loop.tsv,be850f923242653b15cd860375a6da3d12186ce8a6c14871d25b2be9a7ac460c,eb2868239b14544b59e58058db622fc118a10d4cdb675b8146c7c4d2cc4e2047,512,512,362,0,0,262144,1.0,138.092041015625,362,43,69,17.029386365926403,115.0
R5/27_whorl,R5,whorl,Pore ground truth/Fingerprint Images/R5/27_whorl.jpg,Pore ground truth/Ground truth/R5/27_whorl.tsv,b2337ec34bebe4a8bd1ab69a1cf05c55e5da2cf78650baffa53501579e036b46,19222adeae8b02915295cac9d9664668e58092fca5e6611a57de2a827a654a0c,512,512,417,0,0,261726,0.9984054565429688,159.3269296898283,417,43,75,15.811388300841896,113.0
R5/28_right_loop,R5,right_loop,Pore ground truth/Fingerprint Images/R5/28_right_loop.jpg,Pore ground truth/Ground truth/R5/28_right_loop.tsv,cb3222a194702ea18a08face46346f1c704fe8a9fe3240b95d3f0a85549c5783,0fc4d15b03c4869b0236a01bfe1d986baa0d3171e2a9b20015d695c44d123db0,512,512,310,0,0,261442,0.9973220825195312,118.57314433029124,310,35,60,15.198541736447652,121.0
R5/28_whorl,R5,whorl,Pore ground truth/Fingerprint Images/R5/28_whorl.jpg,Pore ground truth/Ground truth/R5/28_whorl.tsv,4cc372803954ef12f191bb0f8f3960fe6e6331fb2ef0c3db1e8ca1986f697b8d,c39f863123809999073f314546bf2b2b1fe5a3a4dce3cae54bca1048a980a0c6,512,512,415,0,0,262144,1.0,158.3099365234375,415,52,81,15.652475842498529,112.0
R5/29_right_loop,R5,right_loop,Pore ground truth/Fingerprint Images/R5/29_right_loop.jpg,Pore ground truth/Ground truth/R5/29_right_loop.tsv,fca808959ad22c407d3e2df79ef3c906f4f536a2de4d0ff5cf83237331818299,2bf133b29ade386a0bd255b024a4e57b3209ed115eaea3a74ec3a442d8047967,512,512,390,0,0,262144,1.0,148.773193359375,390,50,71,15.620499351813308,134.0
R5/29_whorl,R5,whorl,Pore ground truth/Fingerprint Images/R5/29_whorl.jpg,Pore ground truth/Ground truth/R5/29_whorl.tsv,a9434e63de2bcf8a7c0641715defbfb622a6216f944126a12e36d1c66e41ae07,a75cc024af6f3da0b0c6903b13c82fa1462669053472fb564c77aebb14b0de33,512,512,417,0,0,262144,1.0,159.0728759765625,417,54,81,17.26267650163207,109.0
R5/2_left_loop,R5,left_loop,Pore ground truth/Fingerprint Images/R5/2_left_loop.jpg,Pore ground truth/Ground truth/R5/2_left_loop.tsv,19a11554823f421f8a4ca5adeef70825afbd29faf0298489b34c6a3216f194bd,8ba84094a45ab97dc9cd5e858642d9325ed84f9777aff8b8253db3148aab553c,512,512,500,0,0,261025,0.9957313537597656,191.55253328225265,500,60,91,15.132421295050364,110.0
R5/2_plain_arch,R5,plain_arch,Pore ground truth/Fingerprint Images/R5/2_plain_arch.jpg,Pore ground truth/Ground truth/R5/2_plain_arch.tsv,7aae0d5f9cfbb53866b974f0238f60db702294a244314d82005d521b6ee85950,51ea8008a511014acaafb56d7935410bab6952caf1f2e2a09fdf3b4b30b0b177,512,512,525,0,0,262035,0.9995841979980469,200.3549144198294,525,63,97,15.132745950421556,123.0
R5/2_right_loop,R5,right_loop,Pore ground truth/Fingerprint Images/R5/2_right_loop.jpg,Pore ground truth/Ground truth/R5/2_right_loop.tsv,b94e3b2d73216f7bef504507c516c30c792a4843d57c63fb02bbf358237486eb,04e7466977690a46d49b2647e8378b1eba5247ad04221888febc5a5b9c1cfcd0,512,512,516,0,0,261379,0.9970817565917969,197.41448241825088,515,60,95,15.731932071670212,123.0
R5/2_tented_arch,R5,tented_arch,Pore ground truth/Fingerprint Images/R5/2_tented_arch.jpg,Pore ground truth/Ground truth/R5/2_tented_arch.tsv,7197195f3668834f599269028d03edb6833cbfccc2d9a59ecb1b06a199227020,a4aee966722f41f9fe70f2775b49fb5b3f1c221938ca5cecb217f6c91369c5b8,512,512,362,0,0,260589,0.9940681457519531,138.9160709009206,362,36,70,14.142135623730951,133.0
R5/2_whorl,R5,whorl,Pore ground truth/Fingerprint Images/R5/2_whorl.jpg,Pore ground truth/Ground truth/R5/2_whorl.tsv,e0171f9279b6044d6769e67230166e20fc5bd87a0d336fa5fbbdda8af63a3ea9,4529ebaa99f6fe88d8d6297a064cc5a522de927ad105b270029a4375f71b61e7,512,512,479,0,0,261054,0.9958419799804688,183.4869413990975,479,53,77,15.524174696260024,135.0
R5/30_right_loop,R5,right_loop,Pore ground truth/Fingerprint Images/R5/30_right_loop.jpg,Pore ground truth/Ground truth/R5/30_right_loop.tsv,7c4791c63582b1488573cfec828c1fc439395220ae43798e5e0fe4aa70fba669,2df6ff11da09b1aa743c1f06eb38618ec6c2431b3b71b9a95f2229037100bd3f,512,512,368,0,1,256668,0.9791107177734375,143.37587856686457,368,36,65,13.746957249092624,137.0
R5/30_whorl,R5,whorl,Pore ground truth/Fingerprint Images/R5/30_whorl.jpg,Pore ground truth/Ground truth/R5/30_whorl.tsv,5689ad40dd756b44f077ed3a2d94d4681d1df3fac6373487dd87ec7ec37d705b,9dcc41674c58a76f62d6f232819029147ac091376bbb66cd63dadb1674df3c43,512,512,425,0,1,254001,0.9689369201660156,167.32217589694528,421,54,79,14.422205101855956,122.0
R5/31_right_loop,R5,right_loop,Pore ground truth/Fingerprint Images/R5/31_right_loop.jpg,Pore ground truth/Ground truth/R5/31_right_loop.tsv,af277fa629490809aeff604fc4b292377d87a8a57d14ad7914471505128ece9e,f3af4ef0a392f7ccb13a2eb468083c6a09cfb77cf21bdd29c0d7c2bc29a0a2e0,512,512,378,0,0,257675,0.9829521179199219,146.69641990879987,374,49,75,16.1245154965971,118.0
R5/31_whorl,R5,whorl,Pore ground truth/Fingerprint Images/R5/31_whorl.jpg,Pore ground truth/Ground truth/R5/31_whorl.tsv,67337eaae9389213f4d091fcc23da65d3d63cd226b98616f0e94709581d87933,c8eba286cc7c662af45bf00d43e97c823a63e143c549464eb8e19850f79fd7b9,512,512,384,0,0,262144,1.0,146.484375,384,54,73,16.703185795666727,114.0
R5/32_right_loop,R5,right_loop,Pore ground truth/Fingerprint Images/R5/32_right_loop.jpg,Pore ground truth/Ground truth/R5/32_right_loop.tsv,13d33bee16f3dbb78fa7384b0b6a7319de3d893f26f7b31b6cf4735fed01d2cb,351d3d4ddafe6b9f17668b0a4c1aa7676241b50fa4111f8836cea45cd9d0cc50,512,512,382,0,0,259958,0.9916610717773438,146.9468144854169,380,55,74,14.713144262939771,120.0
R5/32_whorl,R5,whorl,Pore ground truth/Fingerprint Images/R5/32_whorl.jpg,Pore ground truth/Ground truth/R5/32_whorl.tsv,a86f4c0f268d40989624febd4fa4b94525fc115b9b34fd9ab4991215eede99ad,5eaac0eecd5fd49c0fb59f2faa405952ba5dcb82067bf9ef4132aed2702ee435,512,512,400,0,0,261267,0.9966545104980469,153.1000853532976,400,50,71,16.278820596099706,111.0
R5/33_right_loop,R5,right_loop,Pore ground truth/Fingerprint Images/R5/33_right_loop.jpg,Pore ground truth/Ground truth/R5/33_right_loop.tsv,a31b30d876371e8d4e6fc1ef2704416ff5b7c8f0d0b163dd3e0ab1467f9fddc4,fcafb5730a296dda0b2183769d0e15852d1a88876b6f0cf9653ac3d08be75044,512,512,460,0,0,262144,1.0,175.47607421875,460,54,87,15.588325269379276,124.0
R5/33_whorl,R5,whorl,Pore ground truth/Fingerprint Images/R5/33_whorl.jpg,Pore ground truth/Ground truth/R5/33_whorl.tsv,898fbe438a67e8d8f2010d391846aa27ed6cf3e1cc95ba2ae83d78c1e70e1996,2854dd41f5aa2fc35e73b0879f4b6f8a0d3a071f962fc70989aa487d0ca22136,512,512,365,0,1,260237,0.9927253723144531,140.25676594796283,364,49,72,17.0,144.0
R5/34_right_loop,R5,right_loop,Pore ground truth/Fingerprint Images/R5/34_right_loop.jpg,Pore ground truth/Ground truth/R5/34_right_loop.tsv,3c9e8a1dbd02847aeb0c592956837647f05497868586207a8faa423dd54dfbdc,45fd68dfe14afe723a9dabd2441b6d917f783f7289d85ae20303b037880f6374,512,512,358,0,0,262144,1.0,136.566162109375,358,48,68,17.72004514666935,116.0
R5/34_whorl,R5,whorl,Pore ground truth/Fingerprint Images/R5/34_whorl.jpg,Pore ground truth/Ground truth/R5/34_whorl.tsv,47a4db9c60bde1c8e939a8ba0b5f4b3728f8148b5e4b32d3b389d9aa132c69fb,7f6f0f9cce87cf7b2786dfcefa7d3d653be806fcdc0716c89ea9f0980174539d,512,512,551,0,0,262144,1.0,210.1898193359375,551,62,96,14.866068747318506,115.0
R5/35_right_loop,R5,right_loop,Pore ground truth/Fingerprint Images/R5/35_right_loop.jpg,Pore ground truth/Ground truth/R5/35_right_loop.tsv,b7980c71c8bf984dec5bf9a371216166dfac123743a40e18cda70a3d79f4c852,77c2384fe49fcc064f91cb48ff2d89b6ae18d2e686f977b2ff1e3d4031ff70cf,512,512,337,0,1,257383,0.9818382263183594,130.93327842165178,327,44,69,15.811388300841896,124.0
R5/35_whorl,R5,whorl,Pore ground truth/Fingerprint Images/R5/35_whorl.jpg,Pore ground truth/Ground truth/R5/35_whorl.tsv,bbe9453975e7543e64b818d9dfcb25250a95962007959125def34770de80ac01,f4b38d865fc0b74393d9220de30924cfc212556faa7c8ce54359156f91425a6a,512,512,482,0,1,262144,1.0,183.868408203125,482,65,97,15.572337024036667,107.0
R5/36_right_loop,R5,right_loop,Pore ground truth/Fingerprint Images/R5/36_right_loop.jpg,Pore ground truth/Ground truth/R5/36_right_loop.tsv,d33d883938de804c48ad985629e008261f06ca5adaf6afde9a7932c1ace2904d,2af4972fa88055bf22e085612baa85c5111f02330efb8450ef51739e7c901b0c,512,512,379,0,0,261615,0.9979820251464844,144.86936911109837,378,47,74,15.524174696260024,130.0
R5/36_whorl,R5,whorl,Pore ground truth/Fingerprint Images/R5/36_whorl.jpg,Pore ground truth/Ground truth/R5/36_whorl.tsv,93934b6574066ebaa174ae04f4a3c6da75448269fa67a908e16052520c4fb8ff,5bc717e21e60ca6c9c9b679d8c582ba761b18e014c8fe176d6affc16c00c9c97,512,512,421,0,0,261515,0.9976005554199219,160.98502953941457,421,44,67,15.264337522473747,114.0
R5/37_right_loop,R5,right_loop,Pore ground truth/Fingerprint Images/R5/37_right_loop.jpg,Pore ground truth/Ground truth/R5/37_right_loop.tsv,d60cc2453149b7af44976f3524de5d2bbe10f1ef8614243bf974123e4c9a63b7,9c985b6397bcfd33ea3a09ae655cc56b95ce8d1d6dffd4fef7ec53141d8e2f87,512,512,349,0,0,262144,1.0,133.1329345703125,349,52,69,15.0,115.0
R5/37_whorl,R5,whorl,Pore ground truth/Fingerprint Images/R5/37_whorl.jpg,Pore ground truth/Ground truth/R5/37_whorl.tsv,4ef34db54b19b57275ded210706ffc28ae4b4596a785367db4dc050fb948de36,63711afd1d60716d0b8e9a7e4e746585463b6a989e7af7efe64fb39af550c059,512,512,375,0,2,261780,0.9986114501953125,143.25005730002292,375,50,70,16.278820596099706,132.0
R5/38_right_loop,R5,right_loop,Pore ground truth/Fingerprint Images/R5/38_right_loop.jpg,Pore ground truth/Ground truth/R5/38_right_loop.tsv,3b3420211b426dcac5df3db3b205362ebc6c2507246bd1eaab4b2bde4ca39e03,dc2e86aa648bad8c10a77945771e3e12be1ba09e6a4f109478e4b64a50586632,512,512,418,0,0,260269,0.9928474426269531,160.60306836388506,417,50,74,15.280698031626052,114.0
R5/38_whorl,R5,whorl,Pore ground truth/Fingerprint Images/R5/38_whorl.jpg,Pore ground truth/Ground truth/R5/38_whorl.tsv,4041a9cea9dce7855ae04b7886e3982289ac0c630a28c3d019e29afc607baab0,b6a1b3e284b42fc83832f39d4d1fb9f6f6a35747f8a5c6bf6eb88d4d1936a386,512,512,465,0,0,262144,1.0,177.3834228515625,465,58,89,17.08800749063506,116.0
R5/39_right_loop,R5,right_loop,Pore ground truth/Fingerprint Images/R5/39_right_loop.jpg,Pore ground truth/Ground truth/R5/39_right_loop.tsv,993a622e578a3b7260a43196cfb05041e019cdf76295d34458e1fa34dee942d7,753074615b8a9d81ca01455c28b7b8cbd3f71ef9398775f0f36c75a5825bd4c4,512,512,515,0,0,262144,1.0,196.4569091796875,515,68,104,15.556349186104045,108.0
R5/39_whorl,R5,whorl,Pore ground truth/Fingerprint Images/R5/39_whorl.jpg,Pore ground truth/Ground truth/R5/39_whorl.tsv,149f107006ec3b5b622c2e5b40f041e7f265910ed236e4e6725da48fee1d3c37,edc9893273edad4b1724e7a7f090d6ea42cb8acb9299badaa45270c151f48fd4,512,512,461,0,0,262144,1.0,175.8575439453125,461,55,79,15.811388300841896,110.0
R5/3_left_loop,R5,left_loop,Pore ground truth/Fingerprint Images/R5/3_left_loop.jpg,Pore ground truth/Ground truth/R5/3_left_loop.tsv,996f50e6d021756f670380477a1647a618ebbff1b34c139ec6ac974e67ffb6ac,7cfea61bf47bb314f56651e0689b2456196fd540fe73c9a5989601ce0de6384d,512,512,390,0,0,259877,0.9913520812988281,150.07099512461664,388,44,72,14.933034373659254,133.0
R5/3_plain_arch,R5,plain_arch,Pore ground truth/Fingerprint Images/R5/3_plain_arch.jpg,Pore ground truth/Ground truth/R5/3_plain_arch.tsv,cfff75418f885b07902a7ed2c7af0938fccde117c94ec5b3efa7d925526c05b1,c333c1adc056069fe18a1b0bb5f587cff6a90c74c93b38879bf373cc6f4666d0,512,512,460,0,0,261926,0.9991683959960938,175.62212227881156,460,57,87,13.601470508735444,115.0
R5/3_right_loop,R5,right_loop,Pore ground truth/Fingerprint Images/R5/3_right_loop.jpg,Pore ground truth/Ground truth/R5/3_right_loop.tsv,a95b5109b67c55ea7b8fc36dca7f2262156e40366d65446f698054c16465e8d6,5b976d3da090bfe5fa5ab49894cf0995f3c254092bc32854f1cadc4fa28744ec,512,512,431,0,1,262144,1.0,164.4134521484375,431,53,78,16.55294535724685,113.0
R5/3_tented_arch,R5,tented_arch,Pore ground truth/Fingerprint Images/R5/3_tented_arch.jpg,Pore ground truth/Ground truth/R5/3_tented_arch.tsv,743796c035e5d969c113996d701f8da60eb8b13546f07b255ea7cf618af31ca0,ed4fe68325928b183fe38b845e1eed07c678fb70b65c1150ae671708f3364bc7,512,512,389,0,1,259589,0.9902534484863281,149.8522664673773,389,49,67,16.15549442140351,145.0
R5/3_whorl,R5,whorl,Pore ground truth/Fingerprint Images/R5/3_whorl.jpg,Pore ground truth/Ground truth/R5/3_whorl.tsv,8863f6d8e11a6dbfc9392899fb1c69058f9ab9035d2d530732a1726681811fe9,d76ddaa00b9e94d4faa58ad43e1598e16f96c036f96c8762dccdf839cc2f7f7b,512,512,413,0,0,262144,1.0,157.5469970703125,413,55,80,14.7648230602334,114.0
R5/40_right_loop,R5,right_loop,Pore ground truth/Fingerprint Images/R5/40_right_loop.jpg,Pore ground truth/Ground truth/R5/40_right_loop.tsv,ebe073353eb90107bc38363456ec3d19bd6c00f5fc4826628af736ed703f9555,a2b3f94e31d43d23ae5335645eca49016cf991d1ed251728fc6351d7a4ad13e5,512,512,509,0,0,254421,0.9705390930175781,200.06210179191183,491,62,85,15.811388300841896,125.0
R5/40_whorl,R5,whorl,Pore ground truth/Fingerprint Images/R5/40_whorl.jpg,Pore ground truth/Ground truth/R5/40_whorl.tsv,9c4922ba9c7e71c9a08bda1df6d0094617ca1d5b6ab18a3b355e94cce9a3a83f,93e19982834ceacc1ed67b24ab0e4f125efa6279c08d1348ff91320e8337f609,512,512,360,0,0,262144,1.0,137.3291015625,360,44,64,15.410616618519189,115.0
R5/41_right_loop,R5,right_loop,Pore ground truth/Fingerprint Images/R5/41_right_loop.jpg,Pore ground truth/Ground truth/R5/41_right_loop.tsv,14619cfa9a6238aa2206f33f03211ce152342f2fb9684c80246b9e07cafca0ce,2a427024b09baa39b1cf79461c3dfa22b421e8274644b32f9aad3db01669d3f4,512,512,457,0,0,259718,0.9907455444335938,175.96007977883704,453,55,91,15.811388300841896,112.0
R5/41_whorl,R5,whorl,Pore ground truth/Fingerprint Images/R5/41_whorl.jpg,Pore ground truth/Ground truth/R5/41_whorl.tsv,d193ab921e1c4f57d5e433ce96befddedaef4b3fae2aea6d0298cd0fdebda240,83cc93bc3d78db8e3397230349cbc575945ce529e380c8a0609bf5d28e00a657,512,512,480,0,0,258026,0.9842910766601562,186.0277646438731,475,54,82,15.556349186104045,122.0
R5/42_right_loop,R5,right_loop,Pore ground truth/Fingerprint Images/R5/42_right_loop.jpg,Pore ground truth/Ground truth/R5/42_right_loop.tsv,d666ae6a6e2315a325e8880e8511f2750798409769500d9fd90a6d9566c1740e,b590f0dd4120b0100cd952c37cb29df86e3ab06a0233d2e0d0e42f75f9036381,512,512,427,0,0,261540,0.9976959228515625,163.26374550737935,427,55,76,16.1245154965971,114.0
R5/42_whorl,R5,whorl,Pore ground truth/Fingerprint Images/R5/42_whorl.jpg,Pore ground truth/Ground truth/R5/42_whorl.tsv,219f264341cb2cb7948610916f54d7e5845255cc05aa017db00960cdc41b060d,8e72213bb26e130fdf397f6f0cd17be7d62f4d05ec801849d10ec4a7c08f6f6d,512,512,416,0,3,253713,0.9678382873535156,163.96479486664063,407,49,78,16.0,120.0
R5/43_right_loop,R5,right_loop,Pore ground truth/Fingerprint Images/R5/43_right_loop.jpg,Pore ground truth/Ground truth/R5/43_right_loop.tsv,147da5944da99dacc572c026b41c2b0ad7139919c14f85bc08adaa932fc0b190,b84cb5b6fbdd5d0a1160e49f5110b3b850735a5409b58496ef39da4c411fe8d0,512,512,421,0,0,262144,1.0,160.5987548828125,421,47,76,16.15549442140351,111.0
R5/43_whorl,R5,whorl,Pore ground truth/Fingerprint Images/R5/43_whorl.jpg,Pore ground truth/Ground truth/R5/43_whorl.tsv,e011dcf1f99feb21bfbd5f25a3b96f6f342cbdcc8ca5db2b59c9b2fe25ab1301,4b48a79889acc0db3b74461e586cda428c3b60bc8580b83d5759fc88de58249c,512,512,310,0,0,261088,0.9959716796875,118.73391346978798,310,36,59,17.0,129.0
R5/44_right_loop,R5,right_loop,Pore ground truth/Fingerprint Images/R5/44_right_loop.jpg,Pore ground truth/Ground truth/R5/44_right_loop.tsv,893bda44c5f48434a95892439a918a609d2f74dc42612b36336f3ac4b2f28e0e,9a2e9b9f8981616e3a2d6c554054a8d77d2969fd88fd1ff6029567f9111e5cd3,512,512,501,0,0,259143,0.9885520935058594,193.32955163751288,497,56,90,14.866068747318506,112.0
R5/44_whorl,R5,whorl,Pore ground truth/Fingerprint Images/R5/44_whorl.jpg,Pore ground truth/Ground truth/R5/44_whorl.tsv,c5b18a28f164be9257cbb7b4e04160f6e6b4f8f5037a8d3c1ddb058aa875c025,513275178cb0dad18a50a4dd58e19ceb7003f74f5f618437035af24f87a524a8,512,512,513,0,1,261938,0.9992141723632812,195.84787239728487,513,61,97,15.0,126.0
R5/45_right_loop,R5,right_loop,Pore ground truth/Fingerprint Images/R5/45_right_loop.jpg,Pore ground truth/Ground truth/R5/45_right_loop.tsv,7982401b3f6ca30c07ac77e4f2ef7ce958e6198f944b537fdb8d7cefe3b8f6aa,8594de4064587ba633f46f208b724de04f90f954d1679285cba8063a79b84c65,512,512,396,0,0,260347,0.9931449890136719,152.10469104694886,396,60,82,15.231546211727817,143.0
R5/45_whorl,R5,whorl,Pore ground truth/Fingerprint Images/R5/45_whorl.jpg,Pore ground truth/Ground truth/R5/45_whorl.tsv,93531aa3002fad520c52c953c128fb49f65b2d0e435ac41c808159e67f6a056a,8842f289d29c216d813cac268aff3dea2267a9c211636f9e9deb2d509094dc0d,512,512,408,0,0,259283,0.9890861511230469,157.35701916438794,405,53,79,15.0,116.0
R5/46_right_loop,R5,right_loop,Pore ground truth/Fingerprint Images/R5/46_right_loop.jpg,Pore ground truth/Ground truth/R5/46_right_loop.tsv,ecdca3dc781eab3290971e6f218b6ab479a6ad48da7904fe5f5145c38c692b21,34c290d3758e2c604a3797e1b82e9d618898aa7b28835d7591c3cbae35392ce3,512,512,467,0,0,260358,0.9931869506835938,179.36840811498013,463,54,92,15.231546211727817,120.0
R5/46_whorl,R5,whorl,Pore ground truth/Fingerprint Images/R5/46_whorl.jpg,Pore ground truth/Ground truth/R5/46_whorl.tsv,facde86188f4e9420550b8598933424fbc99c18743b4b9c530b879f34ad024e4,9a39a16d1067d0b6c1f51fb2ce64bcdc285d043c3fb80f4b6218eea684fdc7f1,512,512,323,0,1,261571,0.9978141784667969,123.4846370583895,323,44,63,17.46424919657298,117.0
R5/47_right_loop,R5,right_loop,Pore ground truth/Fingerprint Images/R5/47_right_loop.jpg,Pore ground truth/Ground truth/R5/47_right_loop.tsv,d64544e768169a785ee6f3255625cff29c74b2e178bd867cf860a4e154dcaae8,e933a1821f58881d29da33871afc3fb5673d493bd2cf17792d212ae7d82783a3,512,512,501,0,0,262144,1.0,191.1163330078125,501,54,95,14.317821063276353,112.0
R5/47_whorl,R5,whorl,Pore ground truth/Fingerprint Images/R5/47_whorl.jpg,Pore ground truth/Ground truth/R5/47_whorl.tsv,5e9b9104b1cb7d9bbafa7d7fa71edfd8633e0fa6d44f653f1c67a30ea0e8da3f,0284e0a0bbd59a124cb57d0881d129f0dba719eeffd24bb68920e855ef876d64,512,512,387,0,1,261911,0.9991111755371094,147.76011698630452,387,54,74,15.231546211727817,116.0
R5/48_right_loop,R5,right_loop,Pore ground truth/Fingerprint Images/R5/48_right_loop.jpg,Pore ground truth/Ground truth/R5/48_right_loop.tsv,ed0311aac21db5ef2c1e259db687341c5220161f32ffdc19bf071e7e347ffd65,b23179dd70c9d4d75c8cfc19620ff3d8f770c8bcc115427794a1eb5345543f3c,512,512,377,0,0,261653,0.9981269836425781,144.08395852522233,376,46,74,14.142135623730951,130.0
R5/48_whorl,R5,whorl,Pore ground truth/Fingerprint Images/R5/48_whorl.jpg,Pore ground truth/Ground truth/R5/48_whorl.tsv,678a72a26689b4874feafaeaded18c3f0ebd0815f8f1c702a7fd417a8fc181f1,c732d4e5a1934ebe8462e1918f2e9514acaab5dd8ad14cc1d8acd7eb169e3ad6,512,512,399,0,0,256369,0.9779701232910156,155.63504167820602,393,59,79,15.811388300841896,128.0
R5/49_right_loop,R5,right_loop,Pore ground truth/Fingerprint Images/R5/49_right_loop.jpg,Pore ground truth/Ground truth/R5/49_right_loop.tsv,929be64f0e66a24547f3147cca06ccaf8c7f6e2c85169da65332fa3d12711c88,945e26d562ff46ca5a021fd1251591d9fe8620d799ff9f312902aa201f3fa8b4,512,512,345,0,1,262144,1.0,131.6070556640625,345,42,67,15.524174696260024,114.0
R5/49_whorl,R5,whorl,Pore ground truth/Fingerprint Images/R5/49_whorl.jpg,Pore ground truth/Ground truth/R5/49_whorl.tsv,56979a89c1454650ebe789404591aeff5b178786c4bd483ce1197e322f96a7b1,8c4095da02e3bbdea2b50bc26dbd99c0daa52d15faf0a67e848cd7532b40bede,512,512,421,0,0,261938,0.9992141723632812,160.7250570745749,421,60,82,15.231546211727817,112.0
R5/4_left_loop,R5,left_loop,Pore ground truth/Fingerprint Images/R5/4_left_loop.jpg,Pore ground truth/Ground truth/R5/4_left_loop.tsv,7170d7fe88d1cde1701350eec5af0106af72a5062df9c18d298594b5be909d5e,a18b8e219ff4e7c4b247af38a0693b0bbfe439a1f93138bb63c92f57e058ee0e,512,512,477,0,0,261999,0.9994468688964844,182.06176359451752,477,60,81,17.029386365926403,104.0
R5/4_plain_arch,R5,plain_arch,Pore ground truth/Fingerprint Images/R5/4_plain_arch.jpg,Pore ground truth/Ground truth/R5/4_plain_arch.tsv,2cf22fc83711533a9bb2127630f17e7bff94e5f18bebb6cfc4d64a0af1665c59,28dd2bbc9093b940f9ffd55305ad3f0b3c0ce733251da42fb64775313272964b,512,512,445,0,0,262144,1.0,169.7540283203125,445,49,79,15.524174696260024,127.0
R5/4_right_loop,R5,right_loop,Pore ground truth/Fingerprint Images/R5/4_right_loop.jpg,Pore ground truth/Ground truth/R5/4_right_loop.tsv,4cd0017e960ea6fa0e9392664497b7b3a37207a61ff3096f17208c6faa0b4772,e719b04bfc4fd2ab272533a0f0a92b37b8767648c61c30f76f3dba7307ca13ad,512,512,354,0,0,262144,1.0,135.040283203125,354,42,68,15.524174696260024,118.0
R5/4_whorl,R5,whorl,Pore ground truth/Fingerprint Images/R5/4_whorl.jpg,Pore ground truth/Ground truth/R5/4_whorl.tsv,92ad72f30b69c52506000dfe4eb87d4d09b0bd6155930102c0a6e53ea3ace55e,a3e4e1146c8fca2283a42806e4a37122ed97f1a64bd97121eefcf3640c1095a1,512,512,427,0,0,261890,0.9990310668945312,163.0455534766505,427,63,93,15.811388300841896,134.0
R5/50_right_loop,R5,right_loop,Pore ground truth/Fingerprint Images/R5/50_right_loop.jpg,Pore ground truth/Ground truth/R5/50_right_loop.tsv,2cfacdad749bfcc569d5157b56e41b0826bc2102ad1fed00dce490de9765bbca,2a191b3d66da9f0526b3da2a67c698610753e492179d91eab0bc2ca11237ced5,512,512,515,0,0,262144,1.0,196.4569091796875,515,62,98,15.524174696260024,110.0
R5/50_whorl,R5,whorl,Pore ground truth/Fingerprint Images/R5/50_whorl.jpg,Pore ground truth/Ground truth/R5/50_whorl.tsv,97f4bca6c62c0caf3dd2d4c2900e95bfa26fd3ea0c203e94ee844dd0b25f03b6,a3f615f1e156f04b0b5874ab84de3d41d5e9ffaceed93eb82ac443ce0a1f6525,512,512,330,0,0,261903,0.9990806579589844,126.00084764206596,330,42,64,14.866068747318506,119.0
R5/51_right_loop,R5,right_loop,Pore ground truth/Fingerprint Images/R5/51_right_loop.jpg,Pore ground truth/Ground truth/R5/51_right_loop.tsv,f97ec682b3ef1304ada7975d9568095251974113db6362c2ad4a60ade733dcd7,735627cc3c7352eb8ecb8a339972a6a3bd5b380d627ad1e963c601ba5c149c0f,512,512,497,0,0,261938,0.9992141723632812,189.73955668898748,497,62,84,16.1245154965971,114.0
R5/51_whorl,R5,whorl,Pore ground truth/Fingerprint Images/R5/51_whorl.jpg,Pore ground truth/Ground truth/R5/51_whorl.tsv,55001d10741ae03ec9701999d6513267a8cfb2c86396e17f42d86f318ac6e77a,e4acce27fcd1fa4dbef5c34242b3a8966c972d4f5624feede4ccefb80c87149f,512,512,412,0,1,257119,0.9808311462402344,160.23708866322596,408,51,73,14.317821063276353,130.0
R5/52_right_loop,R5,right_loop,Pore ground truth/Fingerprint Images/R5/52_right_loop.jpg,Pore ground truth/Ground truth/R5/52_right_loop.tsv,6c0d7e168d447f02e7840f14ade2f68426f1a07241912b7268fc3647155a3a40,9c6a2f0a9f66c03358bc768951e90c108430cdcd7e45f237bd1a3635fe2f522b,512,512,429,0,0,261915,0.9991264343261719,163.79359715938375,429,60,89,17.08800749063506,109.0
R5/52_whorl,R5,whorl,Pore ground truth/Fingerprint Images/R5/52_whorl.jpg,Pore ground truth/Ground truth/R5/52_whorl.tsv,7ae5a83a297f62d0984b3554ceedaa9c216b857cf782e77325de78c9fe1724b0,0a2f034c5821538be53c980215f25d59843d5bd6e277109870f4be1761834364,512,512,449,0,0,262144,1.0,171.2799072265625,449,60,73,15.264337522473747,113.0
R5/53_right_loop,R5,right_loop,Pore ground truth/Fingerprint Images/R5/53_right_loop.jpg,Pore ground truth/Ground truth/R5/53_right_loop.tsv,756e1666febe82b7f23ac1d14f6529f204040cd9be89bcecaf381101d59a85a6,5f289ca1810dfc1b6796d1f5ca9b8b2ce2d4a5c96c6ea962abaf060120796e9a,512,512,497,0,0,260833,0.9949989318847656,190.54337449632524,495,72,106,14.317821063276353,121.0
R5/53_whorl,R5,whorl,Pore ground truth/Fingerprint Images/R5/53_whorl.jpg,Pore ground truth/Ground truth/R5/53_whorl.tsv,c41c735af834aa9033570057a8c7e94b0b17465f570eb341c0e7ad292c762c0a,360d9b7173b2f8619a0a8156fb95b42347e2737489f8dfb844b53c49ecbd071c,512,512,479,0,2,261127,0.9961204528808594,183.4356462564193,479,63,92,14.142135623730951,129.0
R5/54_right_loop,R5,right_loop,Pore ground truth/Fingerprint Images/R5/54_right_loop.jpg,Pore ground truth/Ground truth/R5/54_right_loop.tsv,9a1bca1f55e403dcbaea002d5687e30d165fa9a8a83a2a6c4d2c73b4cfa6bcd7,78d8f37d9697ecae35485ab05ddf122db6dbbd69724ec1eacf3dcb46e82eeb58,512,512,417,0,0,262001,0.9994544982910156,159.15969786374862,417,51,72,16.1245154965971,137.0
R5/54_whorl,R5,whorl,Pore ground truth/Fingerprint Images/R5/54_whorl.jpg,Pore ground truth/Ground truth/R5/54_whorl.tsv,a1cd6f143855b4c00938fee6de2b765c0a657576d5aab1a6614249a6df0ff35c,0f702cff38ae6bd66f1bdfad5a8d5f7c349e748dd3425083fa197eae2ae27b35,512,512,497,0,1,259896,0.991424560546875,191.2303382891618,494,58,84,15.264337522473747,138.0
R5/55_right_loop,R5,right_loop,Pore ground truth/Fingerprint Images/R5/55_right_loop.jpg,Pore ground truth/Ground truth/R5/55_right_loop.tsv,64cb161dbf6e16dd6af8fcdd3adf98036d6fd48bb0443e084e0a4f05921b5640,479edd4e58e3830b96c9806146e8c0166e41803b6108426896f13264f5c5d8de,512,512,416,0,0,257133,0.9808845520019531,161.78397949699183,411,58,88,15.524174696260024,119.0
R5/55_whorl,R5,whorl,Pore ground truth/Fingerprint Images/R5/55_whorl.jpg,Pore ground truth/Ground truth/R5/55_whorl.tsv,ed654849e5b619ad8e71687ee74f9dc55b21f965a32a44128ced80724a886556,b4338a87aa40d627a47b0d3767ed22d60aa733c177ea05f80e6ace443ae4d242,512,512,365,0,0,262144,1.0,139.2364501953125,365,44,72,16.1245154965971,118.0
R5/56_right_loop,R5,right_loop,Pore ground truth/Fingerprint Images/R5/56_right_loop.jpg,Pore ground truth/Ground truth/R5/56_right_loop.tsv,189c6ea16e7f3b9294a260d1eb7fdf68c1a1a73d12cfa3973d289af9862d3472,94e3373e9f1e563333ca94ed2c9e18b5fc5583fbec8d471f0c30b14d882c1255,512,512,464,0,1,262144,1.0,177.001953125,464,61,89,15.231546211727817,112.0
R5/56_whorl,R5,whorl,Pore ground truth/Fingerprint Images/R5/56_whorl.jpg,Pore ground truth/Ground truth/R5/56_whorl.tsv,93f858f1d3551fcd5a4be2152022a6a1010ab06ab6bfa8439bd56a13ed635b3b,76f6ca713a720ccc6ce921052464734399ad100da208d09f5f04051b0a2c3a84,512,512,485,0,1,262144,1.0,185.0128173828125,485,63,88,15.556349186104045,108.0
R5/57_right_loop,R5,right_loop,Pore ground truth/Fingerprint Images/R5/57_right_loop.jpg,Pore ground truth/Ground truth/R5/57_right_loop.tsv,5d93cefda663dcc75ef268b1005096879ff9e4b41c3203ff55f60626a30155b9,4a836a855c6636de47ea91e6c793175ba60ed2db3073fcc057dda2427bd1430b,512,512,476,0,0,261800,0.998687744140625,181.8181818181818,476,52,85,15.297058540778355,110.0
R5/57_whorl,R5,whorl,Pore ground truth/Fingerprint Images/R5/57_whorl.jpg,Pore ground truth/Ground truth/R5/57_whorl.tsv,05021482e36bfdc6229b25682ac71e9659f8d5b9154bbd1940d213c7df8a1930,17cca23376c258d3648b2f0a9b81f8e999e27be16da641cda3f332178aa81448,512,512,434,0,0,261344,0.9969482421875,166.06465042243175,434,44,81,15.132745950421556,118.0
R5/58_right_loop,R5,right_loop,Pore ground truth/Fingerprint Images/R5/58_right_loop.jpg,Pore ground truth/Ground truth/R5/58_right_loop.tsv,e450d2aa073add1c559468f8273092810f63839a387429280e86c9cea2c2435a,4c6a97c58500cb2c0c1de9443dd658c6787cfbd42963692343bda713bf69ca47,512,512,502,0,1,262144,1.0,191.497802734375,502,55,87,15.620499351813308,110.0
R5/58_whorl,R5,whorl,Pore ground truth/Fingerprint Images/R5/58_whorl.jpg,Pore ground truth/Ground truth/R5/58_whorl.tsv,1f30e9e25e0b86bcfaaa346c0239ad28f534102788203c80ab30fe814f967e79,802bd72d3cc38b616b7b07c3ac22f75e4cc20072a998534ef5aec9bb60e9a792,512,512,409,0,0,261422,0.9972457885742188,156.4520201054234,409,51,79,15.620499351813308,139.0
R5/59_right_loop,R5,right_loop,Pore ground truth/Fingerprint Images/R5/59_right_loop.jpg,Pore ground truth/Ground truth/R5/59_right_loop.tsv,b47cfec58cdd2d52ef03c1e48879c3175ee4090a6b70acf9b7850858fb1c6bc7,d52483593da81debbfd21886b503ed0c94f16fdfb0fe3e51d5280b8e2f82cdec,512,512,429,0,0,261841,0.9988441467285156,163.83988756535453,429,50,81,16.1245154965971,121.0
R5/59_whorl,R5,whorl,Pore ground truth/Fingerprint Images/R5/59_whorl.jpg,Pore ground truth/Ground truth/R5/59_whorl.tsv,cd4ea8101acf742f5c5f660c5faa1acbc5a6d5a7045c0a501ab1158adb5f64df,c5721982287cee15ab8a15af714802863aa17a4622c78ab78656b9bc665d799a,512,512,450,0,0,261196,0.9963836669921875,172.28441476898573,450,55,79,16.64331697709324,112.0
R5/5_left_loop,R5,left_loop,Pore ground truth/Fingerprint Images/R5/5_left_loop.jpg,Pore ground truth/Ground truth/R5/5_left_loop.tsv,c73fdb0aa91bd7843f5ce789e1b261520b1dc88a5d8e27ce47c8fe306ee61115,05fecc547a035fb521be64516b7978950f2cf3bd8010c091f40d690cbf367f2d,512,512,369,0,0,261704,0.998321533203125,140.99899122672943,369,47,72,17.4928556845359,126.0
R5/5_plain_arch,R5,plain_arch,Pore ground truth/Fingerprint Images/R5/5_plain_arch.jpg,Pore ground truth/Ground truth/R5/5_plain_arch.tsv,b572dc1c1bc50ba10b192e707d903d937c426838f0595497fc7781bb5c70f110,eebbab7e8d15483b77616b0653376ca211cc8193ec5bf000eb233db6baa1a77f,512,512,384,0,0,260844,0.9950408935546875,147.21442701384734,384,34,67,14.933034373659254,125.0
R5/5_right_loop,R5,right_loop,Pore ground truth/Fingerprint Images/R5/5_right_loop.jpg,Pore ground truth/Ground truth/R5/5_right_loop.tsv,8b81936cbe17c05b1b0dd061dad401306dc24b679feba3160166fc684a4b969c,dfd3e53af0c2181e3d0ce7e3e5328311c98a9ee1e7d5aeb64b12f1fbc6d8b67f,512,512,383,0,0,262144,1.0,146.1029052734375,383,46,78,16.1245154965971,113.0
R5/5_whorl,R5,whorl,Pore ground truth/Fingerprint Images/R5/5_whorl.jpg,Pore ground truth/Ground truth/R5/5_whorl.tsv,82cf6817ca143103f77c1bfba99d5565cd89a56b3c2038a137cddd7257011886,de456b28d8c608401a72fe729e5a881dc4512e37cd0b7aa0f0bbd4db12da43f4,512,512,355,0,0,259978,0.9917373657226562,136.5500157705652,355,46,65,14.866068747318506,135.0
R5/60_right_loop,R5,right_loop,Pore ground truth/Fingerprint Images/R5/60_right_loop.jpg,Pore ground truth/Ground truth/R5/60_right_loop.tsv,13a68d1bd1cc961b12cc60dad62bc00697b4c5775fb7efcbed5ddbd7ff552bb3,4812444b3302bf419ed45d5efa87da434fd942e0ae0a057642e95291eecfb8cb,512,512,334,0,0,257803,0.9834403991699219,129.55628910447126,331,44,74,15.442418437143527,127.0
R5/60_whorl,R5,whorl,Pore ground truth/Fingerprint Images/R5/60_whorl.jpg,Pore ground truth/Ground truth/R5/60_whorl.tsv,516d015626a8835bf08f0d340fa7f6f660bfed20ba6e6d75dbccbb5b45814f06,aefefff42d3ae89e0bc90659cf3e1059fdca042635a093009c9c7a10bbe62e5d,512,512,489,0,0,262144,1.0,186.5386962890625,489,63,98,15.0,116.0
R5/61_right_loop,R5,right_loop,Pore ground truth/Fingerprint Images/R5/61_right_loop.jpg,Pore ground truth/Ground truth/R5/61_right_loop.tsv,21adf33fa09dbaaec036e7abe4354428699c301cdc959a1a4ff9e40cdfae9194,c921fc01b23b53b63ad9e7b5890ba301a7d3f113031430762de4b746f1e132ab,512,512,463,0,1,261521,0.9976234436035156,177.04123187048077,463,58,96,16.401219466856727,122.0
R5/62_right_loop,R5,right_loop,Pore ground truth/Fingerprint Images/R5/62_right_loop.jpg,Pore ground truth/Ground truth/R5/62_right_loop.tsv,eb31cefb66c94c03694260bd5a873ef934e2a3149f47fb8230afa04c5c867fcd,e97029fceee59e5b71e952a43326d4659456fb69d25ed054859303891368d145,512,512,438,0,0,262144,1.0,167.083740234375,438,61,86,14.866068747318506,112.0
R5/63_right_loop,R5,right_loop,Pore ground truth/Fingerprint Images/R5/63_right_loop.jpg,Pore ground truth/Ground truth/R5/63_right_loop.tsv,a8a4b22b2eb52f934e31a168ff9fa8d08959d5e943502c682c676492fadb3877,3aee72e0f6566bb971f99705fe8172036021a6d959acc83f270bfd8399ec80ab,512,512,347,0,0,259032,0.988128662109375,133.96028289941012,343,47,75,14.866068747318506,141.0
R5/64_right_loop,R5,right_loop,Pore ground truth/Fingerprint Images/R5/64_right_loop.jpg,Pore ground truth/Ground truth/R5/64_right_loop.tsv,95b5e3cd2924e648884936398fd2950ac6481f2e7df0e6cd445cc524315d78ae,f7c3ff793216658ea6cd10c848123054182cdfffbcbb70e82ea239eaddb223a8,512,512,323,0,0,260936,0.995391845703125,123.78514271698808,323,39,65,15.652475842498529,124.0
R5/65_right_loop,R5,right_loop,Pore ground truth/Fingerprint Images/R5/65_right_loop.jpg,Pore ground truth/Ground truth/R5/65_right_loop.tsv,bccf6c58c69d5c2760ed89c41bc105fda42daa1a5a38a9d05f2465b55f5e1a9a,e940df83368690cee1a1e03c3e2b2f4917964c8702c51690335caabe116f3707,512,512,499,0,0,261910,0.9991073608398438,190.52346225802756,499,64,94,15.652475842498529,109.0
R5/66_right_loop,R5,right_loop,Pore ground truth/Fingerprint Images/R5/66_right_loop.jpg,Pore ground truth/Ground truth/R5/66_right_loop.tsv,9964dc3e857ba078da52d146c2396fb0fadf45d2f16ce33cf06c2aba508ce922,6436183b580fffabe9d47aa3c78c065e27ab0b0bf56de38450900ad5e75d5d1f,512,512,403,0,0,262144,1.0,153.7322998046875,403,49,77,15.556349186104045,115.0
R5/67_right_loop,R5,right_loop,Pore ground truth/Fingerprint Images/R5/67_right_loop.jpg,Pore ground truth/Ground truth/R5/67_right_loop.tsv,c92e697cba86be01434ff88413a70bbd493e3657ed21b89ad1ffae9153b58896,cc278e666dde0dbbb4266e103c72b534647cb9abbf94c19728be747e236a3ba0,512,512,437,0,0,257625,0.9827613830566406,169.62639495390587,431,55,94,16.401219466856727,122.0
R5/68_right_loop,R5,right_loop,Pore ground truth/Fingerprint Images/R5/68_right_loop.jpg,Pore ground truth/Ground truth/R5/68_right_loop.tsv,3adc5b4a4f912f0c5111f292b5dd8280609b65b63a5a6a0ab6e915d14c5d3f96,ec584728e9f12cc4b67b7067f715ce19cbb1bd77b159d4a18946df0a8fdbab84,512,512,403,0,0,259707,0.9907035827636719,155.1748701421217,400,52,76,15.524174696260024,123.0
R5/69_right_loop,R5,right_loop,Pore ground truth/Fingerprint Images/R5/69_right_loop.jpg,Pore ground truth/Ground truth/R5/69_right_loop.tsv,03701cc89b3776975c4231fe761d83efc52f6b1382692aca863623cec69bc108,0f36482df187d2d07b4e451e92a7070bbd7e870d61d33e9fb5545700832c3c7f,512,512,419,0,0,262144,1.0,159.8358154296875,419,53,76,14.866068747318506,114.0
R5/6_plain_arch,R5,plain_arch,Pore ground truth/Fingerprint Images/R5/6_plain_arch.jpg,Pore ground truth/Ground truth/R5/6_plain_arch.tsv,7826e5ca93a21b0bf57960ca8914444aa5cd400e7f3850287236cd24fbb23920,b5a01805af5105f6689f6fbac5a82c67ac8bd09af848d8c81c2a63a216b87d7a,512,512,408,0,1,261786,0.9986343383789062,155.85249020192063,408,52,77,15.811388300841896,126.0
R5/6_right_loop,R5,right_loop,Pore ground truth/Fingerprint Images/R5/6_right_loop.jpg,Pore ground truth/Ground truth/R5/6_right_loop.tsv,81b989c944579d714c5daf0fab3417d18200222a64b94301c8c9622c806c9f22,917ae72d91bebccc0f9b860e59cbcbfa97d28f1b820a12fade865a4b3a3d7e0e,512,512,488,0,0,262144,1.0,186.1572265625,488,59,94,16.401219466856727,112.0
R5/6_whorl,R5,whorl,Pore ground truth/Fingerprint Images/R5/6_whorl.jpg,Pore ground truth/Ground truth/R5/6_whorl.tsv,d556aaf355fdea7f1dfbe31834db334964a10a7e68f2fb7a7a9adb27dcef4854,b186f1c7e30a1f7fde44bc628e24d5ce23fdc096eb865c48e7db194266bbbe4c,512,512,471,0,0,262144,1.0,179.6722412109375,471,61,93,14.866068747318506,112.0
R5/70_right_loop,R5,right_loop,Pore ground truth/Fingerprint Images/R5/70_right_loop.jpg,Pore ground truth/Ground truth/R5/70_right_loop.tsv,0271d810c5a64b567e367acca27195a9f5a774168cf128df7cb6d707acc1811a,c877b058db45160453539423dfb69ad36c633956c7127c395f439eeadf3fa4da,512,512,375,0,1,258214,0.9850082397460938,145.22837646293385,369,44,70,14.866068747318506,115.0
R5/71_right_loop,R5,right_loop,Pore ground truth/Fingerprint Images/R5/71_right_loop.jpg,Pore ground truth/Ground truth/R5/71_right_loop.tsv,f5bb4a2fc3f5f626aabcb825b7f2d2c7f798a21cb298726f9f3e244c61c960ff,3433c21adbfc6214ff774595c3df394bf9191d904443ffac84e58a649901cc91,512,512,424,0,2,260974,0.9955368041992188,162.46829186049186,423,38,65,14.088902235674574,114.0
R5/72_right_loop,R5,right_loop,Pore ground truth/Fingerprint Images/R5/72_right_loop.jpg,Pore ground truth/Ground truth/R5/72_right_loop.tsv,b3ab5bbb5f2c93c4e93ce5f8994af0501e10b95f7bc765659d47846d4aef0b0b,e7141023629a48b2b84dbd86b6d1f717df7935c40fa026892ab61d46448895b6,512,512,433,0,0,261559,0.9977684020996094,165.5458233132869,431,51,82,15.0,114.0
R5/73_right_loop,R5,right_loop,Pore ground truth/Fingerprint Images/R5/73_right_loop.jpg,Pore ground truth/Ground truth/R5/73_right_loop.tsv,4302bff1c7337b38c563bd8aa9fb0b3e3c6257fab01c4afebaac7f94683a096f,e76b67beb1f75b5ea702f254c9b52e1db9c52e0c712cc4ec42ec123ba6e02bd3,512,512,477,0,0,262144,1.0,181.9610595703125,477,72,97,15.620499351813308,112.0
R5/74_right_loop,R5,right_loop,Pore ground truth/Fingerprint Images/R5/74_right_loop.jpg,Pore ground truth/Ground truth/R5/74_right_loop.tsv,6205cef456f984562e76ab0b5cdea3d00ff4393cf539b48a9b106e2ee716812f,53d9b60eb4addd39308fd3171a5e4de1240466591910f435691415eac5037259,512,512,397,0,0,262144,1.0,151.4434814453125,397,47,74,15.132745950421556,114.0
R5/7_right_loop,R5,right_loop,Pore ground truth/Fingerprint Images/R5/7_right_loop.jpg,Pore ground truth/Ground truth/R5/7_right_loop.tsv,7e5e092b0afb151f975213d5a87e4aad8db10c7955a1ed1719671e460bb73365,ac4fe4c180f91e8740272e86639738c662a45a535a50a204d184a8492720d93f,512,512,456,0,0,261806,0.9987106323242188,174.1747706316891,456,60,89,15.540261941182035,112.0
R5/7_whorl,R5,whorl,Pore ground truth/Fingerprint Images/R5/7_whorl.jpg,Pore ground truth/Ground truth/R5/7_whorl.tsv,0202f92b7f4ac4722db0d31c81f4fe5983e643d1f01d8ef10224db0481ebb197,180009af07301f55b39c14f8342525e65036098deecb5c48e79dae259c72d71c,512,512,363,0,0,259613,0.9903450012207031,139.82350652702291,359,50,68,16.1245154965971,126.0
R5/8_right_loop,R5,right_loop,Pore ground truth/Fingerprint Images/R5/8_right_loop.jpg,Pore ground truth/Ground truth/R5/8_right_loop.tsv,68ddea3399e3bf281450000ed55c75e8af6e23eaf1de8f25a71c4b09ec23bb72,c124beb6f71395394d9b0e70ffc2931ce7a5d0ff185195608d0c4bd416c15c78,512,512,370,0,0,261874,0.9989700317382812,141.289322345861,370,47,73,15.083021164397232,127.0
R5/8_whorl,R5,whorl,Pore ground truth/Fingerprint Images/R5/8_whorl.jpg,Pore ground truth/Ground truth/R5/8_whorl.tsv,8f8ac1264134d9d32564c81e2495c733e5de00818718f2183edc67e196834d6b,45ffe72782bc733ad709b76e1e4dcf97c95b3d9a5f05d610133fdb5971ea83a6,512,512,455,0,0,261756,0.9985198974609375,173.82600589862315,455,63,88,15.620499351813308,123.0
R5/9_right_loop,R5,right_loop,Pore ground truth/Fingerprint Images/R5/9_right_loop.jpg,Pore ground truth/Ground truth/R5/9_right_loop.tsv,eebaa52d66f6c652bc8ee8a1a2129742c19aeccf635936431e79e997bf92e8cc,bd46614f7c4f2b5e97b11bfe8f0c0c904315c0c6a71530be09349639f2831119,512,512,448,0,0,262144,1.0,170.8984375,448,59,89,14.866068747318506,111.0
R5/9_whorl,R5,whorl,Pore ground truth/Fingerprint Images/R5/9_whorl.jpg,Pore ground truth/Ground truth/R5/9_whorl.tsv,60d6b28550c879ef054fb4c98174372bcccc9fbed94fb74304b4808da6d1d0c3,39308e85d21eb43e8d3d40b652fe8508d9aca32f41b279e3aed7761acbaad193,512,512,478,0,0,251876,0.9608306884765625,189.77592148517525,462,57,82,16.1245154965971,132.0
